SITEID,AGENCY,SAMPLING,STATUS,ABBREV,GNSS,AVAIL,Site Info,Data Availability,SiteLog,START_DATE,x,y
1LSU,Louisiana State University,30,Operational,LASU,GPS+GAL+GLO,Hourly,https://geodesy.noaa.gov/CORS/ncn_station_pages/index.html?stationID=1LSU,https://geodesy.noaa.gov/DataAvailability/DAP.jsp?SiteID=1LSU&NOD=20,https://geodesy.noaa.gov/cgi-cors/CorsSidebarSelect.prl?site=1LSU&option=Logfile,4/23/2003,-91.18,30.4072222222
1NSU,Louisiana State University,15,Operational,LASU,GPS+GAL+GLO,Hourly,https://geodesy.noaa.gov/CORS/ncn_station_pages/index.html?stationID=1NSU,https://geodesy.noaa.gov/DataAvailability/DAP.jsp?SiteID=1NSU&NOD=20,https://geodesy.noaa.gov/cgi-cors/CorsSidebarSelect.prl?site=1NSU&option=Logfile,4/12/2004,-93.0975,31.7505555556
1ULM,Louisiana State University,15,Operational,LASU,GPS+GAL+GLO,Hourly,https://geodesy.noaa.gov/CORS/ncn_station_pages/index.html?stationID=1ULM,https://geodesy.noaa.gov/DataAvailability/DAP.jsp?SiteID=1ULM&NOD=20,https://geodesy.noaa.gov/cgi-cors/CorsSidebarSelect.prl?site=1ULM&option=Logfile,7/15/2003,-92.0758333333,32.5288888889
AB02,UNAVCO-PBO,15,Operational,UNAVPB,GPS,Daily,https://geodesy.noaa.gov/CORS/ncn_station_pages/index.html?stationID=AB02,https://geodesy.noaa.gov/DataAvailability/DAP.jsp?SiteID=AB02&NOD=20,https://geodesy.noaa.gov/cgi-cors/CorsSidebarSelect.prl?site=AB02&option=Logfile,4/5/2011,-168.8544444444,52.9705555556
AB04,UNAVCO-PBO,15,Operational,UNAVPB,GPS+GAL+GLO,Daily,https://geodesy.noaa.gov/CORS/ncn_station_pages/index.html?stationID=AB04,https://geodesy.noaa.gov/DataAvailability/DAP.jsp?SiteID=AB04&NOD=20,https://geodesy.noaa.gov/cgi-cors/CorsSidebarSelect.prl?site=AB04&option=Logfile,3/17/2010,-170.5672222222,63.6566666667
AB06,UNAVCO-PBO,15,Operational,UNAVPB,GPS+GAL+GLO,Daily,https://geodesy.noaa.gov/CORS/ncn_station_pages/index.html?stationID=AB06,https://geodesy.noaa.gov/DataAvailability/DAP.jsp?SiteID=AB06&NOD=20,https://geodesy.noaa.gov/cgi-cors/CorsSidebarSelect.prl?site=AB06&option=Logfile,1/1/2011,-163.4233333333,54.8852777778
AB07,UNAVCO-PBO,15,Operational,UNAVPB,GPS+GAL+GLO,Daily,https://geodesy.noaa.gov/CORS/ncn_station_pages/index.html?stationID=AB07,https://geodesy.noaa.gov/DataAvailability/DAP.jsp?SiteID=AB07&NOD=20,https://geodesy.noaa.gov/cgi-cors/CorsSidebarSelect.prl?site=AB07&option=Logfile,5/8/2010,-160.4766666667,55.3491666667
AB08,UNAVCO-PBO,15,Operational,UNAVPB,GPS,Daily,https://geodesy.noaa.gov/CORS/ncn_station_pages/index.html?stationID=AB08,https://geodesy.noaa.gov/DataAvailability/DAP.jsp?SiteID=AB08&NOD=20,https://geodesy.noaa.gov/cgi-cors/CorsSidebarSelect.prl?site=AB08&option=Logfile,1/1/2010,-166.2008333333,60.3847222222
AB09,UNAVCO-PBO,15,Operational,UNAVPB,GPS,Daily,https://geodesy.noaa.gov/CORS/ncn_station_pages/index.html?stationID=AB09,https://geodesy.noaa.gov/DataAvailability/DAP.jsp?SiteID=AB09&NOD=20,https://geodesy.noaa.gov/cgi-cors/CorsSidebarSelect.prl?site=AB09&option=Logfile,10/20/2012,-168.0619444444,65.6147222222
AB11,UNAVCO-PBO,15,Operational,UNAVPB,GPS+GAL+GLO,Daily,https://geodesy.noaa.gov/CORS/ncn_station_pages/index.html?stationID=AB11,https://geodesy.noaa.gov/DataAvailability/DAP.jsp?SiteID=AB11&NOD=20,https://geodesy.noaa.gov/cgi-cors/CorsSidebarSelect.prl?site=AB11&option=Logfile,1/1/2010,-165.3733333333,64.5644444444
AB12,UNAVCO-PBO,15,Non-Operational,UNAVPB,GPS,Daily,https://geodesy.noaa.gov/CORS/ncn_station_pages/index.html?stationID=AB12,https://geodesy.noaa.gov/DataAvailability/DAP.jsp?SiteID=AB12&NOD=20,https://geodesy.noaa.gov/cgi-cors/CorsSidebarSelect.prl?site=AB12&option=Logfile,3/17/2010,-161.7461111111,58.9505555556
AB13,UNAVCO-PBO,15,Non-Operational,UNAVPB,GPS,Daily,https://geodesy.noaa.gov/CORS/ncn_station_pages/index.html?stationID=AB13,https://geodesy.noaa.gov/DataAvailability/DAP.jsp?SiteID=AB13&NOD=20,https://geodesy.noaa.gov/cgi-cors/CorsSidebarSelect.prl?site=AB13&option=Logfile,10/20/2012,-158.5036111111,56.3072222222
AB14,UNAVCO-PBO,15,Operational,UNAVPB,GPS,Daily,https://geodesy.noaa.gov/CORS/ncn_station_pages/index.html?stationID=AB14,https://geodesy.noaa.gov/DataAvailability/DAP.jsp?SiteID=AB14&NOD=20,https://geodesy.noaa.gov/cgi-cors/CorsSidebarSelect.prl?site=AB14&option=Logfile,1/1/2010,-159.0913888889,59.1080555556
AB15,UNAVCO-PBO,15,Operational,UNAVPB,GPS,Daily,https://geodesy.noaa.gov/CORS/ncn_station_pages/index.html?stationID=AB15,https://geodesy.noaa.gov/DataAvailability/DAP.jsp?SiteID=AB15&NOD=20,https://geodesy.noaa.gov/cgi-cors/CorsSidebarSelect.prl?site=AB15&option=Logfile,8/28/2006,-159.8783333333,61.0397222222
AB17,UNAVCO-PBO,15,Operational,UNAVPB,GPS,Daily,https://geodesy.noaa.gov/CORS/ncn_station_pages/index.html?stationID=AB17,https://geodesy.noaa.gov/DataAvailability/DAP.jsp?SiteID=AB17&NOD=20,https://geodesy.noaa.gov/cgi-cors/CorsSidebarSelect.prl?site=AB17&option=Logfile,1/1/2010,-160.6947222222,63.8861111111
AB18,UNAVCO-PBO,15,Operational,UNAVPB,GPS+GAL+GLO,Daily,https://geodesy.noaa.gov/CORS/ncn_station_pages/index.html?stationID=AB18,https://geodesy.noaa.gov/DataAvailability/DAP.jsp?SiteID=AB18&NOD=20,https://geodesy.noaa.gov/cgi-cors/CorsSidebarSelect.prl?site=AB18&option=Logfile,2/22/2010,-162.6133333333,66.8583333333
AB21,UNAVCO-PBO,15,Operational,UNAVPB,GPS+GAL+GLO,Daily,https://geodesy.noaa.gov/CORS/ncn_station_pages/index.html?stationID=AB21,https://geodesy.noaa.gov/DataAvailability/DAP.jsp?SiteID=AB21&NOD=20,https://geodesy.noaa.gov/cgi-cors/CorsSidebarSelect.prl?site=AB21&option=Logfile,8/1/2012,-176.6625,51.8638888889
AB22,UNAVCO-PBO,15,Operational,UNAVPB,GPS,Daily,https://geodesy.noaa.gov/CORS/ncn_station_pages/index.html?stationID=AB22,https://geodesy.noaa.gov/DataAvailability/DAP.jsp?SiteID=AB22&NOD=20,https://geodesy.noaa.gov/cgi-cors/CorsSidebarSelect.prl?site=AB22&option=Logfile,2/4/2010,-154.6980555556,59.8991666667
AB25,UNAVCO-PBO,15,Operational,UNAVPB,GPS,Daily,https://geodesy.noaa.gov/CORS/ncn_station_pages/index.html?stationID=AB25,https://geodesy.noaa.gov/DataAvailability/DAP.jsp?SiteID=AB25&NOD=20,https://geodesy.noaa.gov/cgi-cors/CorsSidebarSelect.prl?site=AB25&option=Logfile,1/1/2010,-156.0233333333,62.9291666667
AB27,UNAVCO-PBO,15,Non-Operational,UNAVPB,GPS,Daily,https://geodesy.noaa.gov/CORS/ncn_station_pages/index.html?stationID=AB27,https://geodesy.noaa.gov/DataAvailability/DAP.jsp?SiteID=AB27&NOD=20,https://geodesy.noaa.gov/cgi-cors/CorsSidebarSelect.prl?site=AB27&option=Logfile,1/1/2010,-156.9047222222,67.0558333333
AB28,UNAVCO-PBO,15,Operational,UNAVPB,GPS,Daily,https://geodesy.noaa.gov/CORS/ncn_station_pages/index.html?stationID=AB28,https://geodesy.noaa.gov/DataAvailability/DAP.jsp?SiteID=AB28&NOD=20,https://geodesy.noaa.gov/cgi-cors/CorsSidebarSelect.prl?site=AB28&option=Logfile,4/5/2011,-152.8147222222,62.0936111111
AB33,UNAVCO-PBO,15,Operational,UNAVPB,GPS,Daily,https://geodesy.noaa.gov/CORS/ncn_station_pages/index.html?stationID=AB33,https://geodesy.noaa.gov/DataAvailability/DAP.jsp?SiteID=AB33&NOD=20,https://geodesy.noaa.gov/cgi-cors/CorsSidebarSelect.prl?site=AB33&option=Logfile,3/17/2010,-150.1725,67.2508333333
AB35,UNAVCO-PBO,15,Non-Operational,UNAVPB,GPS,Daily,https://geodesy.noaa.gov/CORS/ncn_station_pages/index.html?stationID=AB35,https://geodesy.noaa.gov/DataAvailability/DAP.jsp?SiteID=AB35&NOD=20,https://geodesy.noaa.gov/cgi-cors/CorsSidebarSelect.prl?site=AB35&option=Logfile,5/21/2010,-142.3897222222,60.0788888889
AB36,UNAVCO-PBO,15,Operational,UNAVPB,GPS+GAL+GLO,Daily,https://geodesy.noaa.gov/CORS/ncn_station_pages/index.html?stationID=AB36,https://geodesy.noaa.gov/DataAvailability/DAP.jsp?SiteID=AB36&NOD=20,https://geodesy.noaa.gov/cgi-cors/CorsSidebarSelect.prl?site=AB36&option=Logfile,10/20/2012,-150.7438888889,65.0302777778
AB37,UNAVCO-PBO,15,Operational,UNAVPB,GPS+GAL+GLO,Daily,https://geodesy.noaa.gov/CORS/ncn_station_pages/index.html?stationID=AB37,https://geodesy.noaa.gov/DataAvailability/DAP.jsp?SiteID=AB37&NOD=20,https://geodesy.noaa.gov/cgi-cors/CorsSidebarSelect.prl?site=AB37&option=Logfile,5/8/2010,-145.4516666667,62.9672222222
AB39,UNAVCO-PBO,15,Non-Operational,UNAVPB,GPS,Daily,https://geodesy.noaa.gov/CORS/ncn_station_pages/index.html?stationID=AB39,https://geodesy.noaa.gov/DataAvailability/DAP.jsp?SiteID=AB39&NOD=20,https://geodesy.noaa.gov/cgi-cors/CorsSidebarSelect.prl?site=AB39&option=Logfile,1/1/2010,-145.2125,66.5591666667
AB41,UNAVCO-PBO,15,Operational,UNAVPB,GPS,Daily,https://geodesy.noaa.gov/CORS/ncn_station_pages/index.html?stationID=AB41,https://geodesy.noaa.gov/DataAvailability/DAP.jsp?SiteID=AB41&NOD=20,https://geodesy.noaa.gov/cgi-cors/CorsSidebarSelect.prl?site=AB41&option=Logfile,1/1/2010,-141.1580555556,64.7772222222
AB42,UNAVCO-PBO,15,Non-Operational,UNAVPB,GPS,Daily,https://geodesy.noaa.gov/CORS/ncn_station_pages/index.html?stationID=AB42,https://geodesy.noaa.gov/DataAvailability/DAP.jsp?SiteID=AB42&NOD=20,https://geodesy.noaa.gov/cgi-cors/CorsSidebarSelect.prl?site=AB42&option=Logfile,1/1/2011,-138.8986111111,59.3402777778
AB43,UNAVCO-PBO,15,Operational,UNAVPB,GPS+GAL+GLO,Daily,https://geodesy.noaa.gov/CORS/ncn_station_pages/index.html?stationID=AB43,https://geodesy.noaa.gov/DataAvailability/DAP.jsp?SiteID=AB43&NOD=20,https://geodesy.noaa.gov/cgi-cors/CorsSidebarSelect.prl?site=AB43&option=Logfile,1/1/2011,-136.6405555556,58.1986111111
AB44,UNAVCO-PBO,1,Operational,UNAVPB,GPS,Daily,https://geodesy.noaa.gov/CORS/ncn_station_pages/index.html?stationID=AB44,https://geodesy.noaa.gov/DataAvailability/DAP.jsp?SiteID=AB44&NOD=20,https://geodesy.noaa.gov/cgi-cors/CorsSidebarSelect.prl?site=AB44&option=Logfile,4/5/2011,-135.2280555556,59.5277777778
AB45,UNAVCO-PBO,15,Operational,UNAVPB,GPS+GAL+GLO,Daily,https://geodesy.noaa.gov/CORS/ncn_station_pages/index.html?stationID=AB45,https://geodesy.noaa.gov/DataAvailability/DAP.jsp?SiteID=AB45&NOD=20,https://geodesy.noaa.gov/cgi-cors/CorsSidebarSelect.prl?site=AB45&option=Logfile,5/21/2010,-148.8711111111,68.7602777778
AB46,UNAVCO-PBO,15,Operational,UNAVPB,GPS,Daily,https://geodesy.noaa.gov/CORS/ncn_station_pages/index.html?stationID=AB46,https://geodesy.noaa.gov/DataAvailability/DAP.jsp?SiteID=AB46&NOD=20,https://geodesy.noaa.gov/cgi-cors/CorsSidebarSelect.prl?site=AB46&option=Logfile,10/20/2012,-145.5677777778,68.1205555556
AB48,UNAVCO-PBO,15,Operational,UNAVPB,GPS+GAL+GLO,Daily,https://geodesy.noaa.gov/CORS/ncn_station_pages/index.html?stationID=AB48,https://geodesy.noaa.gov/DataAvailability/DAP.jsp?SiteID=AB48&NOD=20,https://geodesy.noaa.gov/cgi-cors/CorsSidebarSelect.prl?site=AB48&option=Logfile,2/25/2010,-134.6469444444,56.245
AB49,UNAVCO-PBO,15,Operational,UNAVPB,GPS+GAL+GLO,Daily,https://geodesy.noaa.gov/CORS/ncn_station_pages/index.html?stationID=AB49,https://geodesy.noaa.gov/DataAvailability/DAP.jsp?SiteID=AB49&NOD=20,https://geodesy.noaa.gov/cgi-cors/CorsSidebarSelect.prl?site=AB49&option=Logfile,4/5/2011,-133.0683333333,55.58
AB50,UNAVCO-PBO,15,Operational,UNAVPB,GPS,Daily,https://geodesy.noaa.gov/CORS/ncn_station_pages/index.html?stationID=AB50,https://geodesy.noaa.gov/DataAvailability/DAP.jsp?SiteID=AB50&NOD=20,https://geodesy.noaa.gov/cgi-cors/CorsSidebarSelect.prl?site=AB50&option=Logfile,4/5/2011,-134.5452777778,58.4166666667
AB51,UNAVCO-PBO,15,Operational,UNAVPB,GPS,Daily,https://geodesy.noaa.gov/CORS/ncn_station_pages/index.html?stationID=AB51,https://geodesy.noaa.gov/DataAvailability/DAP.jsp?SiteID=AB51&NOD=20,https://geodesy.noaa.gov/cgi-cors/CorsSidebarSelect.prl?site=AB51&option=Logfile,4/6/2011,-132.9133333333,56.7975
ABMF,Institut Geographique National - France,30,Operational,IGN,GPS+BDS+GAL+GLO+QZSS,Hourly,https://geodesy.noaa.gov/CORS/ncn_station_pages/index.html?stationID=ABMF,https://geodesy.noaa.gov/DataAvailability/DAP.jsp?SiteID=ABMF&NOD=20,https://geodesy.noaa.gov/cgi-cors/CorsSidebarSelect.prl?site=ABMF&option=Logfile,10/6/2012,-61.5275,16.2622222222
ABVI,UNAVCO_NON-PBO,15,Non-Operational,UNAVPS,GPS,Daily,https://geodesy.noaa.gov/CORS/ncn_station_pages/index.html?stationID=ABVI,https://geodesy.noaa.gov/DataAvailability/DAP.jsp?SiteID=ABVI&NOD=20,https://geodesy.noaa.gov/cgi-cors/CorsSidebarSelect.prl?site=ABVI&option=Logfile,2/5/2011,-64.3322222222,18.7294444444
AC07,UNAVCO-PBO,15,Operational,UNAVPB,GPS,Daily,https://geodesy.noaa.gov/CORS/ncn_station_pages/index.html?stationID=AC07,https://geodesy.noaa.gov/DataAvailability/DAP.jsp?SiteID=AC07&NOD=20,https://geodesy.noaa.gov/cgi-cors/CorsSidebarSelect.prl?site=AC07&option=Logfile,2/3/2010,-161.2863888889,65.9611111111
AC08,UNAVCO-PBO,15,Operational,UNAVPB,GPS,Daily,https://geodesy.noaa.gov/CORS/ncn_station_pages/index.html?stationID=AC08,https://geodesy.noaa.gov/DataAvailability/DAP.jsp?SiteID=AC08&NOD=20,https://geodesy.noaa.gov/cgi-cors/CorsSidebarSelect.prl?site=AC08&option=Logfile,4/5/2011,-153.6444444444,58.9286111111
AC09,UNAVCO-PBO,15,Operational,UNAVPB,GPS,Daily,https://geodesy.noaa.gov/CORS/ncn_station_pages/index.html?stationID=AC09,https://geodesy.noaa.gov/DataAvailability/DAP.jsp?SiteID=AC09&NOD=20,https://geodesy.noaa.gov/cgi-cors/CorsSidebarSelect.prl?site=AC09&option=Logfile,1/1/2010,-144.5236111111,59.8683333333
AC10,UNAVCO-PBO,15,Operational,UNAVPB,GPS+GAL+GLO,Daily,https://geodesy.noaa.gov/CORS/ncn_station_pages/index.html?stationID=AC10,https://geodesy.noaa.gov/DataAvailability/DAP.jsp?SiteID=AC10&NOD=20,https://geodesy.noaa.gov/cgi-cors/CorsSidebarSelect.prl?site=AC10&option=Logfile,4/6/2011,-164.8866666667,54.5225
AC12,UNAVCO-PBO,15,Non-Operational,UNAVPB,GPS+GAL+GLO,Daily,https://geodesy.noaa.gov/CORS/ncn_station_pages/index.html?stationID=AC12,https://geodesy.noaa.gov/DataAvailability/DAP.jsp?SiteID=AC12&NOD=20,https://geodesy.noaa.gov/cgi-cors/CorsSidebarSelect.prl?site=AC12&option=Logfile,4/5/2011,-159.5894444444,54.8308333333
AC13,UNAVCO-PBO,15,Operational,UNAVPB,GPS,Daily,https://geodesy.noaa.gov/CORS/ncn_station_pages/index.html?stationID=AC13,https://geodesy.noaa.gov/DataAvailability/DAP.jsp?SiteID=AC13&NOD=20,https://geodesy.noaa.gov/cgi-cors/CorsSidebarSelect.prl?site=AC13&option=Logfile,5/21/2010,-155.6222222222,55.8216666667
AC15,UNAVCO-PBO,15,Operational,UNAVPB,GPS+GAL+GLO,Daily,https://geodesy.noaa.gov/CORS/ncn_station_pages/index.html?stationID=AC15,https://geodesy.noaa.gov/DataAvailability/DAP.jsp?SiteID=AC15&NOD=20,https://geodesy.noaa.gov/cgi-cors/CorsSidebarSelect.prl?site=AC15&option=Logfile,5/2/2024,-149.7240082694,60.4813330611
AC17,UNAVCO-PBO,15,Operational,UNAVPB,GPS,Daily,https://geodesy.noaa.gov/CORS/ncn_station_pages/index.html?stationID=AC17,https://geodesy.noaa.gov/DataAvailability/DAP.jsp?SiteID=AC17&NOD=20,https://geodesy.noaa.gov/cgi-cors/CorsSidebarSelect.prl?site=AC17&option=Logfile,1/1/2011,-152.4036111111,60.6638888889
AC19,UNAVCO-PBO,15,Operational,UNAVPB,GPS,Daily,https://geodesy.noaa.gov/CORS/ncn_station_pages/index.html?stationID=AC19,https://geodesy.noaa.gov/DataAvailability/DAP.jsp?SiteID=AC19&NOD=20,https://geodesy.noaa.gov/cgi-cors/CorsSidebarSelect.prl?site=AC19&option=Logfile,1/1/2012,-153.6072222222,62.5191666667
AC20,UNAVCO-PBO,15,Operational,UNAVPB,GPS+GAL+GLO+SBAS,Daily,https://geodesy.noaa.gov/CORS/ncn_station_pages/index.html?stationID=AC20,https://geodesy.noaa.gov/DataAvailability/DAP.jsp?SiteID=AC20&NOD=20,https://geodesy.noaa.gov/cgi-cors/CorsSidebarSelect.prl?site=AC20&option=Logfile,5/3/2024,-149.3525045611,60.9292075028
AC23,UNAVCO-PBO,15,Operational,UNAVPB,GPS+GAL+GLO,Daily,https://geodesy.noaa.gov/CORS/ncn_station_pages/index.html?stationID=AC23,https://geodesy.noaa.gov/DataAvailability/DAP.jsp?SiteID=AC23&NOD=20,https://geodesy.noaa.gov/cgi-cors/CorsSidebarSelect.prl?site=AC23&option=Logfile,4/5/2011,-150.8777777778,60.475
AC24,UNAVCO-PBO,15,Operational,UNAVPB,GPS+BDS+GAL+GLO+QZSS,Daily,https://geodesy.noaa.gov/CORS/ncn_station_pages/index.html?stationID=AC24,https://geodesy.noaa.gov/DataAvailability/DAP.jsp?SiteID=AC24&NOD=20,https://geodesy.noaa.gov/cgi-cors/CorsSidebarSelect.prl?site=AC24&option=Logfile,5/8/2010,-156.6525,58.6813888889
AC25,UNAVCO-PBO,15,Operational,UNAVPB,GPS,Daily,https://geodesy.noaa.gov/CORS/ncn_station_pages/index.html?stationID=AC25,https://geodesy.noaa.gov/DataAvailability/DAP.jsp?SiteID=AC25&NOD=20,https://geodesy.noaa.gov/cgi-cors/CorsSidebarSelect.prl?site=AC25&option=Logfile,1/16/2024,-162.3140517583,55.0889671861
AC26,UNAVCO-PBO,15,Operational,UNAVPB,GPS,Daily,https://geodesy.noaa.gov/CORS/ncn_station_pages/index.html?stationID=AC26,https://geodesy.noaa.gov/DataAvailability/DAP.jsp?SiteID=AC26&NOD=20,https://geodesy.noaa.gov/cgi-cors/CorsSidebarSelect.prl?site=AC26&option=Logfile,5/8/2010,-154.1502777778,58.2144444444
AC27,UNAVCO-PBO,15,Operational,UNAVPB,GPS,Daily,https://geodesy.noaa.gov/CORS/ncn_station_pages/index.html?stationID=AC27,https://geodesy.noaa.gov/DataAvailability/DAP.jsp?SiteID=AC27&NOD=20,https://geodesy.noaa.gov/cgi-cors/CorsSidebarSelect.prl?site=AC27&option=Logfile,4/5/2011,-154.1627777778,59.2525
AC29,UNAVCO-PBO,15,Operational,UNAVPB,GPS,Daily,https://geodesy.noaa.gov/CORS/ncn_station_pages/index.html?stationID=AC29,https://geodesy.noaa.gov/DataAvailability/DAP.jsp?SiteID=AC29&NOD=20,https://geodesy.noaa.gov/cgi-cors/CorsSidebarSelect.prl?site=AC29&option=Logfile,4/5/2017,-146.3397222222,59.4294444444
AC31,UNAVCO-PBO,15,Operational,UNAVPB,GPS+GAL+GLO,Daily,https://geodesy.noaa.gov/CORS/ncn_station_pages/index.html?stationID=AC31,https://geodesy.noaa.gov/DataAvailability/DAP.jsp?SiteID=AC31&NOD=20,https://geodesy.noaa.gov/cgi-cors/CorsSidebarSelect.prl?site=AC31&option=Logfile,5/21/2010,-162.2388888889,64.6377777778
AC37,UNAVCO-PBO,15,Non-Operational,UNAVPB,GPS,Daily,https://geodesy.noaa.gov/CORS/ncn_station_pages/index.html?stationID=AC37,https://geodesy.noaa.gov/DataAvailability/DAP.jsp?SiteID=AC37&NOD=20,https://geodesy.noaa.gov/cgi-cors/CorsSidebarSelect.prl?site=AC37&option=Logfile,4/1/2017,-153.8652777778,60.4394444444
AC38,UNAVCO-PBO,15,Operational,UNAVPB,GPS+GAL+GLO,Daily,https://geodesy.noaa.gov/CORS/ncn_station_pages/index.html?stationID=AC38,https://geodesy.noaa.gov/DataAvailability/DAP.jsp?SiteID=AC38&NOD=20,https://geodesy.noaa.gov/cgi-cors/CorsSidebarSelect.prl?site=AC38&option=Logfile,5/8/2010,-153.3416666667,57.7536111111
AC39,UNAVCO-PBO,15,Operational,UNAVPB,GPS,Daily,https://geodesy.noaa.gov/CORS/ncn_station_pages/index.html?stationID=AC39,https://geodesy.noaa.gov/DataAvailability/DAP.jsp?SiteID=AC39&NOD=20,https://geodesy.noaa.gov/cgi-cors/CorsSidebarSelect.prl?site=AC39&option=Logfile,5/8/2010,-152.3938888889,58.6094444444
AC40,UNAVCO-PBO,15,Operational,UNAVPB,GPS,Daily,https://geodesy.noaa.gov/CORS/ncn_station_pages/index.html?stationID=AC40,https://geodesy.noaa.gov/DataAvailability/DAP.jsp?SiteID=AC40&NOD=20,https://geodesy.noaa.gov/cgi-cors/CorsSidebarSelect.prl?site=AC40&option=Logfile,1/1/2010,-158.6183333333,56.9302777778
AC41,UNAVCO-PBO,15,Non-Operational,UNAVPB,GPS,Daily,https://geodesy.noaa.gov/CORS/ncn_station_pages/index.html?stationID=AC41,https://geodesy.noaa.gov/DataAvailability/DAP.jsp?SiteID=AC41&NOD=20,https://geodesy.noaa.gov/cgi-cors/CorsSidebarSelect.prl?site=AC41&option=Logfile,4/7/2011,-160.4072222222,55.9086111111
AC42,UNAVCO-PBO,15,Operational,UNAVPB,GPS,Daily,https://geodesy.noaa.gov/CORS/ncn_station_pages/index.html?stationID=AC42,https://geodesy.noaa.gov/DataAvailability/DAP.jsp?SiteID=AC42&NOD=20,https://geodesy.noaa.gov/cgi-cors/CorsSidebarSelect.prl?site=AC42&option=Logfile,4/5/2011,-162.7836111111,54.4716666667
AC43,UNAVCO-PBO,15,Operational,UNAVPB,GPS,Daily,https://geodesy.noaa.gov/CORS/ncn_station_pages/index.html?stationID=AC43,https://geodesy.noaa.gov/DataAvailability/DAP.jsp?SiteID=AC43&NOD=20,https://geodesy.noaa.gov/cgi-cors/CorsSidebarSelect.prl?site=AC43&option=Logfile,4/5/2011,-149.6286111111,59.5211111111
AC45,UNAVCO-PBO,15,Operational,UNAVPB,GPS,Daily,https://geodesy.noaa.gov/CORS/ncn_station_pages/index.html?stationID=AC45,https://geodesy.noaa.gov/DataAvailability/DAP.jsp?SiteID=AC45&NOD=20,https://geodesy.noaa.gov/cgi-cors/CorsSidebarSelect.prl?site=AC45&option=Logfile,4/5/2011,-154.1808333333,56.5644444444
AC47,UNAVCO-PBO,15,Non-Operational,UNAVPB,GPS+GAL+GLO,Daily,https://geodesy.noaa.gov/CORS/ncn_station_pages/index.html?stationID=AC47,https://geodesy.noaa.gov/DataAvailability/DAP.jsp?SiteID=AC47&NOD=20,https://geodesy.noaa.gov/cgi-cors/CorsSidebarSelect.prl?site=AC47&option=Logfile,5/8/2010,-152.6238888889,60.0813888889
AC48,UNAVCO-PBO,15,Operational,UNAVPB,GPS+GAL+GLO,Daily,https://geodesy.noaa.gov/CORS/ncn_station_pages/index.html?stationID=AC48,https://geodesy.noaa.gov/DataAvailability/DAP.jsp?SiteID=AC48&NOD=20,https://geodesy.noaa.gov/cgi-cors/CorsSidebarSelect.prl?site=AC48&option=Logfile,10/20/2012,-147.3427777778,60.6458333333
AC50,UNAVCO-PBO,15,Operational,UNAVPB,GPS,Daily,https://geodesy.noaa.gov/CORS/ncn_station_pages/index.html?stationID=AC50,https://geodesy.noaa.gov/DataAvailability/DAP.jsp?SiteID=AC50&NOD=20,https://geodesy.noaa.gov/cgi-cors/CorsSidebarSelect.prl?site=AC50&option=Logfile,5/21/2010,-164.5663888889,65.5536111111
AC51,UNAVCO-PBO,15,Operational,UNAVPB,GPS,Daily,https://geodesy.noaa.gov/CORS/ncn_station_pages/index.html?stationID=AC51,https://geodesy.noaa.gov/DataAvailability/DAP.jsp?SiteID=AC51&NOD=20,https://geodesy.noaa.gov/cgi-cors/CorsSidebarSelect.prl?site=AC51&option=Logfile,10/20/2012,-151.8352777778,61.4980555556
AC52,UNAVCO-PBO,15,Operational,UNAVPB,GPS,Daily,https://geodesy.noaa.gov/CORS/ncn_station_pages/index.html?stationID=AC52,https://geodesy.noaa.gov/DataAvailability/DAP.jsp?SiteID=AC52&NOD=20,https://geodesy.noaa.gov/cgi-cors/CorsSidebarSelect.prl?site=AC52&option=Logfile,5/8/2010,-157.5741666667,57.5672222222
AC53,UNAVCO-PBO,15,Suspended,UNAVPB,GPS+GAL+GLO,Daily,https://geodesy.noaa.gov/CORS/ncn_station_pages/index.html?stationID=AC53,https://geodesy.noaa.gov/DataAvailability/DAP.jsp?SiteID=AC53&NOD=20,https://geodesy.noaa.gov/cgi-cors/CorsSidebarSelect.prl?site=AC53&option=Logfile,5/21/2014,-150.0689525361,61.7689720861
AC57,UNAVCO-PBO,15,Operational,UNAVPB,GPS+GAL+GLO,Daily,https://geodesy.noaa.gov/CORS/ncn_station_pages/index.html?stationID=AC57,https://geodesy.noaa.gov/DataAvailability/DAP.jsp?SiteID=AC57&NOD=20,https://geodesy.noaa.gov/cgi-cors/CorsSidebarSelect.prl?site=AC57&option=Logfile,1/1/2010,-145.7425,61.1383333333
AC58,UNAVCO-PBO,15,Operational,UNAVPB,GPS+GAL+GLO,Daily,https://geodesy.noaa.gov/CORS/ncn_station_pages/index.html?stationID=AC58,https://geodesy.noaa.gov/DataAvailability/DAP.jsp?SiteID=AC58&NOD=20,https://geodesy.noaa.gov/cgi-cors/CorsSidebarSelect.prl?site=AC58&option=Logfile,9/6/2012,-170.2177777778,57.1558333333
AC60,UNAVCO-PBO,15,Operational,UNAVPB,GPS+GAL+GLO,Daily,https://geodesy.noaa.gov/CORS/ncn_station_pages/index.html?stationID=AC60,https://geodesy.noaa.gov/DataAvailability/DAP.jsp?SiteID=AC60&NOD=20,https://geodesy.noaa.gov/cgi-cors/CorsSidebarSelect.prl?site=AC60&option=Logfile,10/20/2012,174.0763888889,52.7144444444
AC61,UNAVCO-PBO,15,Operational,UNAVPB,GPS+GAL+GLO,Daily,https://geodesy.noaa.gov/CORS/ncn_station_pages/index.html?stationID=AC61,https://geodesy.noaa.gov/DataAvailability/DAP.jsp?SiteID=AC61&NOD=20,https://geodesy.noaa.gov/cgi-cors/CorsSidebarSelect.prl?site=AC61&option=Logfile,4/5/2011,-142.0758333333,64.0291666667
AC62,UNAVCO-PBO,15,Operational,UNAVPB,GPS,Daily,https://geodesy.noaa.gov/CORS/ncn_station_pages/index.html?stationID=AC62,https://geodesy.noaa.gov/DataAvailability/DAP.jsp?SiteID=AC62&NOD=20,https://geodesy.noaa.gov/cgi-cors/CorsSidebarSelect.prl?site=AC62&option=Logfile,5/21/2014,-146.3125,63.0833333333
AC63,UNAVCO-PBO,15,Operational,UNAVPB,GPS+GAL+GLO,Daily,https://geodesy.noaa.gov/CORS/ncn_station_pages/index.html?stationID=AC63,https://geodesy.noaa.gov/DataAvailability/DAP.jsp?SiteID=AC63&NOD=20,https://geodesy.noaa.gov/cgi-cors/CorsSidebarSelect.prl?site=AC63&option=Logfile,5/21/2014,-145.8472222222,63.5022222222
AC67,UNAVCO-PBO,15,Operational,UNAVPB,GPS+GAL+GLO,Daily,https://geodesy.noaa.gov/CORS/ncn_station_pages/index.html?stationID=AC67,https://geodesy.noaa.gov/DataAvailability/DAP.jsp?SiteID=AC67&NOD=20,https://geodesy.noaa.gov/cgi-cors/CorsSidebarSelect.prl?site=AC67&option=Logfile,4/6/2011,-152.4252777778,57.7905555556
AC70,UNAVCO-PBO,15,Suspended,UNAVPB,GPS+GAL+GLO,Daily,https://geodesy.noaa.gov/CORS/ncn_station_pages/index.html?stationID=AC70,https://geodesy.noaa.gov/DataAvailability/DAP.jsp?SiteID=AC70&NOD=20,https://geodesy.noaa.gov/cgi-cors/CorsSidebarSelect.prl?site=AC70&option=Logfile,5/21/2014,-148.1880555556,63.3044444444
AC71,UNAVCO-PBO,15,Operational,UNAVPB,GPS+GAL+GLO,Daily,https://geodesy.noaa.gov/CORS/ncn_station_pages/index.html?stationID=AC71,https://geodesy.noaa.gov/DataAvailability/DAP.jsp?SiteID=AC71&NOD=20,https://geodesy.noaa.gov/cgi-cors/CorsSidebarSelect.prl?site=AC71&option=Logfile,10/20/2012,-145.7136111111,64.0491666667
AC72,UNAVCO-PBO,15,Operational,UNAVPB,GPS,Daily,https://geodesy.noaa.gov/CORS/ncn_station_pages/index.html?stationID=AC72,https://geodesy.noaa.gov/DataAvailability/DAP.jsp?SiteID=AC72&NOD=20,https://geodesy.noaa.gov/cgi-cors/CorsSidebarSelect.prl?site=AC72&option=Logfile,5/21/2014,-145.8875,63.695
AC74,UNAVCO-PBO,15,Operational,UNAVPB,GPS+GAL+GLO,Daily,https://geodesy.noaa.gov/CORS/ncn_station_pages/index.html?stationID=AC74,https://geodesy.noaa.gov/DataAvailability/DAP.jsp?SiteID=AC74&NOD=20,https://geodesy.noaa.gov/cgi-cors/CorsSidebarSelect.prl?site=AC74&option=Logfile,5/21/2014,-148.8072222222,63.4641666667
AC75,UNAVCO-PBO,15,Operational,UNAVPB,GPS+GAL+GLO,Daily,https://geodesy.noaa.gov/CORS/ncn_station_pages/index.html?stationID=AC75,https://geodesy.noaa.gov/DataAvailability/DAP.jsp?SiteID=AC75&NOD=20,https://geodesy.noaa.gov/cgi-cors/CorsSidebarSelect.prl?site=AC75&option=Logfile,5/21/2014,-149.6086111111,62.9991666667
AC76,UNAVCO-PBO,15,Operational,UNAVPB,GPS+GAL+GLO,Daily,https://geodesy.noaa.gov/CORS/ncn_station_pages/index.html?stationID=AC76,https://geodesy.noaa.gov/DataAvailability/DAP.jsp?SiteID=AC76&NOD=20,https://geodesy.noaa.gov/cgi-cors/CorsSidebarSelect.prl?site=AC76&option=Logfile,4/5/2011,-143.2586111111,63.0397222222
AC78,UNAVCO-PBO,15,Operational,UNAVPB,GPS+GAL+GLO,Daily,https://geodesy.noaa.gov/CORS/ncn_station_pages/index.html?stationID=AC78,https://geodesy.noaa.gov/DataAvailability/DAP.jsp?SiteID=AC78&NOD=20,https://geodesy.noaa.gov/cgi-cors/CorsSidebarSelect.prl?site=AC78&option=Logfile,10/20/2012,-142.0277777778,63.1133333333
AC79,UNAVCO-PBO,15,Operational,UNAVPB,GPS+GAL+GLO,Daily,https://geodesy.noaa.gov/CORS/ncn_station_pages/index.html?stationID=AC79,https://geodesy.noaa.gov/DataAvailability/DAP.jsp?SiteID=AC79&NOD=20,https://geodesy.noaa.gov/cgi-cors/CorsSidebarSelect.prl?site=AC79&option=Logfile,9/20/2012,-147.4027777778,59.9977777778
ACP1,UNAVCO_NON-PBO,15,Non-Operational,UNAVPS,GPS,Daily,https://geodesy.noaa.gov/CORS/ncn_station_pages/index.html?stationID=ACP1,https://geodesy.noaa.gov/DataAvailability/DAP.jsp?SiteID=ACP1&NOD=20,https://geodesy.noaa.gov/cgi-cors/CorsSidebarSelect.prl?site=ACP1&option=Logfile,2/11/2021,-79.9497222222,9.3713888889
ACSO,UNAVCO-PBO,15,Operational,UNAVPB,GPS+GAL+GLO,Daily,https://geodesy.noaa.gov/CORS/ncn_station_pages/index.html?stationID=ACSO,https://geodesy.noaa.gov/DataAvailability/DAP.jsp?SiteID=ACSO&NOD=20,https://geodesy.noaa.gov/cgi-cors/CorsSidebarSelect.prl?site=ACSO&option=Logfile,1/1/2010,-82.9813888889,40.2322222222
ADKS,Harris Galveston Coastal Subsidence District,15,Operational,HGCSD,GPS,Hourly,https://geodesy.noaa.gov/CORS/ncn_station_pages/index.html?stationID=ADKS,https://geodesy.noaa.gov/DataAvailability/DAP.jsp?SiteID=ADKS&NOD=20,https://geodesy.noaa.gov/cgi-cors/CorsSidebarSelect.prl?site=ADKS&option=Logfile,2/20/2002,-95.5863888889,29.7908333333
ADRI,Michigan Department of Transportation,1,Operational,MIDT,GPS+GAL+GLO,Hourly,https://geodesy.noaa.gov/CORS/ncn_station_pages/index.html?stationID=ADRI,https://geodesy.noaa.gov/DataAvailability/DAP.jsp?SiteID=ADRI&NOD=20,https://geodesy.noaa.gov/cgi-cors/CorsSidebarSelect.prl?site=ADRI&option=Logfile,1/9/2002,-84.0241666667,41.9188888889
AHID,UNAVCO_NON-PBO,15,Operational,UNAVPS,GPS,Daily,https://geodesy.noaa.gov/CORS/ncn_station_pages/index.html?stationID=AHID,https://geodesy.noaa.gov/DataAvailability/DAP.jsp?SiteID=AHID&NOD=20,https://geodesy.noaa.gov/cgi-cors/CorsSidebarSelect.prl?site=AHID&option=Logfile,11/21/2004,-111.0636111111,42.7730555556
AKRD,"Teck Alaska, Inc.",5,Operational,TECK,GPS+GAL+GLO,Hourly,https://geodesy.noaa.gov/CORS/ncn_station_pages/index.html?stationID=AKRD,https://geodesy.noaa.gov/DataAvailability/DAP.jsp?SiteID=AKRD&NOD=20,https://geodesy.noaa.gov/cgi-cors/CorsSidebarSelect.prl?site=AKRD&option=Logfile,8/10/2021,-162.8827777778,68.0661111111
AKSE,NGS Stations CORS,15,Operational,NGSSTA,GPS+GAL+GLO,Hourly,https://geodesy.noaa.gov/CORS/ncn_station_pages/index.html?stationID=AKSE,https://geodesy.noaa.gov/DataAvailability/DAP.jsp?SiteID=AKSE&NOD=20,https://geodesy.noaa.gov/cgi-cors/CorsSidebarSelect.prl?site=AKSE&option=Logfile,9/27/2017,-149.4363888889,60.1322222222
AKSI,NGS Stations CORS,1,Operational,NGSSTA,GPS+GAL+GLO,Hourly,https://geodesy.noaa.gov/CORS/ncn_station_pages/index.html?stationID=AKSI,https://geodesy.noaa.gov/DataAvailability/DAP.jsp?SiteID=AKSI&NOD=20,https://geodesy.noaa.gov/cgi-cors/CorsSidebarSelect.prl?site=AKSI&option=Logfile,1/17/2018,-135.3388888889,57.0486111111
AL30,Alabama Department of Transportation,1,Operational,ALDOT,GPS+GAL+GLO,Hourly,https://geodesy.noaa.gov/CORS/ncn_station_pages/index.html?stationID=AL30,https://geodesy.noaa.gov/DataAvailability/DAP.jsp?SiteID=AL30&NOD=20,https://geodesy.noaa.gov/cgi-cors/CorsSidebarSelect.prl?site=AL30&option=Logfile,8/6/2006,-86.8533333333,33.5322222222
AL35,Alabama Department of Transportation,1,Operational,ALDOT,GPS+GAL+GLO,Hourly,https://geodesy.noaa.gov/CORS/ncn_station_pages/index.html?stationID=AL35,https://geodesy.noaa.gov/DataAvailability/DAP.jsp?SiteID=AL35&NOD=20,https://geodesy.noaa.gov/cgi-cors/CorsSidebarSelect.prl?site=AL35&option=Logfile,3/19/2010,-86.7566666667,33.165
AL50,Alabama Department of Transportation,1,Operational,ALDOT,GPS+GAL+GLO,Hourly,https://geodesy.noaa.gov/CORS/ncn_station_pages/index.html?stationID=AL50,https://geodesy.noaa.gov/DataAvailability/DAP.jsp?SiteID=AL50&NOD=20,https://geodesy.noaa.gov/cgi-cors/CorsSidebarSelect.prl?site=AL50&option=Logfile,8/6/2006,-87.5013888889,33.1677777778
AL60,Alabama Department of Transportation,1,Operational,ALDOT,GPS+GAL+GLO,Hourly,https://geodesy.noaa.gov/CORS/ncn_station_pages/index.html?stationID=AL60,https://geodesy.noaa.gov/DataAvailability/DAP.jsp?SiteID=AL60&NOD=20,https://geodesy.noaa.gov/cgi-cors/CorsSidebarSelect.prl?site=AL60&option=Logfile,1/1/2007,-86.2702777778,32.4111111111
AL62,Alabama Department of Transportation,1,Operational,ALDOT,GPS+GAL+GLO,Hourly,https://geodesy.noaa.gov/CORS/ncn_station_pages/index.html?stationID=AL62,https://geodesy.noaa.gov/DataAvailability/DAP.jsp?SiteID=AL62&NOD=20,https://geodesy.noaa.gov/cgi-cors/CorsSidebarSelect.prl?site=AL62&option=Logfile,7/15/2010,-85.6866666667,32.1480555556
AL76,Alabama Department of Transportation,1,Operational,ALDOT,GPS+GAL+GLO,Hourly,https://geodesy.noaa.gov/CORS/ncn_station_pages/index.html?stationID=AL76,https://geodesy.noaa.gov/DataAvailability/DAP.jsp?SiteID=AL76&NOD=20,https://geodesy.noaa.gov/cgi-cors/CorsSidebarSelect.prl?site=AL76&option=Logfile,3/19/2011,-85.2255555556,31.8747222222
AL81,Alabama Department of Transportation,1,Operational,ALDOT,GPS+GAL+GLO,Hourly,https://geodesy.noaa.gov/CORS/ncn_station_pages/index.html?stationID=AL81,https://geodesy.noaa.gov/DataAvailability/DAP.jsp?SiteID=AL81&NOD=20,https://geodesy.noaa.gov/cgi-cors/CorsSidebarSelect.prl?site=AL81&option=Logfile,5/23/2012,-88.1816666667,32.5755555556
AL82,Alabama Department of Transportation,1,Operational,ALDOT,GPS+GAL+GLO,Hourly,https://geodesy.noaa.gov/CORS/ncn_station_pages/index.html?stationID=AL82,https://geodesy.noaa.gov/DataAvailability/DAP.jsp?SiteID=AL82&NOD=20,https://geodesy.noaa.gov/cgi-cors/CorsSidebarSelect.prl?site=AL82&option=Logfile,8/18/2010,-87.6255555556,32.2572222222
AL84,Alabama Department of Transportation,1,Operational,ALDOT,GPS+GAL+GLO,Hourly,https://geodesy.noaa.gov/CORS/ncn_station_pages/index.html?stationID=AL84,https://geodesy.noaa.gov/DataAvailability/DAP.jsp?SiteID=AL84&NOD=20,https://geodesy.noaa.gov/cgi-cors/CorsSidebarSelect.prl?site=AL84&option=Logfile,6/26/2010,-87.7891666667,31.7002777778
AL90,Alabama Department of Transportation,1,Operational,ALDOT,GPS+GAL+GLO,Hourly,https://geodesy.noaa.gov/CORS/ncn_station_pages/index.html?stationID=AL90,https://geodesy.noaa.gov/DataAvailability/DAP.jsp?SiteID=AL90&NOD=20,https://geodesy.noaa.gov/cgi-cors/CorsSidebarSelect.prl?site=AL90&option=Logfile,2/10/2007,-88.0316666667,30.6905555556
AL92,Alabama Department of Transportation,1,Operational,ALDOT,GPS+GAL+GLO,Hourly,https://geodesy.noaa.gov/CORS/ncn_station_pages/index.html?stationID=AL92,https://geodesy.noaa.gov/DataAvailability/DAP.jsp?SiteID=AL92&NOD=20,https://geodesy.noaa.gov/cgi-cors/CorsSidebarSelect.prl?site=AL92&option=Logfile,7/7/2010,-87.7755555556,30.9163888889
ALA1,Alabama Department of Transportation,1,Operational,ALDOT,GPS+GAL+GLO,Hourly,https://geodesy.noaa.gov/CORS/ncn_station_pages/index.html?stationID=ALA1,https://geodesy.noaa.gov/DataAvailability/DAP.jsp?SiteID=ALA1&NOD=20,https://geodesy.noaa.gov/cgi-cors/CorsSidebarSelect.prl?site=ALA1&option=Logfile,7/15/2010,-85.5038888889,32.5986111111
ALAN,Alabama Department of Transportation,1,Operational,ALDOT,GPS+GAL+GLO,Hourly,https://geodesy.noaa.gov/CORS/ncn_station_pages/index.html?stationID=ALAN,https://geodesy.noaa.gov/DataAvailability/DAP.jsp?SiteID=ALAN&NOD=20,https://geodesy.noaa.gov/cgi-cors/CorsSidebarSelect.prl?site=ALAN&option=Logfile,7/9/2010,-86.4838888889,31.3072222222
ALAS,Alabama Department of Transportation,1,Operational,ALDOT,GPS+GAL+GLO,Hourly,https://geodesy.noaa.gov/CORS/ncn_station_pages/index.html?stationID=ALAS,https://geodesy.noaa.gov/DataAvailability/DAP.jsp?SiteID=ALAS&NOD=20,https://geodesy.noaa.gov/cgi-cors/CorsSidebarSelect.prl?site=ALAS&option=Logfile,8/18/2010,-85.8305555556,33.6669444444
ALBE,Alabama Department of Transportation,1,Operational,ALDOT,GPS+GAL+GLO,Hourly,https://geodesy.noaa.gov/CORS/ncn_station_pages/index.html?stationID=ALBE,https://geodesy.noaa.gov/DataAvailability/DAP.jsp?SiteID=ALBE&NOD=20,https://geodesy.noaa.gov/cgi-cors/CorsSidebarSelect.prl?site=ALBE&option=Logfile,8/19/2010,-87.8644444444,34.4752777778
ALBU,Alabama Department of Transportation,1,Operational,ALDOT,GPS+GAL+GLO,Hourly,https://geodesy.noaa.gov/CORS/ncn_station_pages/index.html?stationID=ALBU,https://geodesy.noaa.gov/DataAvailability/DAP.jsp?SiteID=ALBU&NOD=20,https://geodesy.noaa.gov/cgi-cors/CorsSidebarSelect.prl?site=ALBU&option=Logfile,12/11/2010,-88.2330555556,32.0813888889
ALCE,Alabama Department of Transportation,1,Operational,ALDOT,GPS+GAL+GLO,Hourly,https://geodesy.noaa.gov/CORS/ncn_station_pages/index.html?stationID=ALCE,https://geodesy.noaa.gov/DataAvailability/DAP.jsp?SiteID=ALCE&NOD=20,https://geodesy.noaa.gov/cgi-cors/CorsSidebarSelect.prl?site=ALCE&option=Logfile,8/6/2010,-87.1505555556,32.9458333333
ALCL,Alabama Department of Transportation,1,Operational,ALDOT,GPS+GAL+GLO,Hourly,https://geodesy.noaa.gov/CORS/ncn_station_pages/index.html?stationID=ALCL,https://geodesy.noaa.gov/DataAvailability/DAP.jsp?SiteID=ALCL&NOD=20,https://geodesy.noaa.gov/cgi-cors/CorsSidebarSelect.prl?site=ALCL&option=Logfile,7/27/2009,-86.6297222222,32.8397222222
ALCN,Alabama Department of Transportation,1,Operational,ALDOT,GPS+GLO,Hourly,https://geodesy.noaa.gov/CORS/ncn_station_pages/index.html?stationID=ALCN,https://geodesy.noaa.gov/DataAvailability/DAP.jsp?SiteID=ALCN&NOD=20,https://geodesy.noaa.gov/cgi-cors/CorsSidebarSelect.prl?site=ALCN&option=Logfile,8/19/2010,-85.6586111111,34.1627777778
ALCU,Alabama Department of Transportation,1,Operational,ALDOT,GPS+GAL+GLO,Hourly,https://geodesy.noaa.gov/CORS/ncn_station_pages/index.html?stationID=ALCU,https://geodesy.noaa.gov/DataAvailability/DAP.jsp?SiteID=ALCU&NOD=20,https://geodesy.noaa.gov/cgi-cors/CorsSidebarSelect.prl?site=ALCU&option=Logfile,9/8/2010,-86.8447222222,34.1797222222
ALDI,Alabama Department of Transportation,1,Operational,ALDOT,GPS+GAL+GLO,Hourly,https://geodesy.noaa.gov/CORS/ncn_station_pages/index.html?stationID=ALDI,https://geodesy.noaa.gov/DataAvailability/DAP.jsp?SiteID=ALDI&NOD=20,https://geodesy.noaa.gov/cgi-cors/CorsSidebarSelect.prl?site=ALDI&option=Logfile,5/28/2009,-88.0777777778,30.2491666667
ALDO,Alabama Department of Transportation,1,Operational,ALDOT,GPS+GAL+GLO,Hourly,https://geodesy.noaa.gov/CORS/ncn_station_pages/index.html?stationID=ALDO,https://geodesy.noaa.gov/DataAvailability/DAP.jsp?SiteID=ALDO&NOD=20,https://geodesy.noaa.gov/cgi-cors/CorsSidebarSelect.prl?site=ALDO&option=Logfile,7/21/2010,-85.44,31.2394444444
ALDS,Alabama Department of Transportation,1,Operational,ALDOT,GPS+GLO,Hourly,https://geodesy.noaa.gov/CORS/ncn_station_pages/index.html?stationID=ALDS,https://geodesy.noaa.gov/DataAvailability/DAP.jsp?SiteID=ALDS&NOD=20,https://geodesy.noaa.gov/cgi-cors/CorsSidebarSelect.prl?site=ALDS&option=Logfile,11/25/2010,-87.4047222222,34.1480555556
ALFA,Alabama Department of Transportation,1,Operational,ALDOT,GPS+GAL+GLO,Hourly,https://geodesy.noaa.gov/CORS/ncn_station_pages/index.html?stationID=ALFA,https://geodesy.noaa.gov/DataAvailability/DAP.jsp?SiteID=ALFA&NOD=20,https://geodesy.noaa.gov/cgi-cors/CorsSidebarSelect.prl?site=ALFA&option=Logfile,8/20/2010,-87.8291666667,33.685
ALFO,Alabama Department of Transportation,1,Operational,ALDOT,GPS+GAL+GLO,Hourly,https://geodesy.noaa.gov/CORS/ncn_station_pages/index.html?stationID=ALFO,https://geodesy.noaa.gov/DataAvailability/DAP.jsp?SiteID=ALFO&NOD=20,https://geodesy.noaa.gov/cgi-cors/CorsSidebarSelect.prl?site=ALFO&option=Logfile,3/18/2010,-87.675,30.4169444444
ALHC,Alabama Department of Transportation,1,Non-Operational,ALDOT,GPS+GLO,Hourly,https://geodesy.noaa.gov/CORS/ncn_station_pages/index.html?stationID=ALHC,https://geodesy.noaa.gov/DataAvailability/DAP.jsp?SiteID=ALHC&NOD=20,https://geodesy.noaa.gov/cgi-cors/CorsSidebarSelect.prl?site=ALHC&option=Logfile,10/16/2010,-85.6347222222,33.5236111111
ALHL,Alabama Department of Transportation,1,Operational,ALDOT,GPS+GAL+GLO,Hourly,https://geodesy.noaa.gov/CORS/ncn_station_pages/index.html?stationID=ALHL,https://geodesy.noaa.gov/DataAvailability/DAP.jsp?SiteID=ALHL&NOD=20,https://geodesy.noaa.gov/cgi-cors/CorsSidebarSelect.prl?site=ALHL&option=Logfile,9/11/2010,-86.3977777778,33.8875
ALJA,Alabama Department of Transportation,1,Operational,ALDOT,GPS+GAL+GLO,Hourly,https://geodesy.noaa.gov/CORS/ncn_station_pages/index.html?stationID=ALJA,https://geodesy.noaa.gov/DataAvailability/DAP.jsp?SiteID=ALJA&NOD=20,https://geodesy.noaa.gov/cgi-cors/CorsSidebarSelect.prl?site=ALJA&option=Logfile,9/11/2010,-87.2775,33.8316666667
ALLA,Alabama Department of Transportation,1,Operational,ALDOT,GPS+GAL+GLO,Hourly,https://geodesy.noaa.gov/CORS/ncn_station_pages/index.html?stationID=ALLA,https://geodesy.noaa.gov/DataAvailability/DAP.jsp?SiteID=ALLA&NOD=20,https://geodesy.noaa.gov/cgi-cors/CorsSidebarSelect.prl?site=ALLA&option=Logfile,12/31/2010,-85.4002777778,32.9172222222
ALMJ,Alabama Department of Transportation,1,Operational,ALDOT,GPS+GAL+GLO,Hourly,https://geodesy.noaa.gov/CORS/ncn_station_pages/index.html?stationID=ALMJ,https://geodesy.noaa.gov/DataAvailability/DAP.jsp?SiteID=ALMJ&NOD=20,https://geodesy.noaa.gov/cgi-cors/CorsSidebarSelect.prl?site=ALMJ&option=Logfile,10/20/2012,-88.2297222222,31.0288888889
ALNB,Alabama Department of Transportation,1,Operational,ALDOT,GPS+GAL+GLO,Hourly,https://geodesy.noaa.gov/CORS/ncn_station_pages/index.html?stationID=ALNB,https://geodesy.noaa.gov/DataAvailability/DAP.jsp?SiteID=ALNB&NOD=20,https://geodesy.noaa.gov/cgi-cors/CorsSidebarSelect.prl?site=ALNB&option=Logfile,7/17/2010,-85.9158333333,31.3772222222
ALNC,Alabama Department of Transportation,1,Operational,ALDOT,GPS+GAL+GLO,Hourly,https://geodesy.noaa.gov/CORS/ncn_station_pages/index.html?stationID=ALNC,https://geodesy.noaa.gov/DataAvailability/DAP.jsp?SiteID=ALNC&NOD=20,https://geodesy.noaa.gov/cgi-cors/CorsSidebarSelect.prl?site=ALNC&option=Logfile,7/10/2010,-87.3094444444,34.6811111111
ALRE,Alabama Department of Transportation,1,Operational,ALDOT,GPS+GAL+GLO,Hourly,https://geodesy.noaa.gov/CORS/ncn_station_pages/index.html?stationID=ALRE,https://geodesy.noaa.gov/DataAvailability/DAP.jsp?SiteID=ALRE&NOD=20,https://geodesy.noaa.gov/cgi-cors/CorsSidebarSelect.prl?site=ALRE&option=Logfile,8/25/2010,-87.2341666667,31.4111111111
ALSE,Alabama Department of Transportation,1,Operational,ALDOT,GPS+GAL+GLO,Hourly,https://geodesy.noaa.gov/CORS/ncn_station_pages/index.html?stationID=ALSE,https://geodesy.noaa.gov/DataAvailability/DAP.jsp?SiteID=ALSE&NOD=20,https://geodesy.noaa.gov/cgi-cors/CorsSidebarSelect.prl?site=ALSE&option=Logfile,9/11/2010,-87.0116666667,32.4472222222
ALTA,Alabama Department of Transportation,1,Operational,ALDOT,GPS+GAL+GLO,Hourly,https://geodesy.noaa.gov/CORS/ncn_station_pages/index.html?stationID=ALTA,https://geodesy.noaa.gov/DataAvailability/DAP.jsp?SiteID=ALTA&NOD=20,https://geodesy.noaa.gov/cgi-cors/CorsSidebarSelect.prl?site=ALTA&option=Logfile,8/26/2010,-86.1211111111,33.4233333333
ALTU,Alabama Department of Transportation,1,Operational,ALDOT,GPS+GAL+GLO,Hourly,https://geodesy.noaa.gov/CORS/ncn_station_pages/index.html?stationID=ALTU,https://geodesy.noaa.gov/DataAvailability/DAP.jsp?SiteID=ALTU&NOD=20,https://geodesy.noaa.gov/cgi-cors/CorsSidebarSelect.prl?site=ALTU&option=Logfile,7/8/2014,-85.9541666667,31.8
AMC4,Jet Propulsion Laboratory,30,Operational,JPL,GPS+GAL+GLO,Hourly,https://geodesy.noaa.gov/CORS/ncn_station_pages/index.html?stationID=AMC4,https://geodesy.noaa.gov/DataAvailability/DAP.jsp?SiteID=AMC4&NOD=20,https://geodesy.noaa.gov/cgi-cors/CorsSidebarSelect.prl?site=AMC4&option=Logfile,11/30/2018,-104.5244444444,38.8030555556
AMER,Louisiana State University,15,Operational,LASU,GPS+GAL+GLO,Hourly,https://geodesy.noaa.gov/CORS/ncn_station_pages/index.html?stationID=AMER,https://geodesy.noaa.gov/DataAvailability/DAP.jsp?SiteID=AMER&NOD=20,https://geodesy.noaa.gov/cgi-cors/CorsSidebarSelect.prl?site=AMER&option=Logfile,12/23/2014,-91.3380555556,29.4494444444
AMME,National Park Service Geographic Information Systems Program,5,Non-Operational,NPSGIS,GPS+GAL+GLO,Hourly,https://geodesy.noaa.gov/CORS/ncn_station_pages/index.html?stationID=AMME,https://geodesy.noaa.gov/DataAvailability/DAP.jsp?SiteID=AMME&NOD=20,https://geodesy.noaa.gov/cgi-cors/CorsSidebarSelect.prl?site=AMME&option=Logfile,10/1/2022,145.7183333333,15.2172222222
ANA1,UNAVCO-PBO,15,Operational,UNAVPB,GPS+GAL+GLO,Daily,https://geodesy.noaa.gov/CORS/ncn_station_pages/index.html?stationID=ANA1,https://geodesy.noaa.gov/DataAvailability/DAP.jsp?SiteID=ANA1&NOD=20,https://geodesy.noaa.gov/cgi-cors/CorsSidebarSelect.prl?site=ANA1&option=Logfile,5/5/2010,-119.3633333333,34.015
ANC2,Alaska Department of Transportation and Public Facilities,5,Operational,AKDT,GPS+GLO,Hourly,https://geodesy.noaa.gov/CORS/ncn_station_pages/index.html?stationID=ANC2,https://geodesy.noaa.gov/DataAvailability/DAP.jsp?SiteID=ANC2&NOD=20,https://geodesy.noaa.gov/cgi-cors/CorsSidebarSelect.prl?site=ANC2&option=Logfile,12/10/2009,-149.9833333333,61.175
ANDS,KARA Company,1,Operational,KARA,GPS+GLO,Daily,https://geodesy.noaa.gov/CORS/ncn_station_pages/index.html?stationID=ANDS,https://geodesy.noaa.gov/DataAvailability/DAP.jsp?SiteID=ANDS&NOD=20,https://geodesy.noaa.gov/cgi-cors/CorsSidebarSelect.prl?site=ANDS&option=Logfile,8/29/2008,-87.1316666667,41.5961111111
ARBT,Arkansas Department of Transportation,1,Operational,ARHD,GPS+GAL+GLO,Hourly,https://geodesy.noaa.gov/CORS/ncn_station_pages/index.html?stationID=ARBT,https://geodesy.noaa.gov/DataAvailability/DAP.jsp?SiteID=ARBT&NOD=20,https://geodesy.noaa.gov/cgi-cors/CorsSidebarSelect.prl?site=ARBT&option=Logfile,8/9/2005,-91.6283333333,35.7097222222
ARCM,Arkansas Department of Transportation,1,Operational,ARHD,GPS+GAL+GLO,Hourly,https://geodesy.noaa.gov/CORS/ncn_station_pages/index.html?stationID=ARCM,https://geodesy.noaa.gov/DataAvailability/DAP.jsp?SiteID=ARCM&NOD=20,https://geodesy.noaa.gov/cgi-cors/CorsSidebarSelect.prl?site=ARCM&option=Logfile,8/9/2005,-92.8825,33.5422222222
ARDQ,Arkansas Department of Transportation,1,Operational,ARHD,GPS+GAL+GLO,Hourly,https://geodesy.noaa.gov/CORS/ncn_station_pages/index.html?stationID=ARDQ,https://geodesy.noaa.gov/DataAvailability/DAP.jsp?SiteID=ARDQ&NOD=20,https://geodesy.noaa.gov/cgi-cors/CorsSidebarSelect.prl?site=ARDQ&option=Logfile,3/9/2019,-94.3236111111,34.08
ARFY,Arkansas Department of Transportation,1,Operational,ARHD,GPS+GAL+GLO,Hourly,https://geodesy.noaa.gov/CORS/ncn_station_pages/index.html?stationID=ARFY,https://geodesy.noaa.gov/DataAvailability/DAP.jsp?SiteID=ARFY&NOD=20,https://geodesy.noaa.gov/cgi-cors/CorsSidebarSelect.prl?site=ARFY&option=Logfile,8/9/2005,-94.18,36.1155555556
ARGS,Arkansas Department of Transportation,1,Operational,ARHD,GPS+GAL+GLO,Hourly,https://geodesy.noaa.gov/CORS/ncn_station_pages/index.html?stationID=ARGS,https://geodesy.noaa.gov/DataAvailability/DAP.jsp?SiteID=ARGS&NOD=20,https://geodesy.noaa.gov/cgi-cors/CorsSidebarSelect.prl?site=ARGS&option=Logfile,6/22/2018,-93.1161111111,34.0680555556
ARHP,Arkansas Department of Transportation,1,Operational,ARHD,GPS+GAL+GLO,Hourly,https://geodesy.noaa.gov/CORS/ncn_station_pages/index.html?stationID=ARHP,https://geodesy.noaa.gov/DataAvailability/DAP.jsp?SiteID=ARHP&NOD=20,https://geodesy.noaa.gov/cgi-cors/CorsSidebarSelect.prl?site=ARHP&option=Logfile,8/9/2005,-93.6002777778,33.6958333333
ARHR,Arkansas Department of Transportation,1,Operational,ARHD,GPS+GAL+GLO,Hourly,https://geodesy.noaa.gov/CORS/ncn_station_pages/index.html?stationID=ARHR,https://geodesy.noaa.gov/DataAvailability/DAP.jsp?SiteID=ARHR&NOD=20,https://geodesy.noaa.gov/cgi-cors/CorsSidebarSelect.prl?site=ARHR&option=Logfile,8/9/2005,-93.03,36.1841666667
ARJB,City of Jonesboro Arkansas,1,Operational,AR2070,GPS+GLO,Hourly,https://geodesy.noaa.gov/CORS/ncn_station_pages/index.html?stationID=ARJB,https://geodesy.noaa.gov/DataAvailability/DAP.jsp?SiteID=ARJB&NOD=20,https://geodesy.noaa.gov/cgi-cors/CorsSidebarSelect.prl?site=ARJB&option=Logfile,9/2/2013,-90.7469444444,35.8477777778
ARLR,Arkansas Department of Transportation,1,Operational,ARHD,GPS+GAL+GLO,Hourly,https://geodesy.noaa.gov/CORS/ncn_station_pages/index.html?stationID=ARLR,https://geodesy.noaa.gov/DataAvailability/DAP.jsp?SiteID=ARLR&NOD=20,https://geodesy.noaa.gov/cgi-cors/CorsSidebarSelect.prl?site=ARLR&option=Logfile,8/9/2005,-92.3825,34.6725
ARM3,City of Mountain Home Arkansas,1,Operational,AR2730,GPS+GAL+GLO,Hourly,https://geodesy.noaa.gov/CORS/ncn_station_pages/index.html?stationID=ARM3,https://geodesy.noaa.gov/DataAvailability/DAP.jsp?SiteID=ARM3&NOD=20,https://geodesy.noaa.gov/cgi-cors/CorsSidebarSelect.prl?site=ARM3&option=Logfile,11/2/2010,-92.3730555556,36.3691666667
ARMO,Arkansas Department of Transportation,1,Operational,ARHD,GPS+GAL+GLO,Hourly,https://geodesy.noaa.gov/CORS/ncn_station_pages/index.html?stationID=ARMO,https://geodesy.noaa.gov/DataAvailability/DAP.jsp?SiteID=ARMO&NOD=20,https://geodesy.noaa.gov/cgi-cors/CorsSidebarSelect.prl?site=ARMO&option=Logfile,2/27/2017,-91.8130555556,33.5944444444
ARPB,Arkansas Department of Transportation,1,Operational,ARHD,GPS+GAL+GLO,Hourly,https://geodesy.noaa.gov/CORS/ncn_station_pages/index.html?stationID=ARPB,https://geodesy.noaa.gov/DataAvailability/DAP.jsp?SiteID=ARPB&NOD=20,https://geodesy.noaa.gov/cgi-cors/CorsSidebarSelect.prl?site=ARPB&option=Logfile,12/10/2015,-91.9141666667,34.1936111111
ARPG,Arkansas Department of Transportation,1,Operational,ARHD,GPS+GAL+GLO,Hourly,https://geodesy.noaa.gov/CORS/ncn_station_pages/index.html?stationID=ARPG,https://geodesy.noaa.gov/DataAvailability/DAP.jsp?SiteID=ARPG&NOD=20,https://geodesy.noaa.gov/cgi-cors/CorsSidebarSelect.prl?site=ARPG&option=Logfile,8/9/2005,-90.5186111111,36.0588888889
ARRV,Arkansas Department of Transportation,1,Operational,ARHD,GPS+GAL+GLO,Hourly,https://geodesy.noaa.gov/CORS/ncn_station_pages/index.html?stationID=ARRV,https://geodesy.noaa.gov/DataAvailability/DAP.jsp?SiteID=ARRV&NOD=20,https://geodesy.noaa.gov/cgi-cors/CorsSidebarSelect.prl?site=ARRV&option=Logfile,2/27/2017,-93.1308333333,35.3061111111
ARWY,Arkansas Department of Transportation,1,Operational,ARHD,GPS+GAL+GLO,Hourly,https://geodesy.noaa.gov/CORS/ncn_station_pages/index.html?stationID=ARWY,https://geodesy.noaa.gov/DataAvailability/DAP.jsp?SiteID=ARWY&NOD=20,https://geodesy.noaa.gov/cgi-cors/CorsSidebarSelect.prl?site=ARWY&option=Logfile,8/28/2015,-90.8013888889,35.2530555556
ASCS,Alfred State College,5,Operational,ASCS,GPS+GLO,Hourly,https://geodesy.noaa.gov/CORS/ncn_station_pages/index.html?stationID=ASCS,https://geodesy.noaa.gov/DataAvailability/DAP.jsp?SiteID=ASCS&NOD=20,https://geodesy.noaa.gov/cgi-cors/CorsSidebarSelect.prl?site=ASCS&option=Logfile,5/13/2009,-77.7969444444,42.2552777778
ASPA,NGS-IGS,1,Operational,NGSIGS,GPS+GAL+GLO,Hourly,https://geodesy.noaa.gov/CORS/ncn_station_pages/index.html?stationID=ASPA,https://geodesy.noaa.gov/DataAvailability/DAP.jsp?SiteID=ASPA&NOD=20,https://geodesy.noaa.gov/cgi-cors/CorsSidebarSelect.prl?site=ASPA&option=Logfile,8/12/2001,-170.7222222222,-14.3258333333
ASUB,North Carolina Geodetic Survey,1,Operational,NCGS,GPS+GAL+GLO,Hourly,https://geodesy.noaa.gov/CORS/ncn_station_pages/index.html?stationID=ASUB,https://geodesy.noaa.gov/DataAvailability/DAP.jsp?SiteID=ASUB&NOD=20,https://geodesy.noaa.gov/cgi-cors/CorsSidebarSelect.prl?site=ASUB&option=Logfile,1/13/2003,-81.6816666667,36.2138888889
AT01,UNAVCO-PBO,15,Operational,UNAVPB,GPS+GAL+GLO,Hourly,https://geodesy.noaa.gov/CORS/ncn_station_pages/index.html?stationID=AT01,https://geodesy.noaa.gov/DataAvailability/DAP.jsp?SiteID=AT01&NOD=20,https://geodesy.noaa.gov/cgi-cors/CorsSidebarSelect.prl?site=AT01&option=Logfile,6/3/2020,-162.0063888889,63.4838888889
ATLI,"Natural Resources Canada, Geodetic Survey Division",30,Non-Operational,CADNR,GPS+GLO,Daily,https://geodesy.noaa.gov/CORS/ncn_station_pages/index.html?stationID=ATLI,https://geodesy.noaa.gov/DataAvailability/DAP.jsp?SiteID=ATLI&NOD=20,https://geodesy.noaa.gov/cgi-cors/CorsSidebarSelect.prl?site=ATLI&option=Logfile,11/16/2014,-133.7144444444,59.5894444444
ATQK,UNAVCO-PBO,15,Non-Operational,UNAVPB,GPS,Daily,https://geodesy.noaa.gov/CORS/ncn_station_pages/index.html?stationID=ATQK,https://geodesy.noaa.gov/DataAvailability/DAP.jsp?SiteID=ATQK&NOD=20,https://geodesy.noaa.gov/cgi-cors/CorsSidebarSelect.prl?site=ATQK&option=Logfile,10/20/2012,-157.4077777778,70.4719444444
ATW2,UNAVCO-PBO,15,Operational,UNAVPB,GPS+GAL+GLO,Daily,https://geodesy.noaa.gov/CORS/ncn_station_pages/index.html?stationID=ATW2,https://geodesy.noaa.gov/DataAvailability/DAP.jsp?SiteID=ATW2&NOD=20,https://geodesy.noaa.gov/cgi-cors/CorsSidebarSelect.prl?site=ATW2&option=Logfile,1/1/2010,-149.1322222222,61.5975
AUBN,City of Auburn Information Systems Indiana,1,Non-Operational,COAIN,GPS+GLO,Hourly,https://geodesy.noaa.gov/CORS/ncn_station_pages/index.html?stationID=AUBN,https://geodesy.noaa.gov/DataAvailability/DAP.jsp?SiteID=AUBN&NOD=20,https://geodesy.noaa.gov/cgi-cors/CorsSidebarSelect.prl?site=AUBN&option=Logfile,2/11/2009,-85.0541666667,41.3658333333
AV09,UNAVCO-PBO,15,Operational,UNAVPB,GPS+GAL+GLO,Daily,https://geodesy.noaa.gov/CORS/ncn_station_pages/index.html?stationID=AV09,https://geodesy.noaa.gov/DataAvailability/DAP.jsp?SiteID=AV09&NOD=20,https://geodesy.noaa.gov/cgi-cors/CorsSidebarSelect.prl?site=AV09&option=Logfile,9/16/2004,-166.5416666667,53.8755555556
AVCA,Michigan Department of Transportation,1,Operational,MIDT,GPS+GAL+GLO,Hourly,https://geodesy.noaa.gov/CORS/ncn_station_pages/index.html?stationID=AVCA,https://geodesy.noaa.gov/DataAvailability/DAP.jsp?SiteID=AVCA&NOD=20,https://geodesy.noaa.gov/cgi-cors/CorsSidebarSelect.prl?site=AVCA&option=Logfile,4/10/2003,-82.6875,43.0608333333
AWES,Louisiana State University,15,Operational,LASU,GPS+GAL+GLO,Hourly,https://geodesy.noaa.gov/CORS/ncn_station_pages/index.html?stationID=AWES,https://geodesy.noaa.gov/DataAvailability/DAP.jsp?SiteID=AWES&NOD=20,https://geodesy.noaa.gov/cgi-cors/CorsSidebarSelect.prl?site=AWES&option=Logfile,5/16/2010,-90.9827777778,30.1
AZ36,Central Arizona Project,1,Operational,CAP,GPS+GAL+GLO,Hourly,https://geodesy.noaa.gov/CORS/ncn_station_pages/index.html?stationID=AZ36,https://geodesy.noaa.gov/DataAvailability/DAP.jsp?SiteID=AZ36&NOD=20,https://geodesy.noaa.gov/cgi-cors/CorsSidebarSelect.prl?site=AZ36&option=Logfile,7/18/2024,-111.2052763333,32.4771611444
AZAM,Arizona Department of Water Resources,1,Operational,AZDWR,GPS+GLO,Hourly,https://geodesy.noaa.gov/CORS/ncn_station_pages/index.html?stationID=AZAM,https://geodesy.noaa.gov/DataAvailability/DAP.jsp?SiteID=AZAM&NOD=20,https://geodesy.noaa.gov/cgi-cors/CorsSidebarSelect.prl?site=AZAM&option=Logfile,3/19/2011,-111.0711111111,31.73
AZAZ,Arizona Department of Water Resources,1,Operational,AZDWR,GPS+GLO,Hourly,https://geodesy.noaa.gov/CORS/ncn_station_pages/index.html?stationID=AZAZ,https://geodesy.noaa.gov/DataAvailability/DAP.jsp?SiteID=AZAZ&NOD=20,https://geodesy.noaa.gov/cgi-cors/CorsSidebarSelect.prl?site=AZAZ&option=Logfile,4/8/2025,-111.6538991917,32.7612715667
AZBF,Arizona Department of Water Resources,1,Operational,AZDWR,GPS+GLO,Hourly,https://geodesy.noaa.gov/CORS/ncn_station_pages/index.html?stationID=AZBF,https://geodesy.noaa.gov/DataAvailability/DAP.jsp?SiteID=AZBF&NOD=20,https://geodesy.noaa.gov/cgi-cors/CorsSidebarSelect.prl?site=AZBF&option=Logfile,11/13/2024,-112.6358751194,33.4310947028
AZBH,Arizona Department of Water Resources,1,Operational,AZDWR,GPS+GLO,Hourly,https://geodesy.noaa.gov/CORS/ncn_station_pages/index.html?stationID=AZBH,https://geodesy.noaa.gov/DataAvailability/DAP.jsp?SiteID=AZBH&NOD=20,https://geodesy.noaa.gov/cgi-cors/CorsSidebarSelect.prl?site=AZBH&option=Logfile,1/1/2009,-114.6047222222,35.1072222222
AZBR,Arizona Department of Water Resources,1,Operational,AZDWR,GPS+GLO,Hourly,https://geodesy.noaa.gov/CORS/ncn_station_pages/index.html?stationID=AZBR,https://geodesy.noaa.gov/DataAvailability/DAP.jsp?SiteID=AZBR&NOD=20,https://geodesy.noaa.gov/cgi-cors/CorsSidebarSelect.prl?site=AZBR&option=Logfile,5/14/2012,-110.8013888889,32.2588888889
AZBZ,Arizona Department of Water Resources,1,Operational,AZDWR,GPS+GLO,Hourly,https://geodesy.noaa.gov/CORS/ncn_station_pages/index.html?stationID=AZBZ,https://geodesy.noaa.gov/DataAvailability/DAP.jsp?SiteID=AZBZ&NOD=20,https://geodesy.noaa.gov/cgi-cors/CorsSidebarSelect.prl?site=AZBZ&option=Logfile,4/8/2025,-109.9262453306,31.3880019111
AZCJ,Arizona Department of Water Resources,1,Operational,AZDWR,GPS+GLO,Hourly,https://geodesy.noaa.gov/CORS/ncn_station_pages/index.html?stationID=AZCJ,https://geodesy.noaa.gov/DataAvailability/DAP.jsp?SiteID=AZCJ&NOD=20,https://geodesy.noaa.gov/cgi-cors/CorsSidebarSelect.prl?site=AZCJ&option=Logfile,8/15/2025,-112.1243522972,34.3338122639
AZCR,Arizona Department of Water Resources,1,Operational,AZDWR,GPS+GAL,Hourly,https://geodesy.noaa.gov/CORS/ncn_station_pages/index.html?stationID=AZCR,https://geodesy.noaa.gov/DataAvailability/DAP.jsp?SiteID=AZCR&NOD=20,https://geodesy.noaa.gov/cgi-cors/CorsSidebarSelect.prl?site=AZCR&option=Logfile,1/1/2025,-111.83024815,33.8510791667
AZCS,Arizona Department of Water Resources,1,Operational,AZDWR,GPS+GLO,Hourly,https://geodesy.noaa.gov/CORS/ncn_station_pages/index.html?stationID=AZCS,https://geodesy.noaa.gov/DataAvailability/DAP.jsp?SiteID=AZCS&NOD=20,https://geodesy.noaa.gov/cgi-cors/CorsSidebarSelect.prl?site=AZCS&option=Logfile,8/11/2024,-111.8936043,33.6600321167
AZDA,Arizona Department of Water Resources,1,Operational,AZDWR,GPS+GLO,Hourly,https://geodesy.noaa.gov/CORS/ncn_station_pages/index.html?stationID=AZDA,https://geodesy.noaa.gov/DataAvailability/DAP.jsp?SiteID=AZDA&NOD=20,https://geodesy.noaa.gov/cgi-cors/CorsSidebarSelect.prl?site=AZDA&option=Logfile,4/2/2025,-109.5984442528,31.4567397056
AZDS,Arizona Department of Water Resources,1,Operational,AZDWR,GPS+GLO,Hourly,https://geodesy.noaa.gov/CORS/ncn_station_pages/index.html?stationID=AZDS,https://geodesy.noaa.gov/DataAvailability/DAP.jsp?SiteID=AZDS&NOD=20,https://geodesy.noaa.gov/cgi-cors/CorsSidebarSelect.prl?site=AZDS&option=Logfile,3/14/2012,-114.3591666667,35.5330555556
AZFC,Arizona Department of Water Resources,1,Operational,AZDWR,GPS+GLO,Hourly,https://geodesy.noaa.gov/CORS/ncn_station_pages/index.html?stationID=AZFC,https://geodesy.noaa.gov/DataAvailability/DAP.jsp?SiteID=AZFC&NOD=20,https://geodesy.noaa.gov/cgi-cors/CorsSidebarSelect.prl?site=AZFC&option=Logfile,10/1/2025,-111.5202263611,35.3041692833
AZFL,Arizona Department of Water Resources,1,Operational,AZDWR,GPS+GLO,Hourly,https://geodesy.noaa.gov/CORS/ncn_station_pages/index.html?stationID=AZFL,https://geodesy.noaa.gov/DataAvailability/DAP.jsp?SiteID=AZFL&NOD=20,https://geodesy.noaa.gov/cgi-cors/CorsSidebarSelect.prl?site=AZFL&option=Logfile,2/19/2009,-111.6569444444,35.1772222222
AZFM,Arizona Department of Water Resources,1,Operational,AZDWR,GPS+GLO,Hourly,https://geodesy.noaa.gov/CORS/ncn_station_pages/index.html?stationID=AZFM,https://geodesy.noaa.gov/DataAvailability/DAP.jsp?SiteID=AZFM&NOD=20,https://geodesy.noaa.gov/cgi-cors/CorsSidebarSelect.prl?site=AZFM&option=Logfile,5/13/2009,-114.595,34.8522222222
AZFR,Arizona Department of Water Resources,1,Operational,AZDWR,GPS+GAL,Hourly,https://geodesy.noaa.gov/CORS/ncn_station_pages/index.html?stationID=AZFR,https://geodesy.noaa.gov/DataAvailability/DAP.jsp?SiteID=AZFR&NOD=20,https://geodesy.noaa.gov/cgi-cors/CorsSidebarSelect.prl?site=AZFR&option=Logfile,11/4/2025,-113.3608921111,35.1865523639
AZGB,Arizona Department of Water Resources,1,Operational,AZDWR,GPS+GLO,Hourly,https://geodesy.noaa.gov/CORS/ncn_station_pages/index.html?stationID=AZGB,https://geodesy.noaa.gov/DataAvailability/DAP.jsp?SiteID=AZGB&NOD=20,https://geodesy.noaa.gov/cgi-cors/CorsSidebarSelect.prl?site=AZGB&option=Logfile,4/20/2003,-110.7713888889,33.3952777778
AZGC,Arizona Department of Water Resources,1,Operational,AZDWR,GPS+GLO,Hourly,https://geodesy.noaa.gov/CORS/ncn_station_pages/index.html?stationID=AZGC,https://geodesy.noaa.gov/DataAvailability/DAP.jsp?SiteID=AZGC&NOD=20,https://geodesy.noaa.gov/cgi-cors/CorsSidebarSelect.prl?site=AZGC&option=Logfile,4/8/2024,-109.2133125139,32.9578904861
AZGD,Arizona Department of Water Resources,1,Operational,AZDWR,GPS+GLO,Hourly,https://geodesy.noaa.gov/CORS/ncn_station_pages/index.html?stationID=AZGD,https://geodesy.noaa.gov/DataAvailability/DAP.jsp?SiteID=AZGD&NOD=20,https://geodesy.noaa.gov/cgi-cors/CorsSidebarSelect.prl?site=AZGD&option=Logfile,9/20/2024,-112.6972597306,32.955127625
AZGV,Arizona Department of Water Resources,1,Operational,AZDWR,GPS+GLO,Hourly,https://geodesy.noaa.gov/CORS/ncn_station_pages/index.html?stationID=AZGV,https://geodesy.noaa.gov/DataAvailability/DAP.jsp?SiteID=AZGV&NOD=20,https://geodesy.noaa.gov/cgi-cors/CorsSidebarSelect.prl?site=AZGV&option=Logfile,5/4/2011,-114.2541666667,35.2541666667
AZLA,Arizona Department of Water Resources,1,Operational,AZDWR,GPS+GLO,Hourly,https://geodesy.noaa.gov/CORS/ncn_station_pages/index.html?stationID=AZLA,https://geodesy.noaa.gov/DataAvailability/DAP.jsp?SiteID=AZLA&NOD=20,https://geodesy.noaa.gov/cgi-cors/CorsSidebarSelect.prl?site=AZLA&option=Logfile,1/6/2026,-114.350464475,34.5636391694
AZLP,Arizona Department of Water Resources,1,Operational,AZDWR,GPS+GAL+GLO,Hourly,https://geodesy.noaa.gov/CORS/ncn_station_pages/index.html?stationID=AZLP,https://geodesy.noaa.gov/DataAvailability/DAP.jsp?SiteID=AZLP&NOD=20,https://geodesy.noaa.gov/cgi-cors/CorsSidebarSelect.prl?site=AZLP&option=Logfile,8/5/2025,-111.5000398694,36.9468619583
AZLQ,Central Arizona Project,1,Operational,CAP,GPS+GLO,Hourly,https://geodesy.noaa.gov/CORS/ncn_station_pages/index.html?stationID=AZLQ,https://geodesy.noaa.gov/DataAvailability/DAP.jsp?SiteID=AZLQ&NOD=20,https://geodesy.noaa.gov/cgi-cors/CorsSidebarSelect.prl?site=AZLQ&option=Logfile,3/27/2023,-113.6341666667,33.5988888889
AZMP,SmartNet North America,15,Operational,SMRTNT,GPS+GLO,Hourly,https://geodesy.noaa.gov/CORS/ncn_station_pages/index.html?stationID=AZMP,https://geodesy.noaa.gov/DataAvailability/DAP.jsp?SiteID=AZMP&NOD=20,https://geodesy.noaa.gov/cgi-cors/CorsSidebarSelect.prl?site=AZMP&option=Logfile,1/1/2014,-112.0552777778,33.0283333333
AZMS,Arizona Department of Water Resources,1,Operational,AZDWR,GPS+GLO,Hourly,https://geodesy.noaa.gov/CORS/ncn_station_pages/index.html?stationID=AZMS,https://geodesy.noaa.gov/DataAvailability/DAP.jsp?SiteID=AZMS&NOD=20,https://geodesy.noaa.gov/cgi-cors/CorsSidebarSelect.prl?site=AZMS&option=Logfile,11/7/2024,-112.0400372417,32.8815124528
AZOR,Arizona Department of Water Resources,1,Operational,AZDWR,GPS+GLO,Hourly,https://geodesy.noaa.gov/CORS/ncn_station_pages/index.html?stationID=AZOR,https://geodesy.noaa.gov/DataAvailability/DAP.jsp?SiteID=AZOR&NOD=20,https://geodesy.noaa.gov/cgi-cors/CorsSidebarSelect.prl?site=AZOR&option=Logfile,4/15/2025,-110.8084176778,32.6170246167
AZP0,Arizona Department of Water Resources,1,Operational,AZDWR,GPS+GLO,Hourly,https://geodesy.noaa.gov/CORS/ncn_station_pages/index.html?stationID=AZP0,https://geodesy.noaa.gov/DataAvailability/DAP.jsp?SiteID=AZP0&NOD=20,https://geodesy.noaa.gov/cgi-cors/CorsSidebarSelect.prl?site=AZP0&option=Logfile,9/9/2024,-112.0837638167,33.7965276806
AZP2,Arizona Department of Water Resources,1,Operational,AZDWR,GPS+GLO,Hourly,https://geodesy.noaa.gov/CORS/ncn_station_pages/index.html?stationID=AZP2,https://geodesy.noaa.gov/DataAvailability/DAP.jsp?SiteID=AZP2&NOD=20,https://geodesy.noaa.gov/cgi-cors/CorsSidebarSelect.prl?site=AZP2&option=Logfile,11/9/2024,-112.2462545528,33.3976692833
AZP3,Arizona Department of Water Resources,1,Operational,AZDWR,GPS+GLO,Hourly,https://geodesy.noaa.gov/CORS/ncn_station_pages/index.html?stationID=AZP3,https://geodesy.noaa.gov/DataAvailability/DAP.jsp?SiteID=AZP3&NOD=20,https://geodesy.noaa.gov/cgi-cors/CorsSidebarSelect.prl?site=AZP3&option=Logfile,2/12/2025,-112.0744506389,33.601601025
AZPD,Arizona Department of Water Resources,1,Operational,AZDWR,GPS+GLO,Hourly,https://geodesy.noaa.gov/CORS/ncn_station_pages/index.html?stationID=AZPD,https://geodesy.noaa.gov/DataAvailability/DAP.jsp?SiteID=AZPD&NOD=20,https://geodesy.noaa.gov/cgi-cors/CorsSidebarSelect.prl?site=AZPD&option=Logfile,1/5/2026,-114.282583425,34.1386793417
AZPG,Arizona Department of Water Resources,1,Operational,AZDWR,GPS+GLO,Hourly,https://geodesy.noaa.gov/CORS/ncn_station_pages/index.html?stationID=AZPG,https://geodesy.noaa.gov/DataAvailability/DAP.jsp?SiteID=AZPG&NOD=20,https://geodesy.noaa.gov/cgi-cors/CorsSidebarSelect.prl?site=AZPG&option=Logfile,2/5/2009,-111.4625,36.9086111111
AZPL,Arizona Department of Water Resources,1,Operational,AZDWR,GPS+GLO,Hourly,https://geodesy.noaa.gov/CORS/ncn_station_pages/index.html?stationID=AZPL,https://geodesy.noaa.gov/DataAvailability/DAP.jsp?SiteID=AZPL&NOD=20,https://geodesy.noaa.gov/cgi-cors/CorsSidebarSelect.prl?site=AZPL&option=Logfile,4/22/2025,-110.8704994639,31.4902894083
AZRV,Arizona Department of Water Resources,1,Operational,AZDWR,GPS+GLO,Hourly,https://geodesy.noaa.gov/CORS/ncn_station_pages/index.html?stationID=AZRV,https://geodesy.noaa.gov/DataAvailability/DAP.jsp?SiteID=AZRV&NOD=20,https://geodesy.noaa.gov/cgi-cors/CorsSidebarSelect.prl?site=AZRV&option=Logfile,10/22/2010,-109.2808333333,34.1316666667
AZSF,Arizona Department of Water Resources,1,Operational,AZDWR,GPS+GAL+GLO,Hourly,https://geodesy.noaa.gov/CORS/ncn_station_pages/index.html?stationID=AZSF,https://geodesy.noaa.gov/DataAvailability/DAP.jsp?SiteID=AZSF&NOD=20,https://geodesy.noaa.gov/cgi-cors/CorsSidebarSelect.prl?site=AZSF&option=Logfile,11/20/2008,-109.7116666667,32.8019444444
AZSN,Arizona Department of Water Resources,1,Operational,AZDWR,GPS+GLO,Hourly,https://geodesy.noaa.gov/CORS/ncn_station_pages/index.html?stationID=AZSN,https://geodesy.noaa.gov/DataAvailability/DAP.jsp?SiteID=AZSN&NOD=20,https://geodesy.noaa.gov/cgi-cors/CorsSidebarSelect.prl?site=AZSN&option=Logfile,3/25/2025,-110.2115582389,31.9035463222
AZSS,Arizona Department of Water Resources,1,Operational,AZDWR,GPS+GLO,Hourly,https://geodesy.noaa.gov/CORS/ncn_station_pages/index.html?stationID=AZSS,https://geodesy.noaa.gov/DataAvailability/DAP.jsp?SiteID=AZSS&NOD=20,https://geodesy.noaa.gov/cgi-cors/CorsSidebarSelect.prl?site=AZSS&option=Logfile,12/9/2025,-109.0890733167,32.2395907667
AZST,Arizona Department of Water Resources,1,Operational,AZDWR,GPS+GLO,Hourly,https://geodesy.noaa.gov/CORS/ncn_station_pages/index.html?stationID=AZST,https://geodesy.noaa.gov/DataAvailability/DAP.jsp?SiteID=AZST&NOD=20,https://geodesy.noaa.gov/cgi-cors/CorsSidebarSelect.prl?site=AZST&option=Logfile,1/25/2012,-111.6352777778,33.1677777778
AZSV,Arizona Department of Water Resources,1,Operational,AZDWR,GPS+GLO,Hourly,https://geodesy.noaa.gov/CORS/ncn_station_pages/index.html?stationID=AZSV,https://geodesy.noaa.gov/DataAvailability/DAP.jsp?SiteID=AZSV&NOD=20,https://geodesy.noaa.gov/cgi-cors/CorsSidebarSelect.prl?site=AZSV&option=Logfile,11/6/2009,-111.2402777778,34.2647222222
AZTP,Arizona Department of Water Resources,1,Operational,AZDWR,GPS+GAL+GLO,Hourly,https://geodesy.noaa.gov/CORS/ncn_station_pages/index.html?stationID=AZTP,https://geodesy.noaa.gov/DataAvailability/DAP.jsp?SiteID=AZTP&NOD=20,https://geodesy.noaa.gov/cgi-cors/CorsSidebarSelect.prl?site=AZTP&option=Logfile,5/5/2009,-111.9375,33.4455555556
AZTW,Arizona Department of Water Resources,1,Operational,AZDWR,GPS+GAL+GLO,Hourly,https://geodesy.noaa.gov/CORS/ncn_station_pages/index.html?stationID=AZTW,https://geodesy.noaa.gov/DataAvailability/DAP.jsp?SiteID=AZTW&NOD=20,https://geodesy.noaa.gov/cgi-cors/CorsSidebarSelect.prl?site=AZTW&option=Logfile,3/7/2025,-112.328240675,33.6959376639
AZTX,Arizona Department of Water Resources,1,Operational,AZDWR,GPS+GLO,Hourly,https://geodesy.noaa.gov/CORS/ncn_station_pages/index.html?stationID=AZTX,https://geodesy.noaa.gov/DataAvailability/DAP.jsp?SiteID=AZTX&NOD=20,https://geodesy.noaa.gov/cgi-cors/CorsSidebarSelect.prl?site=AZTX&option=Logfile,11/4/2025,-113.5571687806,35.4863041944
AZU1,UNAVCO-PBO,15,Operational,UNAVPB,GPS+GAL+GLO,Daily,https://geodesy.noaa.gov/CORS/ncn_station_pages/index.html?stationID=AZU1,https://geodesy.noaa.gov/DataAvailability/DAP.jsp?SiteID=AZU1&NOD=20,https://geodesy.noaa.gov/cgi-cors/CorsSidebarSelect.prl?site=AZU1&option=Logfile,5/9/2011,-117.8963888889,34.1258333333
AZUP,Arizona Department of Water Resources,1,Operational,AZDWR,GPS+GLO,Hourly,https://geodesy.noaa.gov/CORS/ncn_station_pages/index.html?stationID=AZUP,https://geodesy.noaa.gov/DataAvailability/DAP.jsp?SiteID=AZUP&NOD=20,https://geodesy.noaa.gov/cgi-cors/CorsSidebarSelect.prl?site=AZUP&option=Logfile,9/23/2011,-111.62,33.4808333333
AZVA,Arizona Department of Water Resources,1,Operational,AZDWR,GPS+GLO,Hourly,https://geodesy.noaa.gov/CORS/ncn_station_pages/index.html?stationID=AZVA,https://geodesy.noaa.gov/DataAvailability/DAP.jsp?SiteID=AZVA&NOD=20,https://geodesy.noaa.gov/cgi-cors/CorsSidebarSelect.prl?site=AZVA&option=Logfile,3/24/2011,-110.7702777778,31.9538888889
AZWD,Arizona Department of Water Resources,1,Operational,AZDWR,GPS+GLO,Hourly,https://geodesy.noaa.gov/CORS/ncn_station_pages/index.html?stationID=AZWD,https://geodesy.noaa.gov/DataAvailability/DAP.jsp?SiteID=AZWD&NOD=20,https://geodesy.noaa.gov/cgi-cors/CorsSidebarSelect.prl?site=AZWD&option=Logfile,1/23/2025,-112.7183398806,33.9646597611
AZWI,Arizona Department of Water Resources,1,Operational,AZDWR,GPS+GLO,Hourly,https://geodesy.noaa.gov/CORS/ncn_station_pages/index.html?stationID=AZWI,https://geodesy.noaa.gov/DataAvailability/DAP.jsp?SiteID=AZWI&NOD=20,https://geodesy.noaa.gov/cgi-cors/CorsSidebarSelect.prl?site=AZWI&option=Logfile,3/25/2025,-109.8848789028,32.2466204167
AZWP,Arizona Department of Water Resources,1,Operational,AZDWR,GPS+GLO,Hourly,https://geodesy.noaa.gov/CORS/ncn_station_pages/index.html?stationID=AZWP,https://geodesy.noaa.gov/DataAvailability/DAP.jsp?SiteID=AZWP&NOD=20,https://geodesy.noaa.gov/cgi-cors/CorsSidebarSelect.prl?site=AZWP&option=Logfile,8/5/2025,-113.6164651361,34.7071561389
AZYA,Arizona Department of Water Resources,1,Operational,AZDWR,GPS+GLO,Hourly,https://geodesy.noaa.gov/CORS/ncn_station_pages/index.html?stationID=AZYA,https://geodesy.noaa.gov/DataAvailability/DAP.jsp?SiteID=AZYA&NOD=20,https://geodesy.noaa.gov/cgi-cors/CorsSidebarSelect.prl?site=AZYA&option=Logfile,8/15/2024,-114.5974755472,32.6894537083
AZYC,Arizona Department of Water Resources,1,Operational,AZDWR,GPS+GLO,Hourly,https://geodesy.noaa.gov/CORS/ncn_station_pages/index.html?stationID=AZYC,https://geodesy.noaa.gov/DataAvailability/DAP.jsp?SiteID=AZYC&NOD=20,https://geodesy.noaa.gov/cgi-cors/CorsSidebarSelect.prl?site=AZYC&option=Logfile,2/9/2012,-114.1469444444,34.8791666667
AZYH,Arizona Department of Water Resources,1,Operational,AZDWR,GPS+GLO,Hourly,https://geodesy.noaa.gov/CORS/ncn_station_pages/index.html?stationID=AZYH,https://geodesy.noaa.gov/DataAvailability/DAP.jsp?SiteID=AZYH&NOD=20,https://geodesy.noaa.gov/cgi-cors/CorsSidebarSelect.prl?site=AZYH&option=Logfile,8/7/2024,-112.4606947639,34.6095568917
BACO,"Baltimore County MD, Land Survey Division",5,Operational,BCSD,GPS+GAL+GLO,Hourly,https://geodesy.noaa.gov/CORS/ncn_station_pages/index.html?stationID=BACO,https://geodesy.noaa.gov/DataAvailability/DAP.jsp?SiteID=BACO&NOD=20,https://geodesy.noaa.gov/cgi-cors/CorsSidebarSelect.prl?site=BACO&option=Logfile,11/19/2007,-76.6066666667,39.3994444444
BAR1,UNAVCO-PBO,15,Operational,UNAVPB,GPS,Daily,https://geodesy.noaa.gov/CORS/ncn_station_pages/index.html?stationID=BAR1,https://geodesy.noaa.gov/DataAvailability/DAP.jsp?SiteID=BAR1&NOD=20,https://geodesy.noaa.gov/cgi-cors/CorsSidebarSelect.prl?site=BAR1&option=Logfile,5/8/2010,-119.0297222222,33.4802777778
BARH,SmartNet North America,15,Operational,SMRTNT,GPS+GLO,Hourly,https://geodesy.noaa.gov/CORS/ncn_station_pages/index.html?stationID=BARH,https://geodesy.noaa.gov/DataAvailability/DAP.jsp?SiteID=BARH&NOD=20,https://geodesy.noaa.gov/cgi-cors/CorsSidebarSelect.prl?site=BARH&option=Logfile,10/2/1998,-68.2216666667,44.395
BAYR,Michigan Department of Transportation,1,Non-Operational,MIDT,GPS+GAL+GLO,Hourly,https://geodesy.noaa.gov/CORS/ncn_station_pages/index.html?stationID=BAYR,https://geodesy.noaa.gov/DataAvailability/DAP.jsp?SiteID=BAYR&NOD=20,https://geodesy.noaa.gov/cgi-cors/CorsSidebarSelect.prl?site=BAYR&option=Logfile,8/31/2001,-83.8916666667,43.4461111111
BCRK,"Natural Resources Canada, Geodetic Survey Division",30,Non-Operational,CADNR,GPS+GLO,Daily,https://geodesy.noaa.gov/CORS/ncn_station_pages/index.html?stationID=BCRK,https://geodesy.noaa.gov/DataAvailability/DAP.jsp?SiteID=BCRK&NOD=20,https://geodesy.noaa.gov/cgi-cors/CorsSidebarSelect.prl?site=BCRK&option=Logfile,11/16/2014,-140.8602777778,62.4141666667
BET1,Federal Aviation Administration,1,Operational,FAA,GPS,Daily,https://geodesy.noaa.gov/CORS/ncn_station_pages/index.html?stationID=BET1,https://geodesy.noaa.gov/DataAvailability/DAP.jsp?SiteID=BET1&NOD=20,https://geodesy.noaa.gov/cgi-cors/CorsSidebarSelect.prl?site=BET1&option=Logfile,3/12/2008,-161.8416666667,60.7877777778
BFNY,"NOAA, Center for Operational Oceanographic Products and Services",15,Operational,COOPS,GPS+GAL+GLO,Hourly,https://geodesy.noaa.gov/CORS/ncn_station_pages/index.html?stationID=BFNY,https://geodesy.noaa.gov/DataAvailability/DAP.jsp?SiteID=BFNY&NOD=20,https://geodesy.noaa.gov/cgi-cors/CorsSidebarSelect.prl?site=BFNY&option=Logfile,7/26/2002,-78.8902777778,42.8775
BGGY,UNAVCO_NON-PBO,15,Operational,UNAVPS,GPS,Hourly,https://geodesy.noaa.gov/CORS/ncn_station_pages/index.html?stationID=BGGY,https://geodesy.noaa.gov/DataAvailability/DAP.jsp?SiteID=BGGY&NOD=20,https://geodesy.noaa.gov/cgi-cors/CorsSidebarSelect.prl?site=BGGY&option=Logfile,9/22/2012,-61.8611111111,17.045
BGOH,City of Bowling Green Ohio,1,Operational,OH0920,GPS+GAL+GLO,Hourly,https://geodesy.noaa.gov/CORS/ncn_station_pages/index.html?stationID=BGOH,https://geodesy.noaa.gov/DataAvailability/DAP.jsp?SiteID=BGOH&NOD=20,https://geodesy.noaa.gov/cgi-cors/CorsSidebarSelect.prl?site=BGOH&option=Logfile,2/10/2009,-83.6425,41.38
BIGR,Michigan Department of Transportation,1,Operational,MIDT,GPS+GLO,Hourly,https://geodesy.noaa.gov/CORS/ncn_station_pages/index.html?stationID=BIGR,https://geodesy.noaa.gov/DataAvailability/DAP.jsp?SiteID=BIGR&NOD=20,https://geodesy.noaa.gov/cgi-cors/CorsSidebarSelect.prl?site=BIGR&option=Logfile,6/30/2004,-85.4875,43.6788888889
BILL,UNAVCO-PBO,15,Operational,UNAVPB,GPS+GAL+GLO,Daily,https://geodesy.noaa.gov/CORS/ncn_station_pages/index.html?stationID=BILL,https://geodesy.noaa.gov/DataAvailability/DAP.jsp?SiteID=BILL&NOD=20,https://geodesy.noaa.gov/cgi-cors/CorsSidebarSelect.prl?site=BILL&option=Logfile,6/4/1998,-117.0644444444,33.5780555556
BJAB,Institut Geographique National - Benin,1,Non-Operational,IGN-BJ,GPS+GLO,Hourly,https://geodesy.noaa.gov/CORS/ncn_station_pages/index.html?stationID=BJAB,https://geodesy.noaa.gov/DataAvailability/DAP.jsp?SiteID=BJAB&NOD=20,https://geodesy.noaa.gov/cgi-cors/CorsSidebarSelect.prl?site=BJAB&option=Logfile,3/24/2009,2.0005555556,7.1822222222
BJCO,Institut Geographique National - Benin,1,Non-Operational,IGN-BJ,GPS+GLO,Hourly,https://geodesy.noaa.gov/CORS/ncn_station_pages/index.html?stationID=BJCO,https://geodesy.noaa.gov/DataAvailability/DAP.jsp?SiteID=BJCO&NOD=20,https://geodesy.noaa.gov/cgi-cors/CorsSidebarSelect.prl?site=BJCO&option=Logfile,3/24/2009,2.4502777778,6.3844444444
BJKA,Institut Geographique National - Benin,1,Non-Operational,IGN-BJ,GPS+GLO,Hourly,https://geodesy.noaa.gov/CORS/ncn_station_pages/index.html?stationID=BJKA,https://geodesy.noaa.gov/DataAvailability/DAP.jsp?SiteID=BJKA&NOD=20,https://geodesy.noaa.gov/cgi-cors/CorsSidebarSelect.prl?site=BJKA&option=Logfile,6/3/2009,2.9280555556,11.1247222222
BJNA,Institut Geographique National - Benin,1,Non-Operational,IGN-BJ,GPS+GLO,Hourly,https://geodesy.noaa.gov/CORS/ncn_station_pages/index.html?stationID=BJNA,https://geodesy.noaa.gov/DataAvailability/DAP.jsp?SiteID=BJNA&NOD=20,https://geodesy.noaa.gov/cgi-cors/CorsSidebarSelect.prl?site=BJNA&option=Logfile,7/19/2009,1.3808333333,10.2530555556
BJNI,Institut Geographique National - Benin,1,Non-Operational,IGN-BJ,GPS+GLO,Hourly,https://geodesy.noaa.gov/CORS/ncn_station_pages/index.html?stationID=BJNI,https://geodesy.noaa.gov/DataAvailability/DAP.jsp?SiteID=BJNI&NOD=20,https://geodesy.noaa.gov/cgi-cors/CorsSidebarSelect.prl?site=BJNI&option=Logfile,7/11/2009,3.2041666667,9.9511111111
BJPA,Institut Geographique National - Benin,1,Non-Operational,IGN-BJ,GPS+GLO,Hourly,https://geodesy.noaa.gov/CORS/ncn_station_pages/index.html?stationID=BJPA,https://geodesy.noaa.gov/DataAvailability/DAP.jsp?SiteID=BJPA&NOD=20,https://geodesy.noaa.gov/cgi-cors/CorsSidebarSelect.prl?site=BJPA&option=Logfile,5/30/2009,2.6258333333,9.3575
BJSA,Institut Geographique National - Benin,1,Non-Operational,IGN-BJ,GPS+GLO,Hourly,https://geodesy.noaa.gov/CORS/ncn_station_pages/index.html?stationID=BJSA,https://geodesy.noaa.gov/DataAvailability/DAP.jsp?SiteID=BJSA&NOD=20,https://geodesy.noaa.gov/cgi-cors/CorsSidebarSelect.prl?site=BJSA&option=Logfile,5/30/2009,1.9933333333,7.9275
BKAP,UNAVCO-PBO,15,Operational,UNAVPB,GPS+GAL+GLO,Daily,https://geodesy.noaa.gov/CORS/ncn_station_pages/index.html?stationID=BKAP,https://geodesy.noaa.gov/DataAvailability/DAP.jsp?SiteID=BKAP&NOD=20,https://geodesy.noaa.gov/cgi-cors/CorsSidebarSelect.prl?site=BKAP&option=Logfile,1/1/2011,-116.0802777778,35.2869444444
BKVL,Florida Department of Transportation,1,Operational,FLDT,GPS+GAL+GLO,Hourly,https://geodesy.noaa.gov/CORS/ncn_station_pages/index.html?stationID=BKVL,https://geodesy.noaa.gov/DataAvailability/DAP.jsp?SiteID=BKVL&NOD=20,https://geodesy.noaa.gov/cgi-cors/CorsSidebarSelect.prl?site=BKVL&option=Logfile,8/13/2003,-82.4536111111,28.4736111111
BLA1,UNAVCO-PBO,15,Operational,UNAVPB,GPS+GAL+GLO,Daily,https://geodesy.noaa.gov/CORS/ncn_station_pages/index.html?stationID=BLA1,https://geodesy.noaa.gov/DataAvailability/DAP.jsp?SiteID=BLA1&NOD=20,https://geodesy.noaa.gov/cgi-cors/CorsSidebarSelect.prl?site=BLA1&option=Logfile,8/28/2006,-80.4202777778,37.2111111111
BLOM,City of Bloomington Illinois,1,Non-Operational,IL0840,GPS+GLO,Hourly,https://geodesy.noaa.gov/CORS/ncn_station_pages/index.html?stationID=BLOM,https://geodesy.noaa.gov/DataAvailability/DAP.jsp?SiteID=BLOM&NOD=20,https://geodesy.noaa.gov/cgi-cors/CorsSidebarSelect.prl?site=BLOM&option=Logfile,12/10/2009,-88.9997222222,40.4955555556
BLW2,UNAVCO_NON-PBO,15,Operational,UNAVPS,GPS+GAL+GLO,Daily,https://geodesy.noaa.gov/CORS/ncn_station_pages/index.html?stationID=BLW2,https://geodesy.noaa.gov/DataAvailability/DAP.jsp?SiteID=BLW2&NOD=20,https://geodesy.noaa.gov/cgi-cors/CorsSidebarSelect.prl?site=BLW2&option=Logfile,5/20/2004,-109.5577777778,42.7669444444
BLYT,"US Geological Survey, Pasadena/SCIGN",30,Operational,USGSPA,GPS+GAL+GLO,Daily,https://geodesy.noaa.gov/CORS/ncn_station_pages/index.html?stationID=BLYT,https://geodesy.noaa.gov/DataAvailability/DAP.jsp?SiteID=BLYT&NOD=20,https://geodesy.noaa.gov/cgi-cors/CorsSidebarSelect.prl?site=BLYT&option=Logfile,11/5/1995,-114.7147222222,33.6102777778
BMHL,UNAVCO-PBO,15,Operational,UNAVPB,GPS+GAL+GLO,Daily,https://geodesy.noaa.gov/CORS/ncn_station_pages/index.html?stationID=BMHL,https://geodesy.noaa.gov/DataAvailability/DAP.jsp?SiteID=BMHL&NOD=20,https://geodesy.noaa.gov/cgi-cors/CorsSidebarSelect.prl?site=BMHL&option=Logfile,7/22/2008,-116.0527777778,34.2513888889
BMPD,"Bermuda, Ministry of Public Works, Dept. of Land Surveys and Registration",1,Non-Operational,MPWDLS,GPS+GLO,Hourly,https://geodesy.noaa.gov/CORS/ncn_station_pages/index.html?stationID=BMPD,https://geodesy.noaa.gov/DataAvailability/DAP.jsp?SiteID=BMPD&NOD=20,https://geodesy.noaa.gov/cgi-cors/CorsSidebarSelect.prl?site=BMPD&option=Logfile,5/18/2012,-64.7677777778,32.3069444444
BOGT,Jet Propulsion Laboratory,30,Operational,JPL,GPS+BDS+GAL+GLO,Hourly,https://geodesy.noaa.gov/CORS/ncn_station_pages/index.html?stationID=BOGT,https://geodesy.noaa.gov/DataAvailability/DAP.jsp?SiteID=BOGT&NOD=20,https://geodesy.noaa.gov/cgi-cors/CorsSidebarSelect.prl?site=BOGT&option=Logfile,9/8/2021,-74.0808333333,4.64
BRCH,Michigan Department of Transportation,1,Operational,MIDT,GPS+GAL+GLO,Hourly,https://geodesy.noaa.gov/CORS/ncn_station_pages/index.html?stationID=BRCH,https://geodesy.noaa.gov/DataAvailability/DAP.jsp?SiteID=BRCH&NOD=20,https://geodesy.noaa.gov/cgi-cors/CorsSidebarSelect.prl?site=BRCH&option=Logfile,6/30/2004,-83.8672222222,43.2505555556
BREW,Jet Propulsion Laboratory,30,Operational,JPL,GPS+GAL+GLO,Hourly,https://geodesy.noaa.gov/CORS/ncn_station_pages/index.html?stationID=BREW,https://geodesy.noaa.gov/DataAvailability/DAP.jsp?SiteID=BREW&NOD=20,https://geodesy.noaa.gov/cgi-cors/CorsSidebarSelect.prl?site=BREW&option=Logfile,5/3/2008,-119.6825,48.1313888889
BRFT,NGS-IGS,1,Operational,NGSIGS,GPS+GAL+GLO,Hourly,https://geodesy.noaa.gov/CORS/ncn_station_pages/index.html?stationID=BRFT,https://geodesy.noaa.gov/DataAvailability/DAP.jsp?SiteID=BRFT&NOD=20,https://geodesy.noaa.gov/cgi-cors/CorsSidebarSelect.prl?site=BRFT&option=Logfile,9/16/2005,-38.4252777778,-3.8772222222
BRI2,Berkeley Seismological Laboratory,1,Operational,BSL,GPS+GLO,Daily,https://geodesy.noaa.gov/CORS/ncn_station_pages/index.html?stationID=BRI2,https://geodesy.noaa.gov/DataAvailability/DAP.jsp?SiteID=BRI2&NOD=20,https://geodesy.noaa.gov/cgi-cors/CorsSidebarSelect.prl?site=BRI2&option=Logfile,2/25/2022,-122.1525,37.9194444444
BRIG,Michigan Department of Transportation,1,Operational,MIDT,GPS+GLO,Hourly,https://geodesy.noaa.gov/CORS/ncn_station_pages/index.html?stationID=BRIG,https://geodesy.noaa.gov/DataAvailability/DAP.jsp?SiteID=BRIG&NOD=20,https://geodesy.noaa.gov/cgi-cors/CorsSidebarSelect.prl?site=BRIG&option=Logfile,8/31/2001,-83.7563888889,42.52
BRTW,Florida Department of Transportation,1,Operational,FLDT,GPS+GAL+GLO,Hourly,https://geodesy.noaa.gov/CORS/ncn_station_pages/index.html?stationID=BRTW,https://geodesy.noaa.gov/DataAvailability/DAP.jsp?SiteID=BRTW&NOD=20,https://geodesy.noaa.gov/cgi-cors/CorsSidebarSelect.prl?site=BRTW&option=Logfile,6/20/2003,-81.7827777778,27.9494444444
BRW1,Federal Aviation Administration,1,Operational,FAA,GPS,Daily,https://geodesy.noaa.gov/CORS/ncn_station_pages/index.html?stationID=BRW1,https://geodesy.noaa.gov/DataAvailability/DAP.jsp?SiteID=BRW1&NOD=20,https://geodesy.noaa.gov/cgi-cors/CorsSidebarSelect.prl?site=BRW1&option=Logfile,4/25/2008,-156.7897222222,71.2825
BURN,UNAVCO_NON-PBO,15,Operational,UNAVPS,GPS+GAL+GLO,Hourly,https://geodesy.noaa.gov/CORS/ncn_station_pages/index.html?stationID=BURN,https://geodesy.noaa.gov/DataAvailability/DAP.jsp?SiteID=BURN&NOD=20,https://geodesy.noaa.gov/cgi-cors/CorsSidebarSelect.prl?site=BURN&option=Logfile,3/21/1999,-117.8433333333,42.7794444444
BVHS,Louisiana State University,15,Operational,LASU,GPS+GAL+GLO,Hourly,https://geodesy.noaa.gov/CORS/ncn_station_pages/index.html?stationID=BVHS,https://geodesy.noaa.gov/DataAvailability/DAP.jsp?SiteID=BVHS&NOD=20,https://geodesy.noaa.gov/cgi-cors/CorsSidebarSelect.prl?site=BVHS&option=Logfile,8/28/2002,-89.4063888889,29.3366666667
CABL,UNAVCO_NON-PBO,15,Operational,UNAVPS,GPS+GAL+GLO,Hourly,https://geodesy.noaa.gov/CORS/ncn_station_pages/index.html?stationID=CABL,https://geodesy.noaa.gov/DataAvailability/DAP.jsp?SiteID=CABL&NOD=20,https://geodesy.noaa.gov/cgi-cors/CorsSidebarSelect.prl?site=CABL&option=Logfile,2/26/1998,-124.5633333333,42.8358333333
CACC,NGS Stations CORS,15,Operational,NGSSTA,GPS+GAL+GLO,Hourly,https://geodesy.noaa.gov/CORS/ncn_station_pages/index.html?stationID=CACC,https://geodesy.noaa.gov/DataAvailability/DAP.jsp?SiteID=CACC&NOD=20,https://geodesy.noaa.gov/cgi-cors/CorsSidebarSelect.prl?site=CACC&option=Logfile,9/27/2011,-124.1841666667,41.7455555556
CALC,Louisiana State University,15,Operational,LASU,GPS+GAL+GLO,Hourly,https://geodesy.noaa.gov/CORS/ncn_station_pages/index.html?stationID=CALC,https://geodesy.noaa.gov/DataAvailability/DAP.jsp?SiteID=CALC&NOD=20,https://geodesy.noaa.gov/cgi-cors/CorsSidebarSelect.prl?site=CALC&option=Logfile,4/24/2015,-93.3427777778,29.7680555556
CALU,"NOAA, Center for Operational Oceanographic Products and Services",1,Operational,COOPS,GPS+BDS+GAL+GLO,Hourly,https://geodesy.noaa.gov/CORS/ncn_station_pages/index.html?stationID=CALU,https://geodesy.noaa.gov/DataAvailability/DAP.jsp?SiteID=CALU&NOD=20,https://geodesy.noaa.gov/cgi-cors/CorsSidebarSelect.prl?site=CALU&option=Logfile,3/6/2003,-87.5383333333,41.7297222222
CAMR,Louisiana State University,15,Operational,LASU,GPS+GAL+GLO,Hourly,https://geodesy.noaa.gov/CORS/ncn_station_pages/index.html?stationID=CAMR,https://geodesy.noaa.gov/DataAvailability/DAP.jsp?SiteID=CAMR&NOD=20,https://geodesy.noaa.gov/cgi-cors/CorsSidebarSelect.prl?site=CAMR&option=Logfile,3/7/2008,-93.325,29.7983333333
CAPO,SmartNet North America,15,Operational,SMRTNT,GPS+GLO,Hourly,https://geodesy.noaa.gov/CORS/ncn_station_pages/index.html?stationID=CAPO,https://geodesy.noaa.gov/DataAvailability/DAP.jsp?SiteID=CAPO&NOD=20,https://geodesy.noaa.gov/cgi-cors/CorsSidebarSelect.prl?site=CAPO&option=Logfile,3/11/2014,-122.2219444444,37.7141666667
CARH,UNAVCO_NON-PBO,15,Operational,UNAVPS,GPS+GAL+GLO,Daily,https://geodesy.noaa.gov/CORS/ncn_station_pages/index.html?stationID=CARH,https://geodesy.noaa.gov/DataAvailability/DAP.jsp?SiteID=CARH&NOD=20,https://geodesy.noaa.gov/cgi-cors/CorsSidebarSelect.prl?site=CARH&option=Logfile,5/30/2003,-120.4305555556,35.8883333333
CASN,SmartNet North America,15,Operational,SMRTNT,GPS+GLO,Hourly,https://geodesy.noaa.gov/CORS/ncn_station_pages/index.html?stationID=CASN,https://geodesy.noaa.gov/DataAvailability/DAP.jsp?SiteID=CASN&NOD=20,https://geodesy.noaa.gov/cgi-cors/CorsSidebarSelect.prl?site=CASN&option=Logfile,3/13/2014,-119.8452777778,34.4155555556
CASR,SmartNet North America,15,Operational,SMRTNT,GPS+GLO,Hourly,https://geodesy.noaa.gov/CORS/ncn_station_pages/index.html?stationID=CASR,https://geodesy.noaa.gov/DataAvailability/DAP.jsp?SiteID=CASR&NOD=20,https://geodesy.noaa.gov/cgi-cors/CorsSidebarSelect.prl?site=CASR&option=Logfile,3/26/2013,-122.7469444444,38.4405555556
CAT2,UNAVCO-PBO,15,Operational,UNAVPB,GPS+GAL+GLO,Hourly,https://geodesy.noaa.gov/CORS/ncn_station_pages/index.html?stationID=CAT2,https://geodesy.noaa.gov/DataAvailability/DAP.jsp?SiteID=CAT2&NOD=20,https://geodesy.noaa.gov/cgi-cors/CorsSidebarSelect.prl?site=CAT2&option=Logfile,5/8/2010,-118.3336111111,33.3113888889
CAT3,UNAVCO-PBO,15,Operational,UNAVPB,GPS+GAL+GLO,Daily,https://geodesy.noaa.gov/CORS/ncn_station_pages/index.html?stationID=CAT3,https://geodesy.noaa.gov/DataAvailability/DAP.jsp?SiteID=CAT3&NOD=20,https://geodesy.noaa.gov/cgi-cors/CorsSidebarSelect.prl?site=CAT3&option=Logfile,5/21/2010,-118.4827777778,33.4455555556
CAVE,National Park Service,1,Operational,NPS,GPS+GAL+GLO,Hourly,https://geodesy.noaa.gov/CORS/ncn_station_pages/index.html?stationID=CAVE,https://geodesy.noaa.gov/DataAvailability/DAP.jsp?SiteID=CAVE&NOD=20,https://geodesy.noaa.gov/cgi-cors/CorsSidebarSelect.prl?site=CAVE&option=Logfile,7/17/2023,-104.4547222222,32.1736111111
CBMD,Cayman Islands,15,Operational,CAYMAN,GPS+GLO,Hourly,https://geodesy.noaa.gov/CORS/ncn_station_pages/index.html?stationID=CBMD,https://geodesy.noaa.gov/DataAvailability/DAP.jsp?SiteID=CBMD&NOD=20,https://geodesy.noaa.gov/cgi-cors/CorsSidebarSelect.prl?site=CBMD&option=Logfile,3/22/2013,-79.7580555556,19.7377777778
CBRG,"Natural Resources Canada, Geodetic Survey Division",30,Operational,CADNR,GPS+GLO,Daily,https://geodesy.noaa.gov/CORS/ncn_station_pages/index.html?stationID=CBRG,https://geodesy.noaa.gov/DataAvailability/DAP.jsp?SiteID=CBRG&NOD=20,https://geodesy.noaa.gov/cgi-cors/CorsSidebarSelect.prl?site=CBRG&option=Logfile,10/10/2011,-78.1641666667,43.9563888889
CCCC,UNAVCO-PBO,15,Operational,UNAVPB,GPS+GAL+GLO,Daily,https://geodesy.noaa.gov/CORS/ncn_station_pages/index.html?stationID=CCCC,https://geodesy.noaa.gov/DataAvailability/DAP.jsp?SiteID=CCCC&NOD=20,https://geodesy.noaa.gov/cgi-cors/CorsSidebarSelect.prl?site=CCCC&option=Logfile,1/1/2011,-117.6711111111,35.5652777778
CCJ2,Geospatial Information Authority of Japan,30,Operational,GSI,GPS+GAL+GLO,Daily,https://geodesy.noaa.gov/CORS/ncn_station_pages/index.html?stationID=CCJ2,https://geodesy.noaa.gov/DataAvailability/DAP.jsp?SiteID=CCJ2&NOD=20,https://geodesy.noaa.gov/cgi-cors/CorsSidebarSelect.prl?site=CCJ2&option=Logfile,12/8/2020,142.1952777778,27.0675
CCMK,KARA Company,1,Operational,KARA,GPS+GLO,Daily,https://geodesy.noaa.gov/CORS/ncn_station_pages/index.html?stationID=CCMK,https://geodesy.noaa.gov/DataAvailability/DAP.jsp?SiteID=CCMK&NOD=20,https://geodesy.noaa.gov/cgi-cors/CorsSidebarSelect.prl?site=CCMK&option=Logfile,2/15/2012,-87.6930555556,41.5894444444
CCRM,KARA Company,1,Operational,KARA,GPS+GLO,Daily,https://geodesy.noaa.gov/CORS/ncn_station_pages/index.html?stationID=CCRM,https://geodesy.noaa.gov/DataAvailability/DAP.jsp?SiteID=CCRM&NOD=20,https://geodesy.noaa.gov/cgi-cors/CorsSidebarSelect.prl?site=CCRM&option=Logfile,1/29/2013,-88.0072222222,42.0872222222
CDB8,Federal Aviation Administration,1,Operational,FAA,GPS,Daily,https://geodesy.noaa.gov/CORS/ncn_station_pages/index.html?stationID=CDB8,https://geodesy.noaa.gov/DataAvailability/DAP.jsp?SiteID=CDB8&NOD=20,https://geodesy.noaa.gov/cgi-cors/CorsSidebarSelect.prl?site=CDB8&option=Logfile,11/3/2009,-162.7063888889,55.1922222222
CHCM,Washington State Reference Network,1,Operational,WSRN,GPS+GAL+GLO,Daily,https://geodesy.noaa.gov/CORS/ncn_station_pages/index.html?stationID=CHCM,https://geodesy.noaa.gov/DataAvailability/DAP.jsp?SiteID=CHCM&NOD=20,https://geodesy.noaa.gov/cgi-cors/CorsSidebarSelect.prl?site=CHCM&option=Logfile,10/27/2011,-122.7758333333,48.0105555556
CHET,"Instituto Nacional de Estadistica, Geografia e Informatica, Mexico",15,Operational,INEGI,GPS+GAL+GLO,Hourly,https://geodesy.noaa.gov/CORS/ncn_station_pages/index.html?stationID=CHET,https://geodesy.noaa.gov/DataAvailability/DAP.jsp?SiteID=CHET&NOD=20,https://geodesy.noaa.gov/cgi-cors/CorsSidebarSelect.prl?site=CHET&option=Logfile,9/22/2005,-88.2991666667,18.495
CHIL,"US Geological Survey, Pasadena/SCIGN",30,Suspended,USGSPA,GPS+GLO,Daily,https://geodesy.noaa.gov/CORS/ncn_station_pages/index.html?stationID=CHIL,https://geodesy.noaa.gov/DataAvailability/DAP.jsp?SiteID=CHIL&NOD=20,https://geodesy.noaa.gov/cgi-cors/CorsSidebarSelect.prl?site=CHIL&option=Logfile,5/20/2011,-118.0258333333,34.3333333333
CHIN,NGS Stations CORS,1,Operational,NGSSTA,GPS+GAL+GLO+SBAS,Hourly,https://geodesy.noaa.gov/CORS/ncn_station_pages/index.html?stationID=CHIN,https://geodesy.noaa.gov/DataAvailability/DAP.jsp?SiteID=CHIN&NOD=20,https://geodesy.noaa.gov/cgi-cors/CorsSidebarSelect.prl?site=CHIN&option=Logfile,11/28/2008,-81.8069444444,24.5502777778
CHNN,Geospatial Information Authority of Japan,30,Suspended,GSI,GPS+GAL+GLO+QZSS,Daily,https://geodesy.noaa.gov/CORS/ncn_station_pages/index.html?stationID=CHNN,https://geodesy.noaa.gov/DataAvailability/DAP.jsp?SiteID=CHNN&NOD=20,https://geodesy.noaa.gov/cgi-cors/CorsSidebarSelect.prl?site=CHNN&option=Logfile,11/8/2021,127.8261827639,26.1686076583
CHSN,Michigan Department of Transportation,1,Operational,MIDT,GPS+GLO,Hourly,https://geodesy.noaa.gov/CORS/ncn_station_pages/index.html?stationID=CHSN,https://geodesy.noaa.gov/DataAvailability/DAP.jsp?SiteID=CHSN&NOD=20,https://geodesy.noaa.gov/cgi-cors/CorsSidebarSelect.prl?site=CHSN&option=Logfile,6/30/2004,-84.1227777778,43.1897222222
CHZZ,UNAVCO_NON-PBO,15,Operational,UNAVPS,GPS+GAL+GLO,Hourly,https://geodesy.noaa.gov/CORS/ncn_station_pages/index.html?stationID=CHZZ,https://geodesy.noaa.gov/DataAvailability/DAP.jsp?SiteID=CHZZ&NOD=20,https://geodesy.noaa.gov/cgi-cors/CorsSidebarSelect.prl?site=CHZZ&option=Logfile,12/19/2001,-123.9780555556,45.4863888889
CKSV,"National Land Surveying and Mapping Center, Ministry of the Interior, Taiwan",30,Operational,NLSMC,GPS+GLO,Daily,https://geodesy.noaa.gov/CORS/ncn_station_pages/index.html?stationID=CKSV,https://geodesy.noaa.gov/DataAvailability/DAP.jsp?SiteID=CKSV&NOD=20,https://geodesy.noaa.gov/cgi-cors/CorsSidebarSelect.prl?site=CKSV&option=Logfile,12/10/2020,120.2202777778,22.9986111111
CLGO,UNAVCO-PBO,15,Operational,UNAVPB,GPS+GAL+GLO,Daily,https://geodesy.noaa.gov/CORS/ncn_station_pages/index.html?stationID=CLGO,https://geodesy.noaa.gov/DataAvailability/DAP.jsp?SiteID=CLGO&NOD=20,https://geodesy.noaa.gov/cgi-cors/CorsSidebarSelect.prl?site=CLGO&option=Logfile,1/1/2010,-147.8602777778,64.8736111111
CLRE,Michigan Department of Transportation,1,Operational,MIDT,GPS+GLO,Hourly,https://geodesy.noaa.gov/CORS/ncn_station_pages/index.html?stationID=CLRE,https://geodesy.noaa.gov/DataAvailability/DAP.jsp?SiteID=CLRE&NOD=20,https://geodesy.noaa.gov/cgi-cors/CorsSidebarSelect.prl?site=CLRE&option=Logfile,4/10/2003,-82.5955555556,42.7236111111
CMBB,Berkeley Seismological Laboratory,1,Operational,BSL,GPS+GLO,Daily,https://geodesy.noaa.gov/CORS/ncn_station_pages/index.html?stationID=CMBB,https://geodesy.noaa.gov/DataAvailability/DAP.jsp?SiteID=CMBB&NOD=20,https://geodesy.noaa.gov/cgi-cors/CorsSidebarSelect.prl?site=CMBB&option=Logfile,7/21/1997,-120.3858333333,38.0341666667
CMOD,City of Modesto California,1,Operational,CA2200,GPS+GLO,Hourly,https://geodesy.noaa.gov/CORS/ncn_station_pages/index.html?stationID=CMOD,https://geodesy.noaa.gov/DataAvailability/DAP.jsp?SiteID=CMOD&NOD=20,https://geodesy.noaa.gov/cgi-cors/CorsSidebarSelect.prl?site=CMOD&option=Logfile,1/9/2009,-120.9997222222,37.6411111111
CN00,UNAVCO_NON-PBO,15,Operational,UNAVPS,GPS+GAL+GLO,Daily,https://geodesy.noaa.gov/CORS/ncn_station_pages/index.html?stationID=CN00,https://geodesy.noaa.gov/DataAvailability/DAP.jsp?SiteID=CN00&NOD=20,https://geodesy.noaa.gov/cgi-cors/CorsSidebarSelect.prl?site=CN00&option=Logfile,8/21/2012,-61.7855555556,17.6683333333
CN01,UNAVCO-PBO,15,Operational,UNAVPB,GPS+GAL+GLO,Daily,https://geodesy.noaa.gov/CORS/ncn_station_pages/index.html?stationID=CN01,https://geodesy.noaa.gov/DataAvailability/DAP.jsp?SiteID=CN01&NOD=20,https://geodesy.noaa.gov/cgi-cors/CorsSidebarSelect.prl?site=CN01&option=Logfile,1/12/2023,-61.7652777778,17.0483333333
CN02,UNAVCO-PBO,15,Non-Operational,UNAVPB,GPS+GAL+GLO+SBAS,Daily,https://geodesy.noaa.gov/CORS/ncn_station_pages/index.html?stationID=CN02,https://geodesy.noaa.gov/DataAvailability/DAP.jsp?SiteID=CN02&NOD=20,https://geodesy.noaa.gov/cgi-cors/CorsSidebarSelect.prl?site=CN02&option=Logfile,4/7/2022,-63.0538888889,18.2038888889
CN04,UNAVCO-PBO,15,Operational,UNAVPB,GPS+GAL+GLO,Daily,https://geodesy.noaa.gov/CORS/ncn_station_pages/index.html?stationID=CN04,https://geodesy.noaa.gov/DataAvailability/DAP.jsp?SiteID=CN04&NOD=20,https://geodesy.noaa.gov/cgi-cors/CorsSidebarSelect.prl?site=CN04&option=Logfile,1/12/2023,-60.9738888889,14.0233333333
CN05,UNAVCO_NON-PBO,15,Operational,UNAVPS,GPS+GAL+GLO,Hourly,https://geodesy.noaa.gov/CORS/ncn_station_pages/index.html?stationID=CN05,https://geodesy.noaa.gov/DataAvailability/DAP.jsp?SiteID=CN05&NOD=20,https://geodesy.noaa.gov/cgi-cors/CorsSidebarSelect.prl?site=CN05&option=Logfile,9/7/2021,-68.3591666667,18.5638888889
CN06,UNAVCO-PBO,15,Operational,UNAVPB,GPS+GAL+GLO,Daily,https://geodesy.noaa.gov/CORS/ncn_station_pages/index.html?stationID=CN06,https://geodesy.noaa.gov/DataAvailability/DAP.jsp?SiteID=CN06&NOD=20,https://geodesy.noaa.gov/cgi-cors/CorsSidebarSelect.prl?site=CN06&option=Logfile,12/31/2022,-70.6558333333,18.7897222222
CN07,UNAVCO-PBO,15,Operational,UNAVPB,GPS+GAL+GLO,Daily,https://geodesy.noaa.gov/CORS/ncn_station_pages/index.html?stationID=CN07,https://geodesy.noaa.gov/DataAvailability/DAP.jsp?SiteID=CN07&NOD=20,https://geodesy.noaa.gov/cgi-cors/CorsSidebarSelect.prl?site=CN07&option=Logfile,9/22/2012,-70.5658333333,19.7575
CN10,UNAVCO_NON-PBO,30,Non-Operational,UNAVPS,GPS,Daily,https://geodesy.noaa.gov/CORS/ncn_station_pages/index.html?stationID=CN10,https://geodesy.noaa.gov/DataAvailability/DAP.jsp?SiteID=CN10&NOD=20,https://geodesy.noaa.gov/cgi-cors/CorsSidebarSelect.prl?site=CN10&option=Logfile,9/22/2012,-75.9702777778,17.415
CN12,UNAVCO_NON-PBO,15,Operational,UNAVPS,GPS+GAL+GLO,Daily,https://geodesy.noaa.gov/CORS/ncn_station_pages/index.html?stationID=CN12,https://geodesy.noaa.gov/DataAvailability/DAP.jsp?SiteID=CN12&NOD=20,https://geodesy.noaa.gov/cgi-cors/CorsSidebarSelect.prl?site=CN12&option=Logfile,9/22/2012,-76.7488888889,18.0044444444
CN13,UNAVCO_NON-PBO,15,Operational,UNAVPS,GPS+GAL+GLO,Hourly,https://geodesy.noaa.gov/CORS/ncn_station_pages/index.html?stationID=CN13,https://geodesy.noaa.gov/DataAvailability/DAP.jsp?SiteID=CN13&NOD=20,https://geodesy.noaa.gov/cgi-cors/CorsSidebarSelect.prl?site=CN13&option=Logfile,9/7/2021,-74.5336111111,24.065
CN14,UNAVCO_NON-PBO,15,Operational,UNAVPS,GPS+GAL+GLO,Hourly,https://geodesy.noaa.gov/CORS/ncn_station_pages/index.html?stationID=CN14,https://geodesy.noaa.gov/DataAvailability/DAP.jsp?SiteID=CN14&NOD=20,https://geodesy.noaa.gov/cgi-cors/CorsSidebarSelect.prl?site=CN14&option=Logfile,9/7/2021,-73.6777777778,20.9752777778
CN15,UNAVCO_NON-PBO,15,Non-Operational,UNAVPS,GPS+GAL+GLO,Daily,https://geodesy.noaa.gov/CORS/ncn_station_pages/index.html?stationID=CN15,https://geodesy.noaa.gov/DataAvailability/DAP.jsp?SiteID=CN15&NOD=20,https://geodesy.noaa.gov/cgi-cors/CorsSidebarSelect.prl?site=CN15&option=Logfile,6/22/2011,-78.6930555556,26.5563888889
CN16,UNAVCO-PBO,15,Non-Operational,UNAVPB,GPS+GAL+GLO,Daily,https://geodesy.noaa.gov/CORS/ncn_station_pages/index.html?stationID=CN16,https://geodesy.noaa.gov/DataAvailability/DAP.jsp?SiteID=CN16&NOD=20,https://geodesy.noaa.gov/cgi-cors/CorsSidebarSelect.prl?site=CN16&option=Logfile,5/20/2014,-77.8497222222,21.4222222222
CN19,UNAVCO_NON-PBO,15,Operational,UNAVPS,GPS+GAL+GLO,Hourly,https://geodesy.noaa.gov/CORS/ncn_station_pages/index.html?stationID=CN19,https://geodesy.noaa.gov/DataAvailability/DAP.jsp?SiteID=CN19&NOD=20,https://geodesy.noaa.gov/cgi-cors/CorsSidebarSelect.prl?site=CN19&option=Logfile,2/3/2021,-70.0483333333,12.6116666667
CN27,UNAVCO_NON-PBO,15,Operational,UNAVPS,GPS+GAL+GLO,Hourly,https://geodesy.noaa.gov/CORS/ncn_station_pages/index.html?stationID=CN27,https://geodesy.noaa.gov/DataAvailability/DAP.jsp?SiteID=CN27&NOD=20,https://geodesy.noaa.gov/cgi-cors/CorsSidebarSelect.prl?site=CN27&option=Logfile,9/7/2021,-69.9397222222,19.6669444444
CN29,UNAVCO-PBO,15,Non-Operational,UNAVPB,GPS+GAL+GLO,Daily,https://geodesy.noaa.gov/CORS/ncn_station_pages/index.html?stationID=CN29,https://geodesy.noaa.gov/DataAvailability/DAP.jsp?SiteID=CN29&NOD=20,https://geodesy.noaa.gov/cgi-cors/CorsSidebarSelect.prl?site=CN29&option=Logfile,2/4/2021,-83.3744444444,14.0486111111
CN35,UNAVCO_NON-PBO,15,Operational,UNAVPS,GPS+GAL+GLO,Daily,https://geodesy.noaa.gov/CORS/ncn_station_pages/index.html?stationID=CN35,https://geodesy.noaa.gov/DataAvailability/DAP.jsp?SiteID=CN35&NOD=20,https://geodesy.noaa.gov/cgi-cors/CorsSidebarSelect.prl?site=CN35&option=Logfile,9/22/2012,-81.3627777778,13.3752777778
CN37,UNAVCO-PBO,15,Non-Operational,UNAVPB,GPS+GLO,Daily,https://geodesy.noaa.gov/CORS/ncn_station_pages/index.html?stationID=CN37,https://geodesy.noaa.gov/DataAvailability/DAP.jsp?SiteID=CN37&NOD=20,https://geodesy.noaa.gov/cgi-cors/CorsSidebarSelect.prl?site=CN37&option=Logfile,9/22/2012,-75.2630555556,10.7925
CN38,UNAVCO-PBO,15,Non-Operational,UNAVPB,GPS+GAL+GLO,Daily,https://geodesy.noaa.gov/CORS/ncn_station_pages/index.html?stationID=CN38,https://geodesy.noaa.gov/DataAvailability/DAP.jsp?SiteID=CN38&NOD=20,https://geodesy.noaa.gov/cgi-cors/CorsSidebarSelect.prl?site=CN38&option=Logfile,9/22/2012,-71.9877777778,12.2216666667
CN40,UNAVCO_NON-PBO,15,Operational,UNAVPS,GPS+GLO,Daily,https://geodesy.noaa.gov/CORS/ncn_station_pages/index.html?stationID=CN40,https://geodesy.noaa.gov/DataAvailability/DAP.jsp?SiteID=CN40&NOD=20,https://geodesy.noaa.gov/cgi-cors/CorsSidebarSelect.prl?site=CN40&option=Logfile,7/8/2014,-68.9577777778,12.18
CN41,UNAVCO-PBO,15,Non-Operational,UNAVPB,GPS,Daily,https://geodesy.noaa.gov/CORS/ncn_station_pages/index.html?stationID=CN41,https://geodesy.noaa.gov/DataAvailability/DAP.jsp?SiteID=CN41&NOD=20,https://geodesy.noaa.gov/cgi-cors/CorsSidebarSelect.prl?site=CN41&option=Logfile,9/7/2021,-68.0413888889,8.9433333333
CN47,UNAVCO-PBO,15,Operational,UNAVPB,GPS+GAL+GLO,Daily,https://geodesy.noaa.gov/CORS/ncn_station_pages/index.html?stationID=CN47,https://geodesy.noaa.gov/DataAvailability/DAP.jsp?SiteID=CN47&NOD=20,https://geodesy.noaa.gov/cgi-cors/CorsSidebarSelect.prl?site=CN47&option=Logfile,1/13/2023,-60.9402777778,13.7105555556
CN56,UNAVCO_NON-PBO,15,Non-Operational,UNAVPS,GPS+GAL+GLO,Daily,https://geodesy.noaa.gov/CORS/ncn_station_pages/index.html?stationID=CN56,https://geodesy.noaa.gov/DataAvailability/DAP.jsp?SiteID=CN56&NOD=20,https://geodesy.noaa.gov/cgi-cors/CorsSidebarSelect.prl?site=CN56&option=Logfile,2/9/2021,-78.0147222222,8.5488888889
CN57,UNAVCO_NON-PBO,15,Non-Operational,UNAVPS,GPS+GAL+GLO,Daily,https://geodesy.noaa.gov/CORS/ncn_station_pages/index.html?stationID=CN57,https://geodesy.noaa.gov/DataAvailability/DAP.jsp?SiteID=CN57&NOD=20,https://geodesy.noaa.gov/cgi-cors/CorsSidebarSelect.prl?site=CN57&option=Logfile,2/18/2021,-60.9380555556,10.8369444444
CNC1,Mesa County Colorado Department of Public Works,1,Operational,MECOPW,GPS+GAL+GLO,Hourly,https://geodesy.noaa.gov/CORS/ncn_station_pages/index.html?stationID=CNC1,https://geodesy.noaa.gov/DataAvailability/DAP.jsp?SiteID=CNC1&NOD=20,https://geodesy.noaa.gov/cgi-cors/CorsSidebarSelect.prl?site=CNC1&option=Logfile,6/17/2009,-108.7894444444,40.0769444444
CNPP,UNAVCO-PBO,15,Operational,UNAVPB,GPS+GAL+GLO,Daily,https://geodesy.noaa.gov/CORS/ncn_station_pages/index.html?stationID=CNPP,https://geodesy.noaa.gov/DataAvailability/DAP.jsp?SiteID=CNPP&NOD=20,https://geodesy.noaa.gov/cgi-cors/CorsSidebarSelect.prl?site=CNPP&option=Logfile,1/1/2011,-117.6088888889,33.8575
COBK,SmartNet North America,15,Operational,SMRTNT,GPS+GLO,Hourly,https://geodesy.noaa.gov/CORS/ncn_station_pages/index.html?stationID=COBK,https://geodesy.noaa.gov/DataAvailability/DAP.jsp?SiteID=COBK&NOD=20,https://geodesy.noaa.gov/cgi-cors/CorsSidebarSelect.prl?site=COBK&option=Logfile,1/22/2018,-106.0475,39.5294444444
COF1,Washoe County Public Works,1,Non-Operational,WACOPW,GPS,Hourly,https://geodesy.noaa.gov/CORS/ncn_station_pages/index.html?stationID=COF1,https://geodesy.noaa.gov/DataAvailability/DAP.jsp?SiteID=COF1&NOD=20,https://geodesy.noaa.gov/cgi-cors/CorsSidebarSelect.prl?site=COF1&option=Logfile,2/6/2009,-119.2405555556,39.605
COFC,King Surveyors Inc.,1,Operational,KINGSV,GPS+GAL+GLO,Hourly,https://geodesy.noaa.gov/CORS/ncn_station_pages/index.html?stationID=COFC,https://geodesy.noaa.gov/DataAvailability/DAP.jsp?SiteID=COFC&NOD=20,https://geodesy.noaa.gov/cgi-cors/CorsSidebarSelect.prl?site=COFC&option=Logfile,4/10/2009,-105.1602777778,40.5933333333
COL2,"Instituto Nacional de Estadistica, Geografia e Informatica, Mexico",15,Operational,INEGI,GPS+GAL+GLO,Hourly,https://geodesy.noaa.gov/CORS/ncn_station_pages/index.html?stationID=COL2,https://geodesy.noaa.gov/DataAvailability/DAP.jsp?SiteID=COL2&NOD=20,https://geodesy.noaa.gov/cgi-cors/CorsSidebarSelect.prl?site=COL2&option=Logfile,9/22/2005,-103.7016666667,19.2441666667
COLA,South Carolina Geodetic Survey,1,Operational,SCGS,GPS+GAL+GLO,Hourly,https://geodesy.noaa.gov/CORS/ncn_station_pages/index.html?stationID=COLA,https://geodesy.noaa.gov/DataAvailability/DAP.jsp?SiteID=COLA&NOD=20,https://geodesy.noaa.gov/cgi-cors/CorsSidebarSelect.prl?site=COLA&option=Logfile,8/31/1998,-81.1216666667,34.0808333333
COLB,Ohio Department of Transportation,1,Operational,OHDT,GPS+GAL+GLO,Hourly,https://geodesy.noaa.gov/CORS/ncn_station_pages/index.html?stationID=COLB,https://geodesy.noaa.gov/DataAvailability/DAP.jsp?SiteID=COLB&NOD=20,https://geodesy.noaa.gov/cgi-cors/CorsSidebarSelect.prl?site=COLB&option=Logfile,12/17/2001,-83.0455555556,39.9597222222
COPR,UNAVCO-PBO,15,Operational,UNAVPB,GPS+GAL+GLO,Daily,https://geodesy.noaa.gov/CORS/ncn_station_pages/index.html?stationID=COPR,https://geodesy.noaa.gov/DataAvailability/DAP.jsp?SiteID=COPR&NOD=20,https://geodesy.noaa.gov/cgi-cors/CorsSidebarSelect.prl?site=COPR&option=Logfile,5/8/2010,-119.8794444444,34.4147222222
CORB,NGS Stations CORS,5,Operational,NGSSTA,GPS+BDS+GAL+GLO,Hourly,https://geodesy.noaa.gov/CORS/ncn_station_pages/index.html?stationID=CORB,https://geodesy.noaa.gov/DataAvailability/DAP.jsp?SiteID=CORB&NOD=20,https://geodesy.noaa.gov/cgi-cors/CorsSidebarSelect.prl?site=CORB&option=Logfile,2/17/2001,-77.3733333333,38.2019444444
CORV,UNAVCO-PBO,1,Operational,UNAVPB,GPS+GAL+GLO,Hourly,https://geodesy.noaa.gov/CORS/ncn_station_pages/index.html?stationID=CORV,https://geodesy.noaa.gov/DataAvailability/DAP.jsp?SiteID=CORV&NOD=20,https://geodesy.noaa.gov/cgi-cors/CorsSidebarSelect.prl?site=CORV&option=Logfile,7/5/1998,-123.3044444444,44.5852777778
COSL,SmartNet North America,15,Operational,SMRTNT,GPS+GLO,Hourly,https://geodesy.noaa.gov/CORS/ncn_station_pages/index.html?stationID=COSL,https://geodesy.noaa.gov/DataAvailability/DAP.jsp?SiteID=COSL&NOD=20,https://geodesy.noaa.gov/cgi-cors/CorsSidebarSelect.prl?site=COSL&option=Logfile,3/30/2018,-103.2261111111,40.6197222222
COSO,"US Geological Survey, Pasadena/SCIGN",30,Operational,USGSPA,GPS+GAL+GLO,Daily,https://geodesy.noaa.gov/CORS/ncn_station_pages/index.html?stationID=COSO,https://geodesy.noaa.gov/DataAvailability/DAP.jsp?SiteID=COSO&NOD=20,https://geodesy.noaa.gov/cgi-cors/CorsSidebarSelect.prl?site=COSO&option=Logfile,6/4/1998,-117.8088888889,35.9822222222
COT1,City of Tucson Arizona,5,Operational,AZ0530,GPS,Hourly,https://geodesy.noaa.gov/CORS/ncn_station_pages/index.html?stationID=COT1,https://geodesy.noaa.gov/DataAvailability/DAP.jsp?SiteID=COT1&NOD=20,https://geodesy.noaa.gov/cgi-cors/CorsSidebarSelect.prl?site=COT1&option=Logfile,1/4/2000,-110.9716666667,32.2244444444
COT2,City of Tucson Arizona,5,Operational,AZ0530,GPS,Hourly,https://geodesy.noaa.gov/CORS/ncn_station_pages/index.html?stationID=COT2,https://geodesy.noaa.gov/DataAvailability/DAP.jsp?SiteID=COT2&NOD=20,https://geodesy.noaa.gov/cgi-cors/CorsSidebarSelect.prl?site=COT2&option=Logfile,6/5/2003,-110.8308333333,32.2372222222
COVG,Louisiana State University,15,Operational,LASU,GPS+GAL+GLO,Hourly,https://geodesy.noaa.gov/CORS/ncn_station_pages/index.html?stationID=COVG,https://geodesy.noaa.gov/DataAvailability/DAP.jsp?SiteID=COVG&NOD=20,https://geodesy.noaa.gov/cgi-cors/CorsSidebarSelect.prl?site=COVG&option=Logfile,7/17/2004,-90.0952777778,30.4758333333
CPAC,Michigan Department of Transportation,1,Operational,MIDT,GPS+GAL+GLO,Hourly,https://geodesy.noaa.gov/CORS/ncn_station_pages/index.html?stationID=CPAC,https://geodesy.noaa.gov/DataAvailability/DAP.jsp?SiteID=CPAC&NOD=20,https://geodesy.noaa.gov/cgi-cors/CorsSidebarSelect.prl?site=CPAC&option=Logfile,3/9/2005,-82.9341666667,43.0102777778
CPXF,SmartNet North America,15,Operational,SMRTNT,GPS+GLO,Hourly,https://geodesy.noaa.gov/CORS/ncn_station_pages/index.html?stationID=CPXF,https://geodesy.noaa.gov/DataAvailability/DAP.jsp?SiteID=CPXF&NOD=20,https://geodesy.noaa.gov/cgi-cors/CorsSidebarSelect.prl?site=CPXF&option=Logfile,12/19/2001,-122.2563888889,46.84
CRBT,UNAVCO-PBO,15,Operational,UNAVPB,GPS+GAL+GLO,Daily,https://geodesy.noaa.gov/CORS/ncn_station_pages/index.html?stationID=CRBT,https://geodesy.noaa.gov/DataAvailability/DAP.jsp?SiteID=CRBT&NOD=20,https://geodesy.noaa.gov/cgi-cors/CorsSidebarSelect.prl?site=CRBT&option=Logfile,3/23/2011,-120.7505555556,35.7913888889
CRHS,UNAVCO-PBO,15,Non-Operational,UNAVPB,GPS,Daily,https://geodesy.noaa.gov/CORS/ncn_station_pages/index.html?stationID=CRHS,https://geodesy.noaa.gov/DataAvailability/DAP.jsp?SiteID=CRHS&NOD=20,https://geodesy.noaa.gov/cgi-cors/CorsSidebarSelect.prl?site=CRHS&option=Logfile,1/1/2011,-118.2725,33.8233333333
CRO1,Jet Propulsion Laboratory,30,Operational,JPL,GPS+GAL+GLO,Hourly,https://geodesy.noaa.gov/CORS/ncn_station_pages/index.html?stationID=CRO1,https://geodesy.noaa.gov/DataAvailability/DAP.jsp?SiteID=CRO1&NOD=20,https://geodesy.noaa.gov/cgi-cors/CorsSidebarSelect.prl?site=CRO1&option=Logfile,8/17/1996,-64.5841666667,17.7566666667
CRST,Florida Department of Transportation,1,Operational,FLDT,GPS+GAL+GLO,Hourly,https://geodesy.noaa.gov/CORS/ncn_station_pages/index.html?stationID=CRST,https://geodesy.noaa.gov/DataAvailability/DAP.jsp?SiteID=CRST&NOD=20,https://geodesy.noaa.gov/cgi-cors/CorsSidebarSelect.prl?site=CRST&option=Logfile,7/26/2005,-86.5061111111,30.7258333333
CRU1,UNAVCO-PBO,15,Operational,UNAVPB,GPS,Daily,https://geodesy.noaa.gov/CORS/ncn_station_pages/index.html?stationID=CRU1,https://geodesy.noaa.gov/DataAvailability/DAP.jsp?SiteID=CRU1&NOD=20,https://geodesy.noaa.gov/cgi-cors/CorsSidebarSelect.prl?site=CRU1&option=Logfile,5/8/2010,-119.7847222222,34.0291666667
CSST,UNAVCO-PBO,15,Operational,UNAVPB,GPS,Daily,https://geodesy.noaa.gov/CORS/ncn_station_pages/index.html?stationID=CSST,https://geodesy.noaa.gov/DataAvailability/DAP.jsp?SiteID=CSST&NOD=20,https://geodesy.noaa.gov/cgi-cors/CorsSidebarSelect.prl?site=CSST&option=Logfile,1/1/2011,-119.3711111111,34.4080555556
CTA1,"Crafton, Tull, Sparks & Associates Inc.",5,Operational,CTA,GPS+GAL+GLO,Daily,https://geodesy.noaa.gov/CORS/ncn_station_pages/index.html?stationID=CTA1,https://geodesy.noaa.gov/DataAvailability/DAP.jsp?SiteID=CTA1&NOD=20,https://geodesy.noaa.gov/cgi-cors/CorsSidebarSelect.prl?site=CTA1&option=Logfile,1/10/2009,-94.18,36.3436111111
CTBK,Connecticut Department of Transportation,5,Operational,CTDT,GPS+GAL+GLO,Hourly,https://geodesy.noaa.gov/CORS/ncn_station_pages/index.html?stationID=CTBK,https://geodesy.noaa.gov/DataAvailability/DAP.jsp?SiteID=CTBK&NOD=20,https://geodesy.noaa.gov/cgi-cors/CorsSidebarSelect.prl?site=CTBK&option=Logfile,3/9/2022,-73.4183333333,41.4977777778
CTDA,Connecticut Department of Transportation,5,Operational,CTDT,GPS+GAL+GLO,Hourly,https://geodesy.noaa.gov/CORS/ncn_station_pages/index.html?stationID=CTDA,https://geodesy.noaa.gov/DataAvailability/DAP.jsp?SiteID=CTDA&NOD=20,https://geodesy.noaa.gov/cgi-cors/CorsSidebarSelect.prl?site=CTDA&option=Logfile,6/24/2005,-73.5069444444,41.0658333333
CTEG,Connecticut Department of Transportation,5,Operational,CTDT,GPS+GAL+GLO,Hourly,https://geodesy.noaa.gov/CORS/ncn_station_pages/index.html?stationID=CTEG,https://geodesy.noaa.gov/DataAvailability/DAP.jsp?SiteID=CTEG&NOD=20,https://geodesy.noaa.gov/cgi-cors/CorsSidebarSelect.prl?site=CTEG&option=Logfile,6/24/2005,-72.6986111111,41.9233333333
CTGR,Connecticut Department of Transportation,5,Operational,CTDT,GPS+GAL+GLO,Hourly,https://geodesy.noaa.gov/CORS/ncn_station_pages/index.html?stationID=CTGR,https://geodesy.noaa.gov/DataAvailability/DAP.jsp?SiteID=CTGR&NOD=20,https://geodesy.noaa.gov/cgi-cors/CorsSidebarSelect.prl?site=CTGR&option=Logfile,6/24/2005,-72.0494444444,41.3352777778
CTGU,Connecticut Department of Transportation,5,Operational,CTDT,GPS+GAL+GLO,Hourly,https://geodesy.noaa.gov/CORS/ncn_station_pages/index.html?stationID=CTGU,https://geodesy.noaa.gov/DataAvailability/DAP.jsp?SiteID=CTGU&NOD=20,https://geodesy.noaa.gov/cgi-cors/CorsSidebarSelect.prl?site=CTGU&option=Logfile,6/24/2005,-72.6677777778,41.2891666667
CTI4,FRONTIER PRECISION Inc.,1,Non-Operational,FROPRE,GPS+GLO,Hourly,https://geodesy.noaa.gov/CORS/ncn_station_pages/index.html?stationID=CTI4,https://geodesy.noaa.gov/DataAvailability/DAP.jsp?SiteID=CTI4&NOD=20,https://geodesy.noaa.gov/cgi-cors/CorsSidebarSelect.prl?site=CTI4&option=Logfile,12/7/2012,-107.7558333333,37.1527777778
CTMA,Connecticut Department of Transportation,5,Operational,CTDT,GPS+GAL+GLO,Hourly,https://geodesy.noaa.gov/CORS/ncn_station_pages/index.html?stationID=CTMA,https://geodesy.noaa.gov/DataAvailability/DAP.jsp?SiteID=CTMA&NOD=20,https://geodesy.noaa.gov/cgi-cors/CorsSidebarSelect.prl?site=CTMA&option=Logfile,6/24/2005,-72.2105555556,41.7311111111
CTMC,Colorado Department of Transportation,5,Operational,CODOT,GPS+GLO,Hourly,https://geodesy.noaa.gov/CORS/ncn_station_pages/index.html?stationID=CTMC,https://geodesy.noaa.gov/DataAvailability/DAP.jsp?SiteID=CTMC&NOD=20,https://geodesy.noaa.gov/cgi-cors/CorsSidebarSelect.prl?site=CTMC&option=Logfile,1/25/2011,-105.1927777778,39.7213888889
CTNE,Connecticut Department of Transportation,5,Operational,CTDT,GPS+GAL+GLO,Hourly,https://geodesy.noaa.gov/CORS/ncn_station_pages/index.html?stationID=CTNE,https://geodesy.noaa.gov/DataAvailability/DAP.jsp?SiteID=CTNE&NOD=20,https://geodesy.noaa.gov/cgi-cors/CorsSidebarSelect.prl?site=CTNE&option=Logfile,7/21/2005,-72.7144444444,41.6733333333
CTPN,Connecticut Department of Transportation,5,Operational,CTDT,GPS+GAL+GLO,Hourly,https://geodesy.noaa.gov/CORS/ncn_station_pages/index.html?stationID=CTPN,https://geodesy.noaa.gov/DataAvailability/DAP.jsp?SiteID=CTPN&NOD=20,https://geodesy.noaa.gov/cgi-cors/CorsSidebarSelect.prl?site=CTPN&option=Logfile,4/25/2023,-71.8894444444,41.8997222222
CTWI,Connecticut Department of Transportation,5,Operational,CTDT,GPS+GAL+GLO,Hourly,https://geodesy.noaa.gov/CORS/ncn_station_pages/index.html?stationID=CTWI,https://geodesy.noaa.gov/DataAvailability/DAP.jsp?SiteID=CTWI&NOD=20,https://geodesy.noaa.gov/cgi-cors/CorsSidebarSelect.prl?site=CTWI&option=Logfile,6/24/2005,-73.0694444444,41.8975
CUPR,UNAVCO_NON-PBO,15,Non-Operational,UNAVPS,GPS+GLO,Daily,https://geodesy.noaa.gov/CORS/ncn_station_pages/index.html?stationID=CUPR,https://geodesy.noaa.gov/DataAvailability/DAP.jsp?SiteID=CUPR&NOD=20,https://geodesy.noaa.gov/cgi-cors/CorsSidebarSelect.prl?site=CUPR&option=Logfile,4/5/2011,-65.2825,18.3072222222
DDSN,UNAVCO_NON-PBO,15,Operational,UNAVPS,GPS+GAL+GLO,Daily,https://geodesy.noaa.gov/CORS/ncn_station_pages/index.html?stationID=DDSN,https://geodesy.noaa.gov/DataAvailability/DAP.jsp?SiteID=DDSN&NOD=20,https://geodesy.noaa.gov/cgi-cors/CorsSidebarSelect.prl?site=DDSN&option=Logfile,12/19/2001,-123.2441666667,43.1186111111
DED2,Delaware Department of Transportation,1,Operational,DEDT,GPS+GLO,Hourly,https://geodesy.noaa.gov/CORS/ncn_station_pages/index.html?stationID=DED2,https://geodesy.noaa.gov/DataAvailability/DAP.jsp?SiteID=DED2&NOD=20,https://geodesy.noaa.gov/cgi-cors/CorsSidebarSelect.prl?site=DED2&option=Logfile,4/25/2013,-75.3772222222,38.6644444444
DEDO,SmartNet North America,30,Operational,SMRTNT,GPS+GLO,Hourly,https://geodesy.noaa.gov/CORS/ncn_station_pages/index.html?stationID=DEDO,https://geodesy.noaa.gov/DataAvailability/DAP.jsp?SiteID=DEDO&NOD=20,https://geodesy.noaa.gov/cgi-cors/CorsSidebarSelect.prl?site=DEDO&option=Logfile,1/27/2010,-75.5386111111,39.1866666667
DEMI,SmartNet North America,15,Operational,SMRTNT,GPS+GLO,Hourly,https://geodesy.noaa.gov/CORS/ncn_station_pages/index.html?stationID=DEMI,https://geodesy.noaa.gov/DataAvailability/DAP.jsp?SiteID=DEMI&NOD=20,https://geodesy.noaa.gov/cgi-cors/CorsSidebarSelect.prl?site=DEMI&option=Logfile,11/22/2008,-75.2027777778,38.6102777778
DENE,SmartNet North America,15,Operational,SMRTNT,GPS+GLO,Hourly,https://geodesy.noaa.gov/CORS/ncn_station_pages/index.html?stationID=DENE,https://geodesy.noaa.gov/DataAvailability/DAP.jsp?SiteID=DENE&NOD=20,https://geodesy.noaa.gov/cgi-cors/CorsSidebarSelect.prl?site=DENE&option=Logfile,5/30/2008,-75.7427777778,39.6766666667
DEV1,Louisiana State University,15,Non-Operational,LASU,GPS+GAL+GLO,Hourly,https://geodesy.noaa.gov/CORS/ncn_station_pages/index.html?stationID=DEV1,https://geodesy.noaa.gov/DataAvailability/DAP.jsp?SiteID=DEV1&NOD=20,https://geodesy.noaa.gov/cgi-cors/CorsSidebarSelect.prl?site=DEV1&option=Logfile,8/23/2013,-91.7325,28.1775
DHLG,Scripps Orbit and Permanent Array Center,15,Non-Operational,SOPAC,GPS+GLO,Daily,https://geodesy.noaa.gov/CORS/ncn_station_pages/index.html?stationID=DHLG,https://geodesy.noaa.gov/DataAvailability/DAP.jsp?SiteID=DHLG&NOD=20,https://geodesy.noaa.gov/cgi-cors/CorsSidebarSelect.prl?site=DHLG&option=Logfile,6/3/1998,-115.7877777778,33.3897222222
DLND,Florida Department of Transportation,1,Operational,FLDT,GPS+GAL+GLO,Hourly,https://geodesy.noaa.gov/CORS/ncn_station_pages/index.html?stationID=DLND,https://geodesy.noaa.gov/DataAvailability/DAP.jsp?SiteID=DLND&NOD=20,https://geodesy.noaa.gov/cgi-cors/CorsSidebarSelect.prl?site=DLND&option=Logfile,1/14/2005,-81.2630555556,29.0561111111
DNRC,Keystone Precision Instruments,1,Operational,KEYPRE,GPS+GAL+GLO,Hourly,https://geodesy.noaa.gov/CORS/ncn_station_pages/index.html?stationID=DNRC,https://geodesy.noaa.gov/DataAvailability/DAP.jsp?SiteID=DNRC&NOD=20,https://geodesy.noaa.gov/cgi-cors/CorsSidebarSelect.prl?site=DNRC&option=Logfile,3/25/1998,-75.5233333333,39.16
DOBS,North Carolina Geodetic Survey,1,Operational,NCGS,GPS+GAL+GLO,Hourly,https://geodesy.noaa.gov/CORS/ncn_station_pages/index.html?stationID=DOBS,https://geodesy.noaa.gov/DataAvailability/DAP.jsp?SiteID=DOBS&NOD=20,https://geodesy.noaa.gov/cgi-cors/CorsSidebarSelect.prl?site=DOBS&option=Logfile,4/30/2003,-80.7197222222,36.4252777778
DOT1,Washoe County Public Works,1,Operational,WACOPW,GPS+GLO,Hourly,https://geodesy.noaa.gov/CORS/ncn_station_pages/index.html?stationID=DOT1,https://geodesy.noaa.gov/DataAvailability/DAP.jsp?SiteID=DOT1&NOD=20,https://geodesy.noaa.gov/cgi-cors/CorsSidebarSelect.prl?site=DOT1&option=Logfile,2/6/2009,-119.7633333333,39.1561111111
DP1A,"Dupage County, GIS DIV, Illinois",5,Operational,DCOGIS,GPS+GLO,Hourly,https://geodesy.noaa.gov/CORS/ncn_station_pages/index.html?stationID=DP1A,https://geodesy.noaa.gov/DataAvailability/DAP.jsp?SiteID=DP1A&NOD=20,https://geodesy.noaa.gov/cgi-cors/CorsSidebarSelect.prl?site=DP1A&option=Logfile,8/14/2003,-88.1425,41.8672222222
DP2A,"Dupage County, GIS DIV, Illinois",5,Operational,DCOGIS,GPS+GLO,Hourly,https://geodesy.noaa.gov/CORS/ncn_station_pages/index.html?stationID=DP2A,https://geodesy.noaa.gov/DataAvailability/DAP.jsp?SiteID=DP2A&NOD=20,https://geodesy.noaa.gov/cgi-cors/CorsSidebarSelect.prl?site=DP2A&option=Logfile,11/21/2003,-87.9652777778,41.9002777778
DP3A,"Dupage County, GIS DIV, Illinois",5,Operational,DCOGIS,GPS+GLO,Hourly,https://geodesy.noaa.gov/CORS/ncn_station_pages/index.html?stationID=DP3A,https://geodesy.noaa.gov/DataAvailability/DAP.jsp?SiteID=DP3A&NOD=20,https://geodesy.noaa.gov/cgi-cors/CorsSidebarSelect.prl?site=DP3A&option=Logfile,10/5/2003,-88.1766666667,41.7647222222
DP5A,"Dupage County, GIS DIV, Illinois",5,Operational,DCOGIS,GPS+GLO,Hourly,https://geodesy.noaa.gov/CORS/ncn_station_pages/index.html?stationID=DP5A,https://geodesy.noaa.gov/DataAvailability/DAP.jsp?SiteID=DP5A&NOD=20,https://geodesy.noaa.gov/cgi-cors/CorsSidebarSelect.prl?site=DP5A&option=Logfile,6/16/2006,-88.1569444444,41.9894444444
DP6B,"Dupage County, GIS DIV, Illinois",5,Operational,DCOGIS,GPS+GLO,Hourly,https://geodesy.noaa.gov/CORS/ncn_station_pages/index.html?stationID=DP6B,https://geodesy.noaa.gov/DataAvailability/DAP.jsp?SiteID=DP6B&NOD=20,https://geodesy.noaa.gov/cgi-cors/CorsSidebarSelect.prl?site=DP6B&option=Logfile,2/1/2011,-87.9791666667,41.9672222222
DSL1,Hilcorp Energy Company,1,Operational,HEC,GPS+GLO,Hourly,https://geodesy.noaa.gov/CORS/ncn_station_pages/index.html?stationID=DSL1,https://geodesy.noaa.gov/DataAvailability/DAP.jsp?SiteID=DSL1&NOD=20,https://geodesy.noaa.gov/cgi-cors/CorsSidebarSelect.prl?site=DSL1&option=Logfile,11/6/2002,-148.4725,70.3333333333
DSSC,UNAVCO-PBO,15,Operational,UNAVPB,GPS+GAL+GLO,Daily,https://geodesy.noaa.gov/CORS/ncn_station_pages/index.html?stationID=DSSC,https://geodesy.noaa.gov/DataAvailability/DAP.jsp?SiteID=DSSC&NOD=20,https://geodesy.noaa.gov/cgi-cors/CorsSidebarSelect.prl?site=DSSC&option=Logfile,1/1/2011,-116.7119444444,33.7330555556
DSTR,Louisiana State University,15,Operational,LASU,GPS+GAL+GLO,Hourly,https://geodesy.noaa.gov/CORS/ncn_station_pages/index.html?stationID=DSTR,https://geodesy.noaa.gov/DataAvailability/DAP.jsp?SiteID=DSTR&NOD=20,https://geodesy.noaa.gov/cgi-cors/CorsSidebarSelect.prl?site=DSTR&option=Logfile,3/8/2006,-90.3822222222,29.9644444444
DUNN,Florida Department of Transportation,1,Operational,FLDT,GPS+GAL+GLO,Hourly,https://geodesy.noaa.gov/CORS/ncn_station_pages/index.html?stationID=DUNN,https://geodesy.noaa.gov/DataAvailability/DAP.jsp?SiteID=DUNN&NOD=20,https://geodesy.noaa.gov/cgi-cors/CorsSidebarSelect.prl?site=DUNN&option=Logfile,2/24/2004,-82.3708333333,29.0619444444
DURH,North Carolina Geodetic Survey,1,Operational,NCGS,GPS+GAL+GLO,Hourly,https://geodesy.noaa.gov/CORS/ncn_station_pages/index.html?stationID=DURH,https://geodesy.noaa.gov/DataAvailability/DAP.jsp?SiteID=DURH&NOD=20,https://geodesy.noaa.gov/cgi-cors/CorsSidebarSelect.prl?site=DURH&option=Logfile,2/4/2009,-78.8994444444,35.9961111111
DWI1,SmartNet North America,15,Operational,SMRTNT,GPS+GLO,Hourly,https://geodesy.noaa.gov/CORS/ncn_station_pages/index.html?stationID=DWI1,https://geodesy.noaa.gov/DataAvailability/DAP.jsp?SiteID=DWI1&NOD=20,https://geodesy.noaa.gov/cgi-cors/CorsSidebarSelect.prl?site=DWI1&option=Logfile,5/22/2009,-95.4036111111,29.0133333333
EC01,Mesa County Colorado Department of Public Works,1,Operational,MECOPW,GPS+GAL+GLO,Hourly,https://geodesy.noaa.gov/CORS/ncn_station_pages/index.html?stationID=EC01,https://geodesy.noaa.gov/DataAvailability/DAP.jsp?SiteID=EC01&NOD=20,https://geodesy.noaa.gov/cgi-cors/CorsSidebarSelect.prl?site=EC01&option=Logfile,6/10/2011,-106.8475,39.6516666667
ECHO,UNAVCO_NON-PBO,15,Operational,UNAVPS,GPS+GAL+GLO,Daily,https://geodesy.noaa.gov/CORS/ncn_station_pages/index.html?stationID=ECHO,https://geodesy.noaa.gov/DataAvailability/DAP.jsp?SiteID=ECHO&NOD=20,https://geodesy.noaa.gov/cgi-cors/CorsSidebarSelect.prl?site=ECHO&option=Logfile,11/9/2000,-114.2641666667,37.9152777778
ECSD,UNAVCO-PBO,15,Operational,UNAVPB,GPS+GAL+GLO,Daily,https://geodesy.noaa.gov/CORS/ncn_station_pages/index.html?stationID=ECSD,https://geodesy.noaa.gov/DataAvailability/DAP.jsp?SiteID=ECSD&NOD=20,https://geodesy.noaa.gov/cgi-cors/CorsSidebarSelect.prl?site=ECSD&option=Logfile,1/1/2010,-96.6138888889,43.7336111111
EDOC,Hilcorp Energy Company,1,Operational,HEC,GPS+GLO,Hourly,https://geodesy.noaa.gov/CORS/ncn_station_pages/index.html?stationID=EDOC,https://geodesy.noaa.gov/DataAvailability/DAP.jsp?SiteID=EDOC&NOD=20,https://geodesy.noaa.gov/cgi-cors/CorsSidebarSelect.prl?site=EDOC&option=Logfile,10/1/2002,-148.3183333333,70.31
EGAN,UNAVCO_NON-PBO,15,Non-Operational,UNAVPS,GPS+GAL+GLO,Daily,https://geodesy.noaa.gov/CORS/ncn_station_pages/index.html?stationID=EGAN,https://geodesy.noaa.gov/DataAvailability/DAP.jsp?SiteID=EGAN&NOD=20,https://geodesy.noaa.gov/cgi-cors/CorsSidebarSelect.prl?site=EGAN&option=Logfile,6/17/1999,-114.9386111111,39.345
ELEN,"Instituto Geografico Nacional, Guatemala",30,Non-Operational,IGN-GT,GPS+GLO,Hourly,https://geodesy.noaa.gov/CORS/ncn_station_pages/index.html?stationID=ELEN,https://geodesy.noaa.gov/DataAvailability/DAP.jsp?SiteID=ELEN&NOD=20,https://geodesy.noaa.gov/cgi-cors/CorsSidebarSelect.prl?site=ELEN&option=Logfile,12/8/2001,-89.8675,16.9158333333
ELKO,UNAVCO_NON-PBO,15,Operational,UNAVPS,GPS+BDS+GAL+GLO+SBAS,Daily,https://geodesy.noaa.gov/CORS/ncn_station_pages/index.html?stationID=ELKO,https://geodesy.noaa.gov/DataAvailability/DAP.jsp?SiteID=ELKO&NOD=20,https://geodesy.noaa.gov/cgi-cors/CorsSidebarSelect.prl?site=ELKO&option=Logfile,4/10/2022,-115.8169444444,40.9144444444
EPRT,NGS-IGS,1,Non-Operational,NGSIGS,GPS+GAL+GLO,Hourly,https://geodesy.noaa.gov/CORS/ncn_station_pages/index.html?stationID=EPRT,https://geodesy.noaa.gov/DataAvailability/DAP.jsp?SiteID=EPRT&NOD=20,https://geodesy.noaa.gov/cgi-cors/CorsSidebarSelect.prl?site=EPRT&option=Logfile,10/2/1998,-66.9919444444,44.9086111111
EWPP,UNAVCO-PBO,15,Operational,UNAVPB,GPS,Daily,https://geodesy.noaa.gov/CORS/ncn_station_pages/index.html?stationID=EWPP,https://geodesy.noaa.gov/DataAvailability/DAP.jsp?SiteID=EWPP&NOD=20,https://geodesy.noaa.gov/cgi-cors/CorsSidebarSelect.prl?site=EWPP&option=Logfile,1/1/2011,-117.5255555556,34.1041666667
EYAC,UNAVCO-PBO,15,Non-Operational,UNAVPB,GPS+GAL+GLO,Daily,https://geodesy.noaa.gov/CORS/ncn_station_pages/index.html?stationID=EYAC,https://geodesy.noaa.gov/DataAvailability/DAP.jsp?SiteID=EYAC&NOD=20,https://geodesy.noaa.gov/cgi-cors/CorsSidebarSelect.prl?site=EYAC&option=Logfile,1/1/2010,-145.7497222222,60.5486111111
FAI1,Federal Aviation Administration,1,Operational,FAA,GPS,Daily,https://geodesy.noaa.gov/CORS/ncn_station_pages/index.html?stationID=FAI1,https://geodesy.noaa.gov/DataAvailability/DAP.jsp?SiteID=FAI1&NOD=20,https://geodesy.noaa.gov/cgi-cors/CorsSidebarSelect.prl?site=FAI1&option=Logfile,4/25/2008,-147.8472222222,64.8094444444
FAIR,Jet Propulsion Laboratory,30,Operational,JPL,GPS+GAL+GLO,Hourly,https://geodesy.noaa.gov/CORS/ncn_station_pages/index.html?stationID=FAIR,https://geodesy.noaa.gov/DataAvailability/DAP.jsp?SiteID=FAIR&NOD=20,https://geodesy.noaa.gov/cgi-cors/CorsSidebarSelect.prl?site=FAIR&option=Logfile,1/24/1996,-147.4991666667,64.9777777778
FARI,Berkeley Seismological Laboratory,15,Operational,BSL,GPS+GLO,Daily,https://geodesy.noaa.gov/CORS/ncn_station_pages/index.html?stationID=FARI,https://geodesy.noaa.gov/DataAvailability/DAP.jsp?SiteID=FARI&NOD=20,https://geodesy.noaa.gov/cgi-cors/CorsSidebarSelect.prl?site=FARI&option=Logfile,4/20/2024,-123.0007226417,37.6972601
FERN,UNAVCO_NON-PBO,15,Operational,UNAVPS,GPS+GAL+GLO,Daily,https://geodesy.noaa.gov/CORS/ncn_station_pages/index.html?stationID=FERN,https://geodesy.noaa.gov/DataAvailability/DAP.jsp?SiteID=FERN&NOD=20,https://geodesy.noaa.gov/cgi-cors/CorsSidebarSelect.prl?site=FERN&option=Logfile,11/9/2000,-112.4547222222,35.3416666667
FFT2,Institut Geographique National - France,30,Operational,IGN,GPS+GAL+GLO+SBAS,Daily,https://geodesy.noaa.gov/CORS/ncn_station_pages/index.html?stationID=FFT2,https://geodesy.noaa.gov/DataAvailability/DAP.jsp?SiteID=FFT2&NOD=20,https://geodesy.noaa.gov/cgi-cors/CorsSidebarSelect.prl?site=FFT2&option=Logfile,1/17/2023,-61.0633333333,14.6013888889
FL75,Florida Department of Transportation,1,Operational,FLDT,GPS+BDS+GAL+GLO,Hourly,https://geodesy.noaa.gov/CORS/ncn_station_pages/index.html?stationID=FL75,https://geodesy.noaa.gov/DataAvailability/DAP.jsp?SiteID=FL75&NOD=20,https://geodesy.noaa.gov/cgi-cors/CorsSidebarSelect.prl?site=FL75&option=Logfile,8/17/2018,-83.1466666667,30.6125
FLAI,Florida Department of Transportation,1,Operational,FLDT,GPS+BDS+GAL+GLO,Hourly,https://geodesy.noaa.gov/CORS/ncn_station_pages/index.html?stationID=FLAI,https://geodesy.noaa.gov/DataAvailability/DAP.jsp?SiteID=FLAI&NOD=20,https://geodesy.noaa.gov/cgi-cors/CorsSidebarSelect.prl?site=FLAI&option=Logfile,3/21/2025,-82.6902350444,27.4497363861
FLBN,Florida Department of Transportation,1,Operational,FLDT,GPS+GAL+GLO,Hourly,https://geodesy.noaa.gov/CORS/ncn_station_pages/index.html?stationID=FLBN,https://geodesy.noaa.gov/DataAvailability/DAP.jsp?SiteID=FLBN&NOD=20,https://geodesy.noaa.gov/cgi-cors/CorsSidebarSelect.prl?site=FLBN&option=Logfile,3/27/2012,-81.2869444444,29.5938888889
FLCB,Florida Department of Transportation,1,Operational,FLDT,GPS+GAL+GLO,Hourly,https://geodesy.noaa.gov/CORS/ncn_station_pages/index.html?stationID=FLCB,https://geodesy.noaa.gov/DataAvailability/DAP.jsp?SiteID=FLCB&NOD=20,https://geodesy.noaa.gov/cgi-cors/CorsSidebarSelect.prl?site=FLCB&option=Logfile,11/21/2015,-84.695,29.8425
FLCK,Florida Department of Transportation,1,Operational,FLDT,GPS+GAL+GLO,Hourly,https://geodesy.noaa.gov/CORS/ncn_station_pages/index.html?stationID=FLCK,https://geodesy.noaa.gov/DataAvailability/DAP.jsp?SiteID=FLCK&NOD=20,https://geodesy.noaa.gov/cgi-cors/CorsSidebarSelect.prl?site=FLCK&option=Logfile,9/15/2023,-83.0308333333,29.1336111111
FLF1,NGS Stations CORS,1,Operational,NGSSTA,GPS+GAL+GLO,Hourly,https://geodesy.noaa.gov/CORS/ncn_station_pages/index.html?stationID=FLF1,https://geodesy.noaa.gov/DataAvailability/DAP.jsp?SiteID=FLF1&NOD=20,https://geodesy.noaa.gov/cgi-cors/CorsSidebarSelect.prl?site=FLF1&option=Logfile,1/23/2015,-80.3858333333,25.6152777778
FLKW,Florida Department of Transportation,1,Operational,FLDT,GPS+BDS+GAL+GLO,Hourly,https://geodesy.noaa.gov/CORS/ncn_station_pages/index.html?stationID=FLKW,https://geodesy.noaa.gov/DataAvailability/DAP.jsp?SiteID=FLKW&NOD=20,https://geodesy.noaa.gov/cgi-cors/CorsSidebarSelect.prl?site=FLKW&option=Logfile,8/7/2018,-81.7541666667,24.5536111111
FLMK,Florida Department of Transportation,1,Operational,FLDT,GPS+BDS+GAL+GLO,Hourly,https://geodesy.noaa.gov/CORS/ncn_station_pages/index.html?stationID=FLMK,https://geodesy.noaa.gov/DataAvailability/DAP.jsp?SiteID=FLMK&NOD=20,https://geodesy.noaa.gov/cgi-cors/CorsSidebarSelect.prl?site=FLMK&option=Logfile,9/18/2022,-81.0488888889,24.7258333333
FLSI,Florida Department of Transportation,1,Operational,FLDT,GPS+GAL+GLO,Hourly,https://geodesy.noaa.gov/CORS/ncn_station_pages/index.html?stationID=FLSI,https://geodesy.noaa.gov/DataAvailability/DAP.jsp?SiteID=FLSI&NOD=20,https://geodesy.noaa.gov/cgi-cors/CorsSidebarSelect.prl?site=FLSI&option=Logfile,4/26/2025,-82.1588020139,26.4747596778
FLWE,SmartNet North America,15,Non-Operational,SMRTNT,GPS+GLO,Hourly,https://geodesy.noaa.gov/CORS/ncn_station_pages/index.html?stationID=FLWE,https://geodesy.noaa.gov/DataAvailability/DAP.jsp?SiteID=FLWE&NOD=20,https://geodesy.noaa.gov/cgi-cors/CorsSidebarSelect.prl?site=FLWE&option=Logfile,3/17/2018,-81.0925,28.4405555556
FOOT,UNAVCO-PBO,15,Operational,UNAVPB,GPS+GAL+GLO+SBAS,Daily,https://geodesy.noaa.gov/CORS/ncn_station_pages/index.html?stationID=FOOT,https://geodesy.noaa.gov/DataAvailability/DAP.jsp?SiteID=FOOT&NOD=20,https://geodesy.noaa.gov/cgi-cors/CorsSidebarSelect.prl?site=FOOT&option=Logfile,1/8/2023,-113.8052777778,39.3691666667
FRDN,"Natural Resources Canada, Geodetic Survey Division",30,Operational,CADNR,GPS+GLO,Daily,https://geodesy.noaa.gov/CORS/ncn_station_pages/index.html?stationID=FRDN,https://geodesy.noaa.gov/DataAvailability/DAP.jsp?SiteID=FRDN&NOD=20,https://geodesy.noaa.gov/cgi-cors/CorsSidebarSelect.prl?site=FRDN&option=Logfile,11/16/2014,-66.6597222222,45.9333333333
FRED,UNAVCO_NON-PBO,15,Operational,UNAVPS,GPS+GAL+GLO,Daily,https://geodesy.noaa.gov/CORS/ncn_station_pages/index.html?stationID=FRED,https://geodesy.noaa.gov/DataAvailability/DAP.jsp?SiteID=FRED&NOD=20,https://geodesy.noaa.gov/cgi-cors/CorsSidebarSelect.prl?site=FRED&option=Logfile,11/9/2000,-112.4991666667,36.9880555556
FREO,Ohio Department of Transportation,1,Operational,OHDT,GPS+GAL+GLO,Hourly,https://geodesy.noaa.gov/CORS/ncn_station_pages/index.html?stationID=FREO,https://geodesy.noaa.gov/DataAvailability/DAP.jsp?SiteID=FREO&NOD=20,https://geodesy.noaa.gov/cgi-cors/CorsSidebarSelect.prl?site=FREO&option=Logfile,12/16/2001,-81.2577777778,40.2013888889
FRTG,Michigan Department of Transportation,1,Operational,MIDT,GPS+GLO,Hourly,https://geodesy.noaa.gov/CORS/ncn_station_pages/index.html?stationID=FRTG,https://geodesy.noaa.gov/DataAvailability/DAP.jsp?SiteID=FRTG&NOD=20,https://geodesy.noaa.gov/cgi-cors/CorsSidebarSelect.prl?site=FRTG&option=Logfile,4/10/2003,-82.4880555556,43.0375
FSHS,Louisiana State University,15,Operational,LASU,GPS+GAL+GLO,Hourly,https://geodesy.noaa.gov/CORS/ncn_station_pages/index.html?stationID=FSHS,https://geodesy.noaa.gov/DataAvailability/DAP.jsp?SiteID=FSHS&NOD=20,https://geodesy.noaa.gov/cgi-cors/CorsSidebarSelect.prl?site=FSHS&option=Logfile,5/13/2010,-91.5022222222,29.8052777778
FWTR,Louisiana State University,1,Operational,LASU,GPS+GAL+GLO,Hourly,https://geodesy.noaa.gov/CORS/ncn_station_pages/index.html?stationID=FWTR,https://geodesy.noaa.gov/DataAvailability/DAP.jsp?SiteID=FWTR&NOD=20,https://geodesy.noaa.gov/cgi-cors/CorsSidebarSelect.prl?site=FWTR&option=Logfile,8/30/2024,-92.3047133944,29.5525645
GAAE,South Carolina Geodetic Survey,1,Operational,SCGS,GPS+GAL+GLO,Hourly,https://geodesy.noaa.gov/CORS/ncn_station_pages/index.html?stationID=GAAE,https://geodesy.noaa.gov/DataAvailability/DAP.jsp?SiteID=GAAE&NOD=20,https://geodesy.noaa.gov/cgi-cors/CorsSidebarSelect.prl?site=GAAE&option=Logfile,2/11/2012,-82.0677777778,33.4272222222
GAAU,EGPS Solutions,5,Operational,EGPSSO,GPS+GAL+GLO,Hourly,https://geodesy.noaa.gov/CORS/ncn_station_pages/index.html?stationID=GAAU,https://geodesy.noaa.gov/DataAvailability/DAP.jsp?SiteID=GAAU&NOD=20,https://geodesy.noaa.gov/cgi-cors/CorsSidebarSelect.prl?site=GAAU&option=Logfile,8/5/2013,-82.0336111111,33.4713888889
GAAY,SmartNet North America,15,Operational,SMRTNT,GPS+GLO,Hourly,https://geodesy.noaa.gov/CORS/ncn_station_pages/index.html?stationID=GAAY,https://geodesy.noaa.gov/DataAvailability/DAP.jsp?SiteID=GAAY&NOD=20,https://geodesy.noaa.gov/cgi-cors/CorsSidebarSelect.prl?site=GAAY&option=Logfile,10/17/2016,-84.2747222222,31.6611111111
GABN,EGPS Solutions,5,Operational,EGPSSO,GPS+GLO,Hourly,https://geodesy.noaa.gov/CORS/ncn_station_pages/index.html?stationID=GABN,https://geodesy.noaa.gov/DataAvailability/DAP.jsp?SiteID=GABN&NOD=20,https://geodesy.noaa.gov/cgi-cors/CorsSidebarSelect.prl?site=GABN&option=Logfile,4/11/2011,-83.7772222222,34.1352777778
GABY,EGPS Solutions,5,Operational,EGPSSO,GPS+GLO,Hourly,https://geodesy.noaa.gov/CORS/ncn_station_pages/index.html?stationID=GABY,https://geodesy.noaa.gov/DataAvailability/DAP.jsp?SiteID=GABY&NOD=20,https://geodesy.noaa.gov/cgi-cors/CorsSidebarSelect.prl?site=GABY&option=Logfile,3/16/2009,-84.935,31.3775
GACC,Columbia County Georgia,1,Operational,GA-073,GPS+GAL+GLO,Hourly,https://geodesy.noaa.gov/CORS/ncn_station_pages/index.html?stationID=GACC,https://geodesy.noaa.gov/DataAvailability/DAP.jsp?SiteID=GACC&NOD=20,https://geodesy.noaa.gov/cgi-cors/CorsSidebarSelect.prl?site=GACC&option=Logfile,11/7/2003,-82.1336111111,33.5455555556
GACR,EGPS Solutions,5,Operational,EGPSSO,GPS+GLO,Hourly,https://geodesy.noaa.gov/CORS/ncn_station_pages/index.html?stationID=GACR,https://geodesy.noaa.gov/DataAvailability/DAP.jsp?SiteID=GACR&NOD=20,https://geodesy.noaa.gov/cgi-cors/CorsSidebarSelect.prl?site=GACR&option=Logfile,5/25/2005,-83.3461111111,32.3808333333
GALP,Ohio Department of Transportation,1,Operational,OHDT,GPS+GAL+GLO,Hourly,https://geodesy.noaa.gov/CORS/ncn_station_pages/index.html?stationID=GALP,https://geodesy.noaa.gov/DataAvailability/DAP.jsp?SiteID=GALP&NOD=20,https://geodesy.noaa.gov/cgi-cors/CorsSidebarSelect.prl?site=GALP&option=Logfile,1/2/2003,-82.2777777778,38.8441666667
GANW,EGPS Solutions,5,Operational,EGPSSO,GPS+GLO,Hourly,https://geodesy.noaa.gov/CORS/ncn_station_pages/index.html?stationID=GANW,https://geodesy.noaa.gov/DataAvailability/DAP.jsp?SiteID=GANW&NOD=20,https://geodesy.noaa.gov/cgi-cors/CorsSidebarSelect.prl?site=GANW&option=Logfile,3/8/2005,-84.7672222222,33.3055555556
GARF,Ohio Department of Transportation,1,Operational,OHDT,GPS+GAL+GLO,Hourly,https://geodesy.noaa.gov/CORS/ncn_station_pages/index.html?stationID=GARF,https://geodesy.noaa.gov/DataAvailability/DAP.jsp?SiteID=GARF&NOD=20,https://geodesy.noaa.gov/cgi-cors/CorsSidebarSelect.prl?site=GARF&option=Logfile,3/21/2003,-81.6147222222,41.4155555556
GARL,UNAVCO_NON-PBO,15,Operational,UNAVPS,GPS,Daily,https://geodesy.noaa.gov/CORS/ncn_station_pages/index.html?stationID=GARL,https://geodesy.noaa.gov/DataAvailability/DAP.jsp?SiteID=GARL&NOD=20,https://geodesy.noaa.gov/cgi-cors/CorsSidebarSelect.prl?site=GARL&option=Logfile,11/9/2000,-119.3552777778,40.4163888889
GASA,EGPS Solutions,5,Operational,EGPSSO,GPS+GLO,Hourly,https://geodesy.noaa.gov/CORS/ncn_station_pages/index.html?stationID=GASA,https://geodesy.noaa.gov/DataAvailability/DAP.jsp?SiteID=GASA&NOD=20,https://geodesy.noaa.gov/cgi-cors/CorsSidebarSelect.prl?site=GASA&option=Logfile,6/21/2015,-81.06,32.0236111111
GAST,North Carolina Geodetic Survey,1,Operational,NCGS,GPS+GAL+GLO,Hourly,https://geodesy.noaa.gov/CORS/ncn_station_pages/index.html?stationID=GAST,https://geodesy.noaa.gov/DataAvailability/DAP.jsp?SiteID=GAST&NOD=20,https://geodesy.noaa.gov/cgi-cors/CorsSidebarSelect.prl?site=GAST&option=Logfile,10/2/2002,-81.1886111111,35.3108333333
GATF,EGPS Solutions,5,Operational,EGPSSO,GPS+GLO,Hourly,https://geodesy.noaa.gov/CORS/ncn_station_pages/index.html?stationID=GATF,https://geodesy.noaa.gov/DataAvailability/DAP.jsp?SiteID=GATF&NOD=20,https://geodesy.noaa.gov/cgi-cors/CorsSidebarSelect.prl?site=GATF&option=Logfile,3/23/2009,-83.5088888889,31.4516666667
GCEA,Cayman Islands,15,Operational,CAYMAN,GPS+GAL+GLO,Hourly,https://geodesy.noaa.gov/CORS/ncn_station_pages/index.html?stationID=GCEA,https://geodesy.noaa.gov/DataAvailability/DAP.jsp?SiteID=GCEA&NOD=20,https://geodesy.noaa.gov/cgi-cors/CorsSidebarSelect.prl?site=GCEA&option=Logfile,7/8/2014,-81.3777777778,19.2927777778
GCES,Arizona Department of Water Resources,1,Operational,AZDWR,GPS+GLO,Hourly,https://geodesy.noaa.gov/CORS/ncn_station_pages/index.html?stationID=GCES,https://geodesy.noaa.gov/DataAvailability/DAP.jsp?SiteID=GCES&NOD=20,https://geodesy.noaa.gov/cgi-cors/CorsSidebarSelect.prl?site=GCES&option=Logfile,12/8/2015,-112.1288888889,36.0477777778
GCFS,Cayman Islands,15,Operational,CAYMAN,GPS+GLO,Hourly,https://geodesy.noaa.gov/CORS/ncn_station_pages/index.html?stationID=GCFS,https://geodesy.noaa.gov/DataAvailability/DAP.jsp?SiteID=GCFS&NOD=20,https://geodesy.noaa.gov/cgi-cors/CorsSidebarSelect.prl?site=GCFS&option=Logfile,11/25/2016,-81.1833333333,19.3127777778
GCGO,Jet Propulsion Laboratory,30,Operational,JPL,GPS+GAL+GLO,Hourly,https://geodesy.noaa.gov/CORS/ncn_station_pages/index.html?stationID=GCGO,https://geodesy.noaa.gov/DataAvailability/DAP.jsp?SiteID=GCGO&NOD=20,https://geodesy.noaa.gov/cgi-cors/CorsSidebarSelect.prl?site=GCGO&option=Logfile,3/11/2020,-147.4991666667,64.9780555556
GDMA,"NOAA, Center for Operational Oceanographic Products and Services",1,Operational,COOPS,GPS+GAL+GLO,Hourly,https://geodesy.noaa.gov/CORS/ncn_station_pages/index.html?stationID=GDMA,https://geodesy.noaa.gov/DataAvailability/DAP.jsp?SiteID=GDMA&NOD=20,https://geodesy.noaa.gov/cgi-cors/CorsSidebarSelect.prl?site=GDMA&option=Logfile,5/17/2002,-90.3411111111,47.7483333333
GISA,Environmental Systems Research Institute,30,Operational,ESRI,GPS+GAL+GLO,Hourly,https://geodesy.noaa.gov/CORS/ncn_station_pages/index.html?stationID=GISA,https://geodesy.noaa.gov/DataAvailability/DAP.jsp?SiteID=GISA&NOD=20,https://geodesy.noaa.gov/cgi-cors/CorsSidebarSelect.prl?site=GISA&option=Logfile,12/8/2011,-117.2180555556,34.0691666667
GLBX,National Park Service Geographic Information Systems Program,5,Operational,NPSGIS,GPS+GAL+GLO,Hourly,https://geodesy.noaa.gov/CORS/ncn_station_pages/index.html?stationID=GLBX,https://geodesy.noaa.gov/DataAvailability/DAP.jsp?SiteID=GLBX&NOD=20,https://geodesy.noaa.gov/cgi-cors/CorsSidebarSelect.prl?site=GLBX&option=Logfile,3/10/2023,-135.8883333333,58.455
GLRS,UNAVCO-PBO,15,Operational,UNAVPB,GPS+GLO,Daily,https://geodesy.noaa.gov/CORS/ncn_station_pages/index.html?stationID=GLRS,https://geodesy.noaa.gov/DataAvailability/DAP.jsp?SiteID=GLRS&NOD=20,https://geodesy.noaa.gov/cgi-cors/CorsSidebarSelect.prl?site=GLRS&option=Logfile,3/6/2012,-115.5211111111,33.2747222222
GMPK,UNAVCO-PBO,15,Operational,UNAVPB,GPS+GAL+GLO,Daily,https://geodesy.noaa.gov/CORS/ncn_station_pages/index.html?stationID=GMPK,https://geodesy.noaa.gov/DataAvailability/DAP.jsp?SiteID=GMPK&NOD=20,https://geodesy.noaa.gov/cgi-cors/CorsSidebarSelect.prl?site=GMPK&option=Logfile,3/6/2012,-114.8272222222,33.0508333333
GNPS,UNAVCO-PBO,15,Operational,UNAVPB,GPS+GAL+GLO,Daily,https://geodesy.noaa.gov/CORS/ncn_station_pages/index.html?stationID=GNPS,https://geodesy.noaa.gov/DataAvailability/DAP.jsp?SiteID=GNPS&NOD=20,https://geodesy.noaa.gov/cgi-cors/CorsSidebarSelect.prl?site=GNPS&option=Logfile,3/23/2011,-114.1894444444,34.3083333333
GNVL,Florida Department of Transportation,1,Operational,FLDT,GPS+GAL+GLO,Hourly,https://geodesy.noaa.gov/CORS/ncn_station_pages/index.html?stationID=GNVL,https://geodesy.noaa.gov/DataAvailability/DAP.jsp?SiteID=GNVL&NOD=20,https://geodesy.noaa.gov/cgi-cors/CorsSidebarSelect.prl?site=GNVL&option=Logfile,5/21/2002,-82.2766666667,29.6863888889
GOBS,UNAVCO_NON-PBO,15,Operational,UNAVPS,GPS+GAL+GLO,Daily,https://geodesy.noaa.gov/CORS/ncn_station_pages/index.html?stationID=GOBS,https://geodesy.noaa.gov/DataAvailability/DAP.jsp?SiteID=GOBS&NOD=20,https://geodesy.noaa.gov/cgi-cors/CorsSidebarSelect.prl?site=GOBS&option=Logfile,2/26/1998,-120.8144444444,45.8386111111
GOD2,"Natural Resources Canada, Geodetic Survey Division",30,Operational,CADNR,GPS,Daily,https://geodesy.noaa.gov/CORS/ncn_station_pages/index.html?stationID=GOD2,https://geodesy.noaa.gov/DataAvailability/DAP.jsp?SiteID=GOD2&NOD=20,https://geodesy.noaa.gov/cgi-cors/CorsSidebarSelect.prl?site=GOD2&option=Logfile,12/4/2013,-81.7277777778,43.7452777778
GODE,Jet Propulsion Laboratory,30,Operational,JPL,GPS+GAL+GLO,Hourly,https://geodesy.noaa.gov/CORS/ncn_station_pages/index.html?stationID=GODE,https://geodesy.noaa.gov/DataAvailability/DAP.jsp?SiteID=GODE&NOD=20,https://geodesy.noaa.gov/cgi-cors/CorsSidebarSelect.prl?site=GODE&option=Logfile,4/9/1997,-76.8266666667,39.0216666667
GODN,Jet Propulsion Laboratory,30,Operational,JPL,GPS+GAL+GLO,Daily,https://geodesy.noaa.gov/CORS/ncn_station_pages/index.html?stationID=GODN,https://geodesy.noaa.gov/DataAvailability/DAP.jsp?SiteID=GODN&NOD=20,https://geodesy.noaa.gov/cgi-cors/CorsSidebarSelect.prl?site=GODN&option=Logfile,10/13/2021,-76.8269444444,39.0211111111
GODS,Jet Propulsion Laboratory,30,Operational,JPL,GPS+GAL+GLO,Daily,https://geodesy.noaa.gov/CORS/ncn_station_pages/index.html?stationID=GODS,https://geodesy.noaa.gov/DataAvailability/DAP.jsp?SiteID=GODS&NOD=20,https://geodesy.noaa.gov/cgi-cors/CorsSidebarSelect.prl?site=GODS&option=Logfile,10/13/2021,-76.8272222222,39.0202777778
GOL2,Jet Propulsion Laboratory,30,Operational,JPL,GPS,Hourly,https://geodesy.noaa.gov/CORS/ncn_station_pages/index.html?stationID=GOL2,https://geodesy.noaa.gov/DataAvailability/DAP.jsp?SiteID=GOL2&NOD=20,https://geodesy.noaa.gov/cgi-cors/CorsSidebarSelect.prl?site=GOL2&option=Logfile,9/24/1999,-116.8891666667,35.425
GOSH,UNAVCO_NON-PBO,15,Operational,UNAVPS,GPS,Daily,https://geodesy.noaa.gov/CORS/ncn_station_pages/index.html?stationID=GOSH,https://geodesy.noaa.gov/DataAvailability/DAP.jsp?SiteID=GOSH&NOD=20,https://geodesy.noaa.gov/cgi-cors/CorsSidebarSelect.prl?site=GOSH&option=Logfile,5/8/2010,-114.1794444444,40.64
GRAR,Michigan Department of Transportation,1,Operational,MIDT,GPS+GLO,Hourly,https://geodesy.noaa.gov/CORS/ncn_station_pages/index.html?stationID=GRAR,https://geodesy.noaa.gov/DataAvailability/DAP.jsp?SiteID=GRAR&NOD=20,https://geodesy.noaa.gov/cgi-cors/CorsSidebarSelect.prl?site=GRAR&option=Logfile,8/31/2001,-85.6741666667,42.9886111111
GRIS,Louisiana State University,15,Operational,LASU,GPS+GAL+GLO,Hourly,https://geodesy.noaa.gov/CORS/ncn_station_pages/index.html?stationID=GRIS,https://geodesy.noaa.gov/DataAvailability/DAP.jsp?SiteID=GRIS&NOD=20,https://geodesy.noaa.gov/cgi-cors/CorsSidebarSelect.prl?site=GRIS&option=Logfile,9/6/2005,-89.9572222222,29.2652777778
GRMD,Washington State Reference Network,1,Operational,WSRN,GPS+GAL+GLO,Daily,https://geodesy.noaa.gov/CORS/ncn_station_pages/index.html?stationID=GRMD,https://geodesy.noaa.gov/DataAvailability/DAP.jsp?SiteID=GRMD&NOD=20,https://geodesy.noaa.gov/cgi-cors/CorsSidebarSelect.prl?site=GRMD&option=Logfile,1/31/2012,-123.0225,46.7952777778
GRNX,UNAVCO-PBO,15,Operational,UNAVPB,GPS+GAL+GLO,Daily,https://geodesy.noaa.gov/CORS/ncn_station_pages/index.html?stationID=GRNX,https://geodesy.noaa.gov/DataAvailability/DAP.jsp?SiteID=GRNX&NOD=20,https://geodesy.noaa.gov/cgi-cors/CorsSidebarSelect.prl?site=GRNX&option=Logfile,1/1/2010,-148.9780555556,63.8352777778
GRTN,Ohio Department of Transportation,1,Operational,OHDT,GPS+GAL+GLO,Hourly,https://geodesy.noaa.gov/CORS/ncn_station_pages/index.html?stationID=GRTN,https://geodesy.noaa.gov/DataAvailability/DAP.jsp?SiteID=GRTN&NOD=20,https://geodesy.noaa.gov/cgi-cors/CorsSidebarSelect.prl?site=GRTN&option=Logfile,1/2/2003,-83.8788888889,38.8594444444
GSC1,Mesa County Colorado Department of Public Works,1,Operational,MECOPW,GPS+GAL+GLO,Hourly,https://geodesy.noaa.gov/CORS/ncn_station_pages/index.html?stationID=GSC1,https://geodesy.noaa.gov/DataAvailability/DAP.jsp?SiteID=GSC1&NOD=20,https://geodesy.noaa.gov/cgi-cors/CorsSidebarSelect.prl?site=GSC1&option=Logfile,3/16/2009,-107.3275,39.5469444444
GTAC,Alabama Department of Transportation,1,Operational,ALDOT,GPS+GAL+GLO,Hourly,https://geodesy.noaa.gov/CORS/ncn_station_pages/index.html?stationID=GTAC,https://geodesy.noaa.gov/DataAvailability/DAP.jsp?SiteID=GTAC&NOD=20,https://geodesy.noaa.gov/cgi-cors/CorsSidebarSelect.prl?site=GTAC&option=Logfile,2/4/2009,-86.6533333333,34.7108333333
GTRG,UNAVCO_NON-PBO,15,Operational,UNAVPS,GPS+GAL+GLO,Daily,https://geodesy.noaa.gov/CORS/ncn_station_pages/index.html?stationID=GTRG,https://geodesy.noaa.gov/DataAvailability/DAP.jsp?SiteID=GTRG&NOD=20,https://geodesy.noaa.gov/cgi-cors/CorsSidebarSelect.prl?site=GTRG&option=Logfile,5/12/2000,-113.2411111111,43.2438888889
GUAM,Jet Propulsion Laboratory,30,Operational,JPL,GPS+GAL+GLO,Hourly,https://geodesy.noaa.gov/CORS/ncn_station_pages/index.html?stationID=GUAM,https://geodesy.noaa.gov/DataAvailability/DAP.jsp?SiteID=GUAM&NOD=20,https://geodesy.noaa.gov/cgi-cors/CorsSidebarSelect.prl?site=GUAM&option=Logfile,9/28/1996,144.8686111111,13.5891666667
GUAT,"Instituto Geografico Nacional, Guatemala",30,Non-Operational,IGN-GT,GPS+GLO,Hourly,https://geodesy.noaa.gov/CORS/ncn_station_pages/index.html?stationID=GUAT,https://geodesy.noaa.gov/DataAvailability/DAP.jsp?SiteID=GUAT&NOD=20,https://geodesy.noaa.gov/cgi-cors/CorsSidebarSelect.prl?site=GUAT&option=Logfile,8/3/2000,-90.52,14.5902777778
GUAX,UNAVCO_NON-PBO,15,Non-Operational,UNAVPS,GPS+GAL+GLO,Hourly,https://geodesy.noaa.gov/CORS/ncn_station_pages/index.html?stationID=GUAX,https://geodesy.noaa.gov/DataAvailability/DAP.jsp?SiteID=GUAX&NOD=20,https://geodesy.noaa.gov/cgi-cors/CorsSidebarSelect.prl?site=GUAX&option=Logfile,6/18/2020,-118.2894444444,28.8838888889
GUGO,GUAM DEPARTMENT OF LAND MANAGEMENT,5,Non-Operational,GUAMLM,GPS+GLO,Hourly,https://geodesy.noaa.gov/CORS/ncn_station_pages/index.html?stationID=GUGO,https://geodesy.noaa.gov/DataAvailability/DAP.jsp?SiteID=GUGO&NOD=20,https://geodesy.noaa.gov/cgi-cors/CorsSidebarSelect.prl?site=GUGO&option=Logfile,10/8/2019,144.7747222222,13.505
GUST,Ohio Department of Transportation,1,Operational,OHDT,GPS+GAL+GLO,Hourly,https://geodesy.noaa.gov/CORS/ncn_station_pages/index.html?stationID=GUST,https://geodesy.noaa.gov/DataAvailability/DAP.jsp?SiteID=GUST&NOD=20,https://geodesy.noaa.gov/cgi-cors/CorsSidebarSelect.prl?site=GUST&option=Logfile,12/19/2001,-80.7161111111,41.4625
GUUG,NGS-IGS,1,Operational,NGSIGS,GPS+GAL+GLO,Hourly,https://geodesy.noaa.gov/CORS/ncn_station_pages/index.html?stationID=GUUG,https://geodesy.noaa.gov/DataAvailability/DAP.jsp?SiteID=GUUG&NOD=20,https://geodesy.noaa.gov/cgi-cors/CorsSidebarSelect.prl?site=GUUG&option=Logfile,8/27/2003,144.8027777778,13.4330555556
GVMS,Louisiana State University,15,Operational,LASU,GPS+GAL+GLO,Hourly,https://geodesy.noaa.gov/CORS/ncn_station_pages/index.html?stationID=GVMS,https://geodesy.noaa.gov/DataAvailability/DAP.jsp?SiteID=GVMS&NOD=20,https://geodesy.noaa.gov/cgi-cors/CorsSidebarSelect.prl?site=GVMS&option=Logfile,5/16/2010,-90.9036111111,30.3141666667
HAHD,Washington State Reference Network,1,Operational,WSRN,GPS+GAL+GLO,Daily,https://geodesy.noaa.gov/CORS/ncn_station_pages/index.html?stationID=HAHD,https://geodesy.noaa.gov/DataAvailability/DAP.jsp?SiteID=HAHD&NOD=20,https://geodesy.noaa.gov/cgi-cors/CorsSidebarSelect.prl?site=HAHD&option=Logfile,10/28/2011,-121.7880555556,47.2905555556
HAL1,Jet Propulsion Laboratory,30,Operational,JPL,GPS+GAL+GLO,Hourly,https://geodesy.noaa.gov/CORS/ncn_station_pages/index.html?stationID=HAL1,https://geodesy.noaa.gov/DataAvailability/DAP.jsp?SiteID=HAL1&NOD=20,https://geodesy.noaa.gov/cgi-cors/CorsSidebarSelect.prl?site=HAL1&option=Logfile,3/11/2020,-156.2561111111,20.7072222222
HAML,Montana Department of Transportation,1,Operational,MTDOT,GPS+GAL+GLO,Hourly,https://geodesy.noaa.gov/CORS/ncn_station_pages/index.html?stationID=HAML,https://geodesy.noaa.gov/DataAvailability/DAP.jsp?SiteID=HAML&NOD=20,https://geodesy.noaa.gov/cgi-cors/CorsSidebarSelect.prl?site=HAML&option=Logfile,4/26/2019,-114.1727777778,46.195
HAMM,Louisiana State University,15,Operational,LASU,GPS+GAL+GLO,Hourly,https://geodesy.noaa.gov/CORS/ncn_station_pages/index.html?stationID=HAMM,https://geodesy.noaa.gov/DataAvailability/DAP.jsp?SiteID=HAMM&NOD=20,https://geodesy.noaa.gov/cgi-cors/CorsSidebarSelect.prl?site=HAMM&option=Logfile,1/24/2002,-90.4675,30.5130555556
HAMP,Keystone Precision Instruments,1,Operational,KEYPRE,GPS+GAL+GLO,Hourly,https://geodesy.noaa.gov/CORS/ncn_station_pages/index.html?stationID=HAMP,https://geodesy.noaa.gov/DataAvailability/DAP.jsp?SiteID=HAMP&NOD=20,https://geodesy.noaa.gov/cgi-cors/CorsSidebarSelect.prl?site=HAMP&option=Logfile,8/21/2002,-72.6394444444,42.3175
HAST,Michigan Department of Transportation,1,Operational,MIDT,GPS+GLO,Hourly,https://geodesy.noaa.gov/CORS/ncn_station_pages/index.html?stationID=HAST,https://geodesy.noaa.gov/DataAvailability/DAP.jsp?SiteID=HAST&NOD=20,https://geodesy.noaa.gov/cgi-cors/CorsSidebarSelect.prl?site=HAST&option=Logfile,4/1/2005,-85.265,42.6094444444
HBCH,Michigan Department of Transportation,1,Operational,MIDT,GPS+GLO,Hourly,https://geodesy.noaa.gov/CORS/ncn_station_pages/index.html?stationID=HBCH,https://geodesy.noaa.gov/DataAvailability/DAP.jsp?SiteID=HBCH&NOD=20,https://geodesy.noaa.gov/cgi-cors/CorsSidebarSelect.prl?site=HBCH&option=Logfile,4/19/2003,-82.6430555556,43.8461111111
HCES,UNAVCO_NON-PBO,15,Operational,UNAVPS,GPS+GAL+GLO,Daily,https://geodesy.noaa.gov/CORS/ncn_station_pages/index.html?stationID=HCES,https://geodesy.noaa.gov/DataAvailability/DAP.jsp?SiteID=HCES&NOD=20,https://geodesy.noaa.gov/cgi-cors/CorsSidebarSelect.prl?site=HCES&option=Logfile,5/4/2010,-89.1716666667,36.3325
HDIL,UNAVCO-PBO,15,Non-Operational,UNAVPB,GPS+GAL+GLO,Daily,https://geodesy.noaa.gov/CORS/ncn_station_pages/index.html?stationID=HDIL,https://geodesy.noaa.gov/DataAvailability/DAP.jsp?SiteID=HDIL&NOD=20,https://geodesy.noaa.gov/cgi-cors/CorsSidebarSelect.prl?site=HDIL&option=Logfile,5/5/2010,-89.2938888889,40.5558333333
HILR,"Pacific GPS Facility, Hawaii",1,Non-Operational,PACGPS,GPS+GLO,Daily,https://geodesy.noaa.gov/CORS/ncn_station_pages/index.html?stationID=HILR,https://geodesy.noaa.gov/DataAvailability/DAP.jsp?SiteID=HILR&NOD=20,https://geodesy.noaa.gov/cgi-cors/CorsSidebarSelect.prl?site=HILR&option=Logfile,5/25/2010,-155.0494444444,19.7172222222
HIPT,North Carolina Geodetic Survey,1,Operational,NCGS,GPS+GAL+GLO,Hourly,https://geodesy.noaa.gov/CORS/ncn_station_pages/index.html?stationID=HIPT,https://geodesy.noaa.gov/DataAvailability/DAP.jsp?SiteID=HIPT&NOD=20,https://geodesy.noaa.gov/cgi-cors/CorsSidebarSelect.prl?site=HIPT&option=Logfile,11/17/1999,-80.0133333333,35.9655555556
HMLK,Michigan Department of Transportation,1,Operational,MIDT,GPS+GLO,Hourly,https://geodesy.noaa.gov/CORS/ncn_station_pages/index.html?stationID=HMLK,https://geodesy.noaa.gov/DataAvailability/DAP.jsp?SiteID=HMLK&NOD=20,https://geodesy.noaa.gov/cgi-cors/CorsSidebarSelect.prl?site=HMLK&option=Logfile,5/18/2004,-84.2372222222,43.4113888889
HNLC,"Pacific GPS Facility, Hawaii",30,Operational,PACGPS,GPS,Daily,https://geodesy.noaa.gov/CORS/ncn_station_pages/index.html?stationID=HNLC,https://geodesy.noaa.gov/DataAvailability/DAP.jsp?SiteID=HNLC&NOD=20,https://geodesy.noaa.gov/cgi-cors/CorsSidebarSelect.prl?site=HNLC&option=Logfile,2/23/2002,-157.8644444444,21.3030555556
HNP2,NGS Stations CORS,1,Operational,NGSSTA,GPS+GAL+GLO,Hourly,https://geodesy.noaa.gov/CORS/ncn_station_pages/index.html?stationID=HNP2,https://geodesy.noaa.gov/DataAvailability/DAP.jsp?SiteID=HNP2&NOD=20,https://geodesy.noaa.gov/cgi-cors/CorsSidebarSelect.prl?site=HNP2&option=Logfile,2/8/2025,-76.1304735611,38.5887774306
HNPS,UNAVCO-PBO,15,Operational,UNAVPB,GPS,Daily,https://geodesy.noaa.gov/CORS/ncn_station_pages/index.html?stationID=HNPS,https://geodesy.noaa.gov/DataAvailability/DAP.jsp?SiteID=HNPS&NOD=20,https://geodesy.noaa.gov/cgi-cors/CorsSidebarSelect.prl?site=HNPS&option=Logfile,3/23/2011,-115.6352777778,33.705
HNPT,NGS-IGS,15,Operational,NGSIGS,GPS+BDS+GAL+GLO+QZSS,Hourly,https://geodesy.noaa.gov/CORS/ncn_station_pages/index.html?stationID=HNPT,https://geodesy.noaa.gov/DataAvailability/DAP.jsp?SiteID=HNPT&NOD=20,https://geodesy.noaa.gov/cgi-cors/CorsSidebarSelect.prl?site=HNPT&option=Logfile,11/14/1999,-76.1302777778,38.5886111111
HOPL,Berkeley Seismological Laboratory,15,Operational,BSL,GPS+GLO,Daily,https://geodesy.noaa.gov/CORS/ncn_station_pages/index.html?stationID=HOPL,https://geodesy.noaa.gov/DataAvailability/DAP.jsp?SiteID=HOPL&NOD=20,https://geodesy.noaa.gov/cgi-cors/CorsSidebarSelect.prl?site=HOPL&option=Logfile,11/17/2022,-123.0744444444,38.995
HOUM,Louisiana State University,15,Operational,LASU,GPS+GAL+GLO,Hourly,https://geodesy.noaa.gov/CORS/ncn_station_pages/index.html?stationID=HOUM,https://geodesy.noaa.gov/DataAvailability/DAP.jsp?SiteID=HOUM&NOD=20,https://geodesy.noaa.gov/cgi-cors/CorsSidebarSelect.prl?site=HOUM&option=Logfile,3/24/2004,-90.7236111111,29.5922222222
HRST,"Natural Resources Canada, Geodetic Survey Division",30,Non-Operational,CADNR,GPS+GLO,Daily,https://geodesy.noaa.gov/CORS/ncn_station_pages/index.html?stationID=HRST,https://geodesy.noaa.gov/DataAvailability/DAP.jsp?SiteID=HRST&NOD=20,https://geodesy.noaa.gov/cgi-cors/CorsSidebarSelect.prl?site=HRST&option=Logfile,4/8/2003,-83.5108333333,49.6672222222
HUEH,"Instituto Geografico Nacional, Guatemala",30,Non-Operational,IGN-GT,GPS+GLO,Hourly,https://geodesy.noaa.gov/CORS/ncn_station_pages/index.html?stationID=HUEH,https://geodesy.noaa.gov/DataAvailability/DAP.jsp?SiteID=HUEH&NOD=20,https://geodesy.noaa.gov/cgi-cors/CorsSidebarSelect.prl?site=HUEH&option=Logfile,6/7/2002,-91.5025,15.3180555556
IAAL,Iowa Department of Transportation,15,Operational,IADT,GPS+GLO,Hourly,https://geodesy.noaa.gov/CORS/ncn_station_pages/index.html?stationID=IAAL,https://geodesy.noaa.gov/DataAvailability/DAP.jsp?SiteID=IAAL&NOD=20,https://geodesy.noaa.gov/cgi-cors/CorsSidebarSelect.prl?site=IAAL&option=Logfile,12/8/2013,-92.7872222222,42.7469444444
IAAM,Iowa Department of Transportation,15,Operational,IADT,GPS+GLO,Hourly,https://geodesy.noaa.gov/CORS/ncn_station_pages/index.html?stationID=IAAM,https://geodesy.noaa.gov/DataAvailability/DAP.jsp?SiteID=IAAM&NOD=20,https://geodesy.noaa.gov/cgi-cors/CorsSidebarSelect.prl?site=IAAM&option=Logfile,7/16/2010,-93.5597222222,42.0094444444
IAAS,Iowa Department of Transportation,15,Operational,IADT,GPS+GLO,Hourly,https://geodesy.noaa.gov/CORS/ncn_station_pages/index.html?stationID=IAAS,https://geodesy.noaa.gov/DataAvailability/DAP.jsp?SiteID=IAAS&NOD=20,https://geodesy.noaa.gov/cgi-cors/CorsSidebarSelect.prl?site=IAAS&option=Logfile,1/4/2014,-95.7788888889,43.3055555556
IAAT,Iowa Department of Transportation,15,Operational,IADT,GPS+GLO,Hourly,https://geodesy.noaa.gov/CORS/ncn_station_pages/index.html?stationID=IAAT,https://geodesy.noaa.gov/DataAvailability/DAP.jsp?SiteID=IAAT&NOD=20,https://geodesy.noaa.gov/cgi-cors/CorsSidebarSelect.prl?site=IAAT&option=Logfile,12/8/2013,-94.9877777778,41.4052777778
IAC1,Iowa Department of Transportation,15,Operational,IADT,GPS+GLO,Hourly,https://geodesy.noaa.gov/CORS/ncn_station_pages/index.html?stationID=IAC1,https://geodesy.noaa.gov/DataAvailability/DAP.jsp?SiteID=IAC1&NOD=20,https://geodesy.noaa.gov/cgi-cors/CorsSidebarSelect.prl?site=IAC1&option=Logfile,6/15/2024,-93.0026088083,40.7396245972
IACB,Iowa Department of Transportation,15,Operational,IADT,GPS+GLO,Hourly,https://geodesy.noaa.gov/CORS/ncn_station_pages/index.html?stationID=IACB,https://geodesy.noaa.gov/DataAvailability/DAP.jsp?SiteID=IACB&NOD=20,https://geodesy.noaa.gov/cgi-cors/CorsSidebarSelect.prl?site=IACB&option=Logfile,12/9/2013,-95.8530555556,41.2238888889
IACL,Iowa Department of Transportation,15,Operational,IADT,GPS+GLO,Hourly,https://geodesy.noaa.gov/CORS/ncn_station_pages/index.html?stationID=IACL,https://geodesy.noaa.gov/DataAvailability/DAP.jsp?SiteID=IACL&NOD=20,https://geodesy.noaa.gov/cgi-cors/CorsSidebarSelect.prl?site=IACL&option=Logfile,12/29/2013,-93.7511111111,42.7308333333
IACN,Iowa Department of Transportation,15,Operational,IADT,GPS+GLO,Hourly,https://geodesy.noaa.gov/CORS/ncn_station_pages/index.html?stationID=IACN,https://geodesy.noaa.gov/DataAvailability/DAP.jsp?SiteID=IACN&NOD=20,https://geodesy.noaa.gov/cgi-cors/CorsSidebarSelect.prl?site=IACN&option=Logfile,1/1/2014,-95.0222222222,40.7425
IADA,Iowa Department of Transportation,15,Operational,IADT,GPS+GLO,Hourly,https://geodesy.noaa.gov/CORS/ncn_station_pages/index.html?stationID=IADA,https://geodesy.noaa.gov/DataAvailability/DAP.jsp?SiteID=IADA&NOD=20,https://geodesy.noaa.gov/cgi-cors/CorsSidebarSelect.prl?site=IADA&option=Logfile,1/5/2014,-90.6302777778,41.61
IADE,Iowa Department of Transportation,15,Operational,IADT,GPS+GLO,Hourly,https://geodesy.noaa.gov/CORS/ncn_station_pages/index.html?stationID=IADE,https://geodesy.noaa.gov/DataAvailability/DAP.jsp?SiteID=IADE&NOD=20,https://geodesy.noaa.gov/cgi-cors/CorsSidebarSelect.prl?site=IADE&option=Logfile,10/30/2012,-91.8313888889,43.2708333333
IADN,Iowa Department of Transportation,15,Operational,IADT,GPS+GAL+GLO,Hourly,https://geodesy.noaa.gov/CORS/ncn_station_pages/index.html?stationID=IADN,https://geodesy.noaa.gov/DataAvailability/DAP.jsp?SiteID=IADN&NOD=20,https://geodesy.noaa.gov/cgi-cors/CorsSidebarSelect.prl?site=IADN&option=Logfile,12/29/2013,-95.3755555556,41.9972222222
IADO,Iowa Department of Transportation,15,Operational,IADT,GPS+GLO,Hourly,https://geodesy.noaa.gov/CORS/ncn_station_pages/index.html?stationID=IADO,https://geodesy.noaa.gov/DataAvailability/DAP.jsp?SiteID=IADO&NOD=20,https://geodesy.noaa.gov/cgi-cors/CorsSidebarSelect.prl?site=IADO&option=Logfile,1/6/2014,-91.5658333333,40.6469444444
IAEL,Iowa Department of Transportation,15,Operational,IADT,GPS+GLO,Hourly,https://geodesy.noaa.gov/CORS/ncn_station_pages/index.html?stationID=IAEL,https://geodesy.noaa.gov/DataAvailability/DAP.jsp?SiteID=IAEL&NOD=20,https://geodesy.noaa.gov/cgi-cors/CorsSidebarSelect.prl?site=IAEL&option=Logfile,12/31/2013,-91.3613888889,42.8777777778
IAHT,Iowa Department of Transportation,15,Operational,IADT,GPS+GLO,Hourly,https://geodesy.noaa.gov/CORS/ncn_station_pages/index.html?stationID=IAHT,https://geodesy.noaa.gov/DataAvailability/DAP.jsp?SiteID=IAHT&NOD=20,https://geodesy.noaa.gov/cgi-cors/CorsSidebarSelect.prl?site=IAHT&option=Logfile,2/14/2014,-93.3683333333,43.2838888889
IALN,Iowa Department of Transportation,15,Operational,IADT,GPS+GLO,Hourly,https://geodesy.noaa.gov/CORS/ncn_station_pages/index.html?stationID=IALN,https://geodesy.noaa.gov/DataAvailability/DAP.jsp?SiteID=IALN&NOD=20,https://geodesy.noaa.gov/cgi-cors/CorsSidebarSelect.prl?site=IALN&option=Logfile,1/1/2014,-93.7616666667,40.7288888889
IAMD,Iowa Department of Transportation,15,Operational,IADT,GPS+GLO,Hourly,https://geodesy.noaa.gov/CORS/ncn_station_pages/index.html?stationID=IAMD,https://geodesy.noaa.gov/DataAvailability/DAP.jsp?SiteID=IAMD&NOD=20,https://geodesy.noaa.gov/cgi-cors/CorsSidebarSelect.prl?site=IAMD&option=Logfile,12/31/2013,-93.7438888889,41.3711111111
IAMN,Iowa Department of Transportation,15,Operational,IADT,GPS+GLO,Hourly,https://geodesy.noaa.gov/CORS/ncn_station_pages/index.html?stationID=IAMN,https://geodesy.noaa.gov/DataAvailability/DAP.jsp?SiteID=IAMN&NOD=20,https://geodesy.noaa.gov/cgi-cors/CorsSidebarSelect.prl?site=IAMN&option=Logfile,1/4/2014,-91.5486111111,42.0302777778
IAMQ,Iowa Department of Transportation,15,Operational,IADT,GPS+GLO,Hourly,https://geodesy.noaa.gov/CORS/ncn_station_pages/index.html?stationID=IAMQ,https://geodesy.noaa.gov/DataAvailability/DAP.jsp?SiteID=IAMQ&NOD=20,https://geodesy.noaa.gov/cgi-cors/CorsSidebarSelect.prl?site=IAMQ&option=Logfile,12/31/2013,-90.645,42.0736111111
IANA,Minnesota Department of Transportation,5,Operational,MNDT,GPS+GAL+GLO,Hourly,https://geodesy.noaa.gov/CORS/ncn_station_pages/index.html?stationID=IANA,https://geodesy.noaa.gov/DataAvailability/DAP.jsp?SiteID=IANA&NOD=20,https://geodesy.noaa.gov/cgi-cors/CorsSidebarSelect.prl?site=IANA&option=Logfile,6/25/2009,-91.2905555556,43.4969444444
IAOK,Iowa Department of Transportation,15,Operational,IADT,GPS+GLO,Hourly,https://geodesy.noaa.gov/CORS/ncn_station_pages/index.html?stationID=IAOK,https://geodesy.noaa.gov/DataAvailability/DAP.jsp?SiteID=IAOK&NOD=20,https://geodesy.noaa.gov/cgi-cors/CorsSidebarSelect.prl?site=IAOK&option=Logfile,12/30/2013,-92.6844444444,41.2930555556
IAPS,Iowa Department of Transportation,15,Operational,IADT,GPS+GLO,Hourly,https://geodesy.noaa.gov/CORS/ncn_station_pages/index.html?stationID=IAPS,https://geodesy.noaa.gov/DataAvailability/DAP.jsp?SiteID=IAPS&NOD=20,https://geodesy.noaa.gov/cgi-cors/CorsSidebarSelect.prl?site=IAPS&option=Logfile,12/30/2013,-94.6791666667,42.7377777778
IASU,Iowa Department of Transportation,15,Operational,IADT,GPS+GLO,Hourly,https://geodesy.noaa.gov/CORS/ncn_station_pages/index.html?stationID=IASU,https://geodesy.noaa.gov/DataAvailability/DAP.jsp?SiteID=IASU&NOD=20,https://geodesy.noaa.gov/cgi-cors/CorsSidebarSelect.prl?site=IASU&option=Logfile,6/10/2024,-96.3168016667,42.4776408528
IASW,Iowa Department of Transportation,15,Operational,IADT,GPS+GLO,Hourly,https://geodesy.noaa.gov/CORS/ncn_station_pages/index.html?stationID=IASW,https://geodesy.noaa.gov/DataAvailability/DAP.jsp?SiteID=IASW&NOD=20,https://geodesy.noaa.gov/cgi-cors/CorsSidebarSelect.prl?site=IASW&option=Logfile,3/18/2014,-94.2963888889,43.3833333333
IATA,Iowa Department of Transportation,15,Operational,IADT,GPS+GLO,Hourly,https://geodesy.noaa.gov/CORS/ncn_station_pages/index.html?stationID=IATA,https://geodesy.noaa.gov/DataAvailability/DAP.jsp?SiteID=IATA&NOD=20,https://geodesy.noaa.gov/cgi-cors/CorsSidebarSelect.prl?site=IATA&option=Logfile,12/31/2013,-92.5513888889,41.9669444444
IAWN,Iowa Department of Transportation,15,Operational,IADT,GPS+GLO,Hourly,https://geodesy.noaa.gov/CORS/ncn_station_pages/index.html?stationID=IAWN,https://geodesy.noaa.gov/DataAvailability/DAP.jsp?SiteID=IAWN&NOD=20,https://geodesy.noaa.gov/cgi-cors/CorsSidebarSelect.prl?site=IAWN&option=Logfile,12/31/2013,-91.6788888889,41.3094444444
ICAM,"Instituto Nacional de Estadistica, Geografia e Informatica, Mexico",15,Operational,INEGI,GPS+GAL+GLO,Hourly,https://geodesy.noaa.gov/CORS/ncn_station_pages/index.html?stationID=ICAM,https://geodesy.noaa.gov/DataAvailability/DAP.jsp?SiteID=ICAM&NOD=20,https://geodesy.noaa.gov/cgi-cors/CorsSidebarSelect.prl?site=ICAM&option=Logfile,11/27/2012,-90.5272222222,19.8533333333
ICT1,City of Wichita Kansas,1,Operational,KS5880,GPS+GAL+GLO,Hourly,https://geodesy.noaa.gov/CORS/ncn_station_pages/index.html?stationID=ICT1,https://geodesy.noaa.gov/DataAvailability/DAP.jsp?SiteID=ICT1&NOD=20,https://geodesy.noaa.gov/cgi-cors/CorsSidebarSelect.prl?site=ICT1&option=Logfile,8/1/2008,-97.3086111111,37.5875
ICT4,Ozark Laser,1,Operational,OZARK,GPS+GAL+GLO,Hourly,https://geodesy.noaa.gov/CORS/ncn_station_pages/index.html?stationID=ICT4,https://geodesy.noaa.gov/DataAvailability/DAP.jsp?SiteID=ICT4&NOD=20,https://geodesy.noaa.gov/cgi-cors/CorsSidebarSelect.prl?site=ICT4&option=Logfile,8/1/2008,-97.6322222222,37.6188888889
ICT5,Ozark Laser,1,Operational,OZARK,GPS+GAL+GLO,Hourly,https://geodesy.noaa.gov/CORS/ncn_station_pages/index.html?stationID=ICT5,https://geodesy.noaa.gov/DataAvailability/DAP.jsp?SiteID=ICT5&NOD=20,https://geodesy.noaa.gov/cgi-cors/CorsSidebarSelect.prl?site=ICT5&option=Logfile,8/1/2008,-97.6255555556,37.7866666667
ID01,KARA Company,1,Operational,KARA,GPS+GLO,Daily,https://geodesy.noaa.gov/CORS/ncn_station_pages/index.html?stationID=ID01,https://geodesy.noaa.gov/DataAvailability/DAP.jsp?SiteID=ID01&NOD=20,https://geodesy.noaa.gov/cgi-cors/CorsSidebarSelect.prl?site=ID01&option=Logfile,6/6/2014,-87.7133333333,39.6030555556
ID03,KARA Company,1,Non-Operational,KARA,GPS+GLO,Daily,https://geodesy.noaa.gov/CORS/ncn_station_pages/index.html?stationID=ID03,https://geodesy.noaa.gov/DataAvailability/DAP.jsp?SiteID=ID03&NOD=20,https://geodesy.noaa.gov/cgi-cors/CorsSidebarSelect.prl?site=ID03&option=Logfile,6/16/2014,-87.7463888889,40.1283333333
IDBB,SmartNet North America,15,Non-Operational,SMRTNT,GPS+GLO,Hourly,https://geodesy.noaa.gov/CORS/ncn_station_pages/index.html?stationID=IDBB,https://geodesy.noaa.gov/DataAvailability/DAP.jsp?SiteID=IDBB&NOD=20,https://geodesy.noaa.gov/cgi-cors/CorsSidebarSelect.prl?site=IDBB&option=Logfile,1/11/2006,-112.0413888889,43.4813888889
IDBY,SmartNet North America,15,Operational,SMRTNT,GPS+GLO,Hourly,https://geodesy.noaa.gov/CORS/ncn_station_pages/index.html?stationID=IDBY,https://geodesy.noaa.gov/DataAvailability/DAP.jsp?SiteID=IDBY&NOD=20,https://geodesy.noaa.gov/cgi-cors/CorsSidebarSelect.prl?site=IDBY&option=Logfile,8/10/2006,-111.7833333333,43.8202777778
IDCH,Idaho Transportation Department,30,Non-Operational,IDTD,GPS+GLO,Hourly,https://geodesy.noaa.gov/CORS/ncn_station_pages/index.html?stationID=IDCH,https://geodesy.noaa.gov/DataAvailability/DAP.jsp?SiteID=IDCH&NOD=20,https://geodesy.noaa.gov/cgi-cors/CorsSidebarSelect.prl?site=IDCH&option=Logfile,3/26/2016,-114.22,44.515
IDDR,Idaho Department of Transportation District 6,30,Operational,IDDT06,GPS+GLO,Hourly,https://geodesy.noaa.gov/CORS/ncn_station_pages/index.html?stationID=IDDR,https://geodesy.noaa.gov/DataAvailability/DAP.jsp?SiteID=IDDR&NOD=20,https://geodesy.noaa.gov/cgi-cors/CorsSidebarSelect.prl?site=IDDR&option=Logfile,9/23/2005,-111.11,43.7461111111
IDDU,Idaho Transportation Department,30,Operational,IDTD,GPS+GLO,Hourly,https://geodesy.noaa.gov/CORS/ncn_station_pages/index.html?stationID=IDDU,https://geodesy.noaa.gov/DataAvailability/DAP.jsp?SiteID=IDDU&NOD=20,https://geodesy.noaa.gov/cgi-cors/CorsSidebarSelect.prl?site=IDDU&option=Logfile,6/23/2014,-112.2358333333,44.1741666667
IDIF,Idaho State University,1,Operational,ISU,GPS+GLO,Hourly,https://geodesy.noaa.gov/CORS/ncn_station_pages/index.html?stationID=IDIF,https://geodesy.noaa.gov/DataAvailability/DAP.jsp?SiteID=IDIF&NOD=20,https://geodesy.noaa.gov/cgi-cors/CorsSidebarSelect.prl?site=IDIF&option=Logfile,6/30/2006,-112.0519444444,43.5183333333
IDIR,Idaho Transportation Department,15,Operational,IDTD,GPS+GLO,Hourly,https://geodesy.noaa.gov/CORS/ncn_station_pages/index.html?stationID=IDIR,https://geodesy.noaa.gov/DataAvailability/DAP.jsp?SiteID=IDIR&NOD=20,https://geodesy.noaa.gov/cgi-cors/CorsSidebarSelect.prl?site=IDIR&option=Logfile,5/3/2011,-111.2966666667,43.4094444444
IDNL,Idaho Transportation Department,15,Operational,IDTD,GPS+GLO,Hourly,https://geodesy.noaa.gov/CORS/ncn_station_pages/index.html?stationID=IDNL,https://geodesy.noaa.gov/DataAvailability/DAP.jsp?SiteID=IDNL&NOD=20,https://geodesy.noaa.gov/cgi-cors/CorsSidebarSelect.prl?site=IDNL&option=Logfile,12/13/2014,-113.0088888889,43.5480555556
IDNP,Washington State Reference Network,1,Operational,WSRN,GPS+GAL+GLO,Daily,https://geodesy.noaa.gov/CORS/ncn_station_pages/index.html?stationID=IDNP,https://geodesy.noaa.gov/DataAvailability/DAP.jsp?SiteID=IDNP&NOD=20,https://geodesy.noaa.gov/cgi-cors/CorsSidebarSelect.prl?site=IDNP&option=Logfile,10/14/2004,-116.1211111111,45.9394444444
IDPO,Idaho State University,1,Operational,ISU,GPS+GAL+GLO,Hourly,https://geodesy.noaa.gov/CORS/ncn_station_pages/index.html?stationID=IDPO,https://geodesy.noaa.gov/DataAvailability/DAP.jsp?SiteID=IDPO&NOD=20,https://geodesy.noaa.gov/cgi-cors/CorsSidebarSelect.prl?site=IDPO&option=Logfile,7/21/2004,-112.4316666667,42.8655555556
IDSN,SmartNet North America,15,Operational,SMRTNT,GPS+GLO,Hourly,https://geodesy.noaa.gov/CORS/ncn_station_pages/index.html?stationID=IDSN,https://geodesy.noaa.gov/DataAvailability/DAP.jsp?SiteID=IDSN&NOD=20,https://geodesy.noaa.gov/cgi-cors/CorsSidebarSelect.prl?site=IDSN&option=Logfile,8/27/2008,-113.8966666667,45.1919444444
IDTD,NGS Stations CORS,5,Operational,NGSSTA,GPS+GLO+SBAS,Hourly,https://geodesy.noaa.gov/CORS/ncn_station_pages/index.html?stationID=IDTD,https://geodesy.noaa.gov/DataAvailability/DAP.jsp?SiteID=IDTD&NOD=20,https://geodesy.noaa.gov/cgi-cors/CorsSidebarSelect.prl?site=IDTD&option=Logfile,5/14/2001,-116.2833333333,43.6527777778
IDTF,SmartNet North America,15,Operational,SMRTNT,GPS+GLO,Hourly,https://geodesy.noaa.gov/CORS/ncn_station_pages/index.html?stationID=IDTF,https://geodesy.noaa.gov/DataAvailability/DAP.jsp?SiteID=IDTF&NOD=20,https://geodesy.noaa.gov/cgi-cors/CorsSidebarSelect.prl?site=IDTF&option=Logfile,3/2/2020,-114.4475,42.5363888889
IID2,UNAVCO-PBO,15,Operational,UNAVPB,GPS+GAL+GLO,Daily,https://geodesy.noaa.gov/CORS/ncn_station_pages/index.html?stationID=IID2,https://geodesy.noaa.gov/DataAvailability/DAP.jsp?SiteID=IID2&NOD=20,https://geodesy.noaa.gov/cgi-cors/CorsSidebarSelect.prl?site=IID2&option=Logfile,3/23/2011,-115.0316666667,32.7061111111
ILSA,Sangamon County Illinois,5,Operational,IL-167,GPS+GAL+GLO,Hourly,https://geodesy.noaa.gov/CORS/ncn_station_pages/index.html?stationID=ILSA,https://geodesy.noaa.gov/DataAvailability/DAP.jsp?SiteID=ILSA&NOD=20,https://geodesy.noaa.gov/cgi-cors/CorsSidebarSelect.prl?site=ILSA&option=Logfile,4/20/2005,-89.6102777778,39.7786111111
ILUC,University of Illinois,1,Operational,UIL,GPS+GLO,Hourly,https://geodesy.noaa.gov/CORS/ncn_station_pages/index.html?stationID=ILUC,https://geodesy.noaa.gov/DataAvailability/DAP.jsp?SiteID=ILUC&NOD=20,https://geodesy.noaa.gov/cgi-cors/CorsSidebarSelect.prl?site=ILUC&option=Logfile,3/3/2009,-88.2202777778,40.0988888889
IMPS,UNAVCO-PBO,15,Operational,UNAVPB,GPS+GAL+GLO,Daily,https://geodesy.noaa.gov/CORS/ncn_station_pages/index.html?stationID=IMPS,https://geodesy.noaa.gov/DataAvailability/DAP.jsp?SiteID=IMPS&NOD=20,https://geodesy.noaa.gov/cgi-cors/CorsSidebarSelect.prl?site=IMPS&option=Logfile,3/23/2011,-115.145,34.1575
INAB,Indiana Department of Transportation,1,Operational,INDOT,GPS+GLO,Hourly,https://geodesy.noaa.gov/CORS/ncn_station_pages/index.html?stationID=INAB,https://geodesy.noaa.gov/DataAvailability/DAP.jsp?SiteID=INAB&NOD=20,https://geodesy.noaa.gov/cgi-cors/CorsSidebarSelect.prl?site=INAB&option=Logfile,12/30/2010,-85.2113888889,40.2980555556
INAS,Indiana Department of Transportation,1,Operational,INDOT,GPS+GLO,Hourly,https://geodesy.noaa.gov/CORS/ncn_station_pages/index.html?stationID=INAS,https://geodesy.noaa.gov/DataAvailability/DAP.jsp?SiteID=INAS&NOD=20,https://geodesy.noaa.gov/cgi-cors/CorsSidebarSelect.prl?site=INAS&option=Logfile,10/29/2010,-87.1108333333,39.3894444444
INAX,Indiana Department of Transportation,1,Operational,INDOT,GPS+GLO,Hourly,https://geodesy.noaa.gov/CORS/ncn_station_pages/index.html?stationID=INAX,https://geodesy.noaa.gov/DataAvailability/DAP.jsp?SiteID=INAX&NOD=20,https://geodesy.noaa.gov/cgi-cors/CorsSidebarSelect.prl?site=INAX&option=Logfile,10/29/2010,-85.6694444444,40.2780555556
INBD,Indiana Department of Transportation,1,Operational,INDOT,GPS+GLO,Hourly,https://geodesy.noaa.gov/CORS/ncn_station_pages/index.html?stationID=INBD,https://geodesy.noaa.gov/DataAvailability/DAP.jsp?SiteID=INBD&NOD=20,https://geodesy.noaa.gov/cgi-cors/CorsSidebarSelect.prl?site=INBD&option=Logfile,10/29/2010,-86.5222222222,38.8630555556
INBR,Indiana Department of Transportation,1,Operational,INDOT,GPS+GAL+GLO,Hourly,https://geodesy.noaa.gov/CORS/ncn_station_pages/index.html?stationID=INBR,https://geodesy.noaa.gov/DataAvailability/DAP.jsp?SiteID=INBR&NOD=20,https://geodesy.noaa.gov/cgi-cors/CorsSidebarSelect.prl?site=INBR&option=Logfile,11/26/2010,-86.1925,41.4577777778
INCL,Indiana Department of Transportation,1,Operational,INDOT,GPS+GLO,Hourly,https://geodesy.noaa.gov/CORS/ncn_station_pages/index.html?stationID=INCL,https://geodesy.noaa.gov/DataAvailability/DAP.jsp?SiteID=INCL&NOD=20,https://geodesy.noaa.gov/cgi-cors/CorsSidebarSelect.prl?site=INCL&option=Logfile,10/29/2010,-86.8013888889,39.5363888889
INCO,Indiana Department of Transportation,1,Operational,INDOT,GPS+GAL+GLO,Hourly,https://geodesy.noaa.gov/CORS/ncn_station_pages/index.html?stationID=INCO,https://geodesy.noaa.gov/DataAvailability/DAP.jsp?SiteID=INCO&NOD=20,https://geodesy.noaa.gov/cgi-cors/CorsSidebarSelect.prl?site=INCO&option=Logfile,12/20/2021,-85.9616666667,39.1972222222
INCR,Indiana Department of Transportation,1,Operational,INDOT,GPS+GAL+GLO,Hourly,https://geodesy.noaa.gov/CORS/ncn_station_pages/index.html?stationID=INCR,https://geodesy.noaa.gov/DataAvailability/DAP.jsp?SiteID=INCR&NOD=20,https://geodesy.noaa.gov/cgi-cors/CorsSidebarSelect.prl?site=INCR&option=Logfile,7/24/2010,-86.9047222222,40.0819444444
INDA,Indiana Department of Transportation,1,Operational,INDOT,GPS+GLO,Hourly,https://geodesy.noaa.gov/CORS/ncn_station_pages/index.html?stationID=INDA,https://geodesy.noaa.gov/DataAvailability/DAP.jsp?SiteID=INDA&NOD=20,https://geodesy.noaa.gov/cgi-cors/CorsSidebarSelect.prl?site=INDA&option=Logfile,8/6/2010,-86.9738888889,38.195
INEG,"Instituto Nacional de Estadistica, Geografia e Informatica, Mexico",15,Operational,INEGI,GPS+GAL+GLO,Hourly,https://geodesy.noaa.gov/CORS/ncn_station_pages/index.html?stationID=INEG,https://geodesy.noaa.gov/DataAvailability/DAP.jsp?SiteID=INEG&NOD=20,https://geodesy.noaa.gov/cgi-cors/CorsSidebarSelect.prl?site=INEG&option=Logfile,9/22/2005,-102.2841666667,21.8561111111
INEV,Indiana Department of Transportation,1,Operational,INDOT,GPS+GAL+GLO,Hourly,https://geodesy.noaa.gov/CORS/ncn_station_pages/index.html?stationID=INEV,https://geodesy.noaa.gov/DataAvailability/DAP.jsp?SiteID=INEV&NOD=20,https://geodesy.noaa.gov/cgi-cors/CorsSidebarSelect.prl?site=INEV&option=Logfile,4/19/2021,-87.5494444444,38.1294444444
INFC,Indiana Department of Transportation,1,Operational,INDOT,GPS+GAL+GLO,Hourly,https://geodesy.noaa.gov/CORS/ncn_station_pages/index.html?stationID=INFC,https://geodesy.noaa.gov/DataAvailability/DAP.jsp?SiteID=INFC&NOD=20,https://geodesy.noaa.gov/cgi-cors/CorsSidebarSelect.prl?site=INFC&option=Logfile,10/30/2010,-85.7494444444,38.3466666667
INFR,Indiana Department of Transportation,1,Operational,INDOT,GPS+GAL+GLO,Hourly,https://geodesy.noaa.gov/CORS/ncn_station_pages/index.html?stationID=INFR,https://geodesy.noaa.gov/DataAvailability/DAP.jsp?SiteID=INFR&NOD=20,https://geodesy.noaa.gov/cgi-cors/CorsSidebarSelect.prl?site=INFR&option=Logfile,11/25/2010,-86.5325,40.2783333333
INFW,Indiana Department of Transportation,1,Operational,INDOT,GPS+GAL+GLO,Hourly,https://geodesy.noaa.gov/CORS/ncn_station_pages/index.html?stationID=INFW,https://geodesy.noaa.gov/DataAvailability/DAP.jsp?SiteID=INFW&NOD=20,https://geodesy.noaa.gov/cgi-cors/CorsSidebarSelect.prl?site=INFW&option=Logfile,8/3/2010,-85.1775,41.1277777778
INGG,Indiana Department of Transportation,1,Operational,INDOT,GPS+GAL+GLO,Hourly,https://geodesy.noaa.gov/CORS/ncn_station_pages/index.html?stationID=INGG,https://geodesy.noaa.gov/DataAvailability/DAP.jsp?SiteID=INGG&NOD=20,https://geodesy.noaa.gov/cgi-cors/CorsSidebarSelect.prl?site=INGG&option=Logfile,11/18/2010,-85.5147222222,39.3597222222
INGY,Indiana Department of Transportation,1,Operational,INDOT,GPS+GAL+GLO,Hourly,https://geodesy.noaa.gov/CORS/ncn_station_pages/index.html?stationID=INGY,https://geodesy.noaa.gov/DataAvailability/DAP.jsp?SiteID=INGY&NOD=20,https://geodesy.noaa.gov/cgi-cors/CorsSidebarSelect.prl?site=INGY&option=Logfile,11/27/2010,-87.2463888889,41.595
INHC,Hendricks County Surveyor's Office,1,Non-Operational,IN-063,GPS+GAL+GLO,Hourly,https://geodesy.noaa.gov/CORS/ncn_station_pages/index.html?stationID=INHC,https://geodesy.noaa.gov/DataAvailability/DAP.jsp?SiteID=INHC&NOD=20,https://geodesy.noaa.gov/cgi-cors/CorsSidebarSelect.prl?site=INHC&option=Logfile,4/20/2009,-86.5230555556,39.7566666667
INJS,Indiana Department of Transportation,1,Non-Operational,INDOT,GPS+GLO,Hourly,https://geodesy.noaa.gov/CORS/ncn_station_pages/index.html?stationID=INJS,https://geodesy.noaa.gov/DataAvailability/DAP.jsp?SiteID=INJS&NOD=20,https://geodesy.noaa.gov/cgi-cors/CorsSidebarSelect.prl?site=INJS&option=Logfile,10/30/2010,-86.9386111111,38.4083333333
INLN,Indiana Department of Transportation,1,Operational,INDOT,GPS+GLO,Hourly,https://geodesy.noaa.gov/CORS/ncn_station_pages/index.html?stationID=INLN,https://geodesy.noaa.gov/DataAvailability/DAP.jsp?SiteID=INLN&NOD=20,https://geodesy.noaa.gov/cgi-cors/CorsSidebarSelect.prl?site=INLN&option=Logfile,11/3/2010,-87.1533333333,39.0297222222
INLP,Indiana Department of Transportation,1,Operational,INDOT,GPS+GAL+GLO,Hourly,https://geodesy.noaa.gov/CORS/ncn_station_pages/index.html?stationID=INLP,https://geodesy.noaa.gov/DataAvailability/DAP.jsp?SiteID=INLP&NOD=20,https://geodesy.noaa.gov/cgi-cors/CorsSidebarSelect.prl?site=INLP&option=Logfile,8/3/2010,-86.6925,41.585
INLW,Indiana Department of Transportation,1,Operational,INDOT,GPS+GAL+GLO,Hourly,https://geodesy.noaa.gov/CORS/ncn_station_pages/index.html?stationID=INLW,https://geodesy.noaa.gov/DataAvailability/DAP.jsp?SiteID=INLW&NOD=20,https://geodesy.noaa.gov/cgi-cors/CorsSidebarSelect.prl?site=INLW&option=Logfile,11/27/2010,-87.3158333333,41.29
INMD,Indiana Department of Transportation,1,Operational,INDOT,GPS+GLO,Hourly,https://geodesy.noaa.gov/CORS/ncn_station_pages/index.html?stationID=INMD,https://geodesy.noaa.gov/DataAvailability/DAP.jsp?SiteID=INMD&NOD=20,https://geodesy.noaa.gov/cgi-cors/CorsSidebarSelect.prl?site=INMD&option=Logfile,8/5/2010,-85.4211111111,38.8341666667
INMO,Indiana Department of Transportation,1,Operational,INDOT,GPS+GAL+GLO,Hourly,https://geodesy.noaa.gov/CORS/ncn_station_pages/index.html?stationID=INMO,https://geodesy.noaa.gov/DataAvailability/DAP.jsp?SiteID=INMO&NOD=20,https://geodesy.noaa.gov/cgi-cors/CorsSidebarSelect.prl?site=INMO&option=Logfile,11/26/2010,-86.7525,40.7258333333
INMT,Indiana Department of Transportation,1,Operational,INDOT,GPS+GAL+GLO,Hourly,https://geodesy.noaa.gov/CORS/ncn_station_pages/index.html?stationID=INMT,https://geodesy.noaa.gov/DataAvailability/DAP.jsp?SiteID=INMT&NOD=20,https://geodesy.noaa.gov/cgi-cors/CorsSidebarSelect.prl?site=INMT&option=Logfile,8/4/2010,-86.0427777778,39.7711111111
INNC,Noble County Indiana,1,Operational,IN-113,GPS+GAL+GLO,Hourly,https://geodesy.noaa.gov/CORS/ncn_station_pages/index.html?stationID=INNC,https://geodesy.noaa.gov/DataAvailability/DAP.jsp?SiteID=INNC&NOD=20,https://geodesy.noaa.gov/cgi-cors/CorsSidebarSelect.prl?site=INNC&option=Logfile,6/2/2011,-85.4230555556,41.3830555556
INPA,Indiana Department of Transportation,1,Operational,INDOT,GPS+GAL+GLO,Hourly,https://geodesy.noaa.gov/CORS/ncn_station_pages/index.html?stationID=INPA,https://geodesy.noaa.gov/DataAvailability/DAP.jsp?SiteID=INPA&NOD=20,https://geodesy.noaa.gov/cgi-cors/CorsSidebarSelect.prl?site=INPA&option=Logfile,11/3/2010,-86.4916666667,38.5658333333
INPD,Indiana Department of Transportation,1,Operational,INDOT,GPS+GLO,Hourly,https://geodesy.noaa.gov/CORS/ncn_station_pages/index.html?stationID=INPD,https://geodesy.noaa.gov/DataAvailability/DAP.jsp?SiteID=INPD&NOD=20,https://geodesy.noaa.gov/cgi-cors/CorsSidebarSelect.prl?site=INPD&option=Logfile,12/30/2010,-85.7694444444,39.9730555556
INPL,Indiana Department of Transportation,1,Operational,INDOT,GPS+GAL+GLO,Hourly,https://geodesy.noaa.gov/CORS/ncn_station_pages/index.html?stationID=INPL,https://geodesy.noaa.gov/DataAvailability/DAP.jsp?SiteID=INPL&NOD=20,https://geodesy.noaa.gov/cgi-cors/CorsSidebarSelect.prl?site=INPL&option=Logfile,12/30/2010,-86.3941666667,39.6916666667
INRN,Indiana Department of Transportation,1,Operational,INDOT,GPS+GAL+GLO,Hourly,https://geodesy.noaa.gov/CORS/ncn_station_pages/index.html?stationID=INRN,https://geodesy.noaa.gov/DataAvailability/DAP.jsp?SiteID=INRN&NOD=20,https://geodesy.noaa.gov/cgi-cors/CorsSidebarSelect.prl?site=INRN&option=Logfile,11/27/2010,-87.1394444444,40.9463888889
INSB,Indiana Department of Transportation,1,Operational,INDOT,GPS+GAL+GLO,Hourly,https://geodesy.noaa.gov/CORS/ncn_station_pages/index.html?stationID=INSB,https://geodesy.noaa.gov/DataAvailability/DAP.jsp?SiteID=INSB&NOD=20,https://geodesy.noaa.gov/cgi-cors/CorsSidebarSelect.prl?site=INSB&option=Logfile,8/5/2010,-84.9408333333,39.8669444444
INSG,Indiana Department of Transportation,1,Operational,INDOT,GPS+GAL+GLO,Hourly,https://geodesy.noaa.gov/CORS/ncn_station_pages/index.html?stationID=INSG,https://geodesy.noaa.gov/DataAvailability/DAP.jsp?SiteID=INSG&NOD=20,https://geodesy.noaa.gov/cgi-cors/CorsSidebarSelect.prl?site=INSG&option=Logfile,11/18/2010,-85.7952777778,38.6841666667
INSY,Indiana Department of Transportation,1,Operational,INDOT,GPS+GLO,Hourly,https://geodesy.noaa.gov/CORS/ncn_station_pages/index.html?stationID=INSY,https://geodesy.noaa.gov/DataAvailability/DAP.jsp?SiteID=INSY&NOD=20,https://geodesy.noaa.gov/cgi-cors/CorsSidebarSelect.prl?site=INSY&option=Logfile,11/12/2010,-85.8616666667,38.96
INTC,Indiana Department of Transportation,1,Operational,INDOT,GPS+GAL+GLO,Hourly,https://geodesy.noaa.gov/CORS/ncn_station_pages/index.html?stationID=INTC,https://geodesy.noaa.gov/DataAvailability/DAP.jsp?SiteID=INTC&NOD=20,https://geodesy.noaa.gov/cgi-cors/CorsSidebarSelect.prl?site=INTC&option=Logfile,11/12/2010,-86.6255555556,38.06
INTP,Indiana Department of Transportation,1,Operational,INDOT,GPS+GLO,Hourly,https://geodesy.noaa.gov/CORS/ncn_station_pages/index.html?stationID=INTP,https://geodesy.noaa.gov/DataAvailability/DAP.jsp?SiteID=INTP&NOD=20,https://geodesy.noaa.gov/cgi-cors/CorsSidebarSelect.prl?site=INTP&option=Logfile,12/30/2010,-86.0552777778,40.2802777778
INVI,Indiana Department of Transportation,1,Operational,INDOT,GPS+GAL+GLO,Hourly,https://geodesy.noaa.gov/CORS/ncn_station_pages/index.html?stationID=INVI,https://geodesy.noaa.gov/DataAvailability/DAP.jsp?SiteID=INVI&NOD=20,https://geodesy.noaa.gov/cgi-cors/CorsSidebarSelect.prl?site=INVI&option=Logfile,11/13/2010,-87.5305555556,38.6272222222
INWB,Indiana Department of Transportation,1,Operational,INDOT,GPS+GLO,Hourly,https://geodesy.noaa.gov/CORS/ncn_station_pages/index.html?stationID=INWB,https://geodesy.noaa.gov/DataAvailability/DAP.jsp?SiteID=INWB&NOD=20,https://geodesy.noaa.gov/cgi-cors/CorsSidebarSelect.prl?site=INWB&option=Logfile,1/12/2011,-85.8030555556,40.8247222222
INWL,Indiana Department of Transportation,1,Operational,INDOT,GPS+GAL+GLO,Hourly,https://geodesy.noaa.gov/CORS/ncn_station_pages/index.html?stationID=INWL,https://geodesy.noaa.gov/DataAvailability/DAP.jsp?SiteID=INWL&NOD=20,https://geodesy.noaa.gov/cgi-cors/CorsSidebarSelect.prl?site=INWL&option=Logfile,11/25/2010,-86.9261111111,40.4577777778
INWN,Indiana Department of Transportation,1,Operational,INDOT,GPS+GLO,Hourly,https://geodesy.noaa.gov/CORS/ncn_station_pages/index.html?stationID=INWN,https://geodesy.noaa.gov/DataAvailability/DAP.jsp?SiteID=INWN&NOD=20,https://geodesy.noaa.gov/cgi-cors/CorsSidebarSelect.prl?site=INWN&option=Logfile,11/26/2010,-86.6041666667,41.0791666667
INWR,Indiana Department of Transportation,1,Operational,INDOT,GPS+GLO,Hourly,https://geodesy.noaa.gov/CORS/ncn_station_pages/index.html?stationID=INWR,https://geodesy.noaa.gov/DataAvailability/DAP.jsp?SiteID=INWR&NOD=20,https://geodesy.noaa.gov/cgi-cors/CorsSidebarSelect.prl?site=INWR&option=Logfile,5/10/2011,-85.8944444444,41.27
IPAZ,"Instituto Nacional de Estadistica, Geografia e Informatica, Mexico",15,Operational,INEGI,GPS+GAL+GLO,Hourly,https://geodesy.noaa.gov/CORS/ncn_station_pages/index.html?stationID=IPAZ,https://geodesy.noaa.gov/DataAvailability/DAP.jsp?SiteID=IPAZ&NOD=20,https://geodesy.noaa.gov/cgi-cors/CorsSidebarSelect.prl?site=IPAZ&option=Logfile,11/27/2012,-110.3305555556,24.145
ISBA,"Iraq Ministry of Water Resources, General Directorate for Surveys",5,Non-Operational,IRAGDS,GPS+GLO,Hourly,https://geodesy.noaa.gov/CORS/ncn_station_pages/index.html?stationID=ISBA,https://geodesy.noaa.gov/DataAvailability/DAP.jsp?SiteID=ISBA&NOD=20,https://geodesy.noaa.gov/cgi-cors/CorsSidebarSelect.prl?site=ISBA&option=Logfile,6/3/2008,44.4386111111,33.3413888889
ISBS,"Iraq Ministry of Water Resources, General Directorate for Surveys",5,Suspended,IRAGDS,GPS+GLO,Hourly,https://geodesy.noaa.gov/CORS/ncn_station_pages/index.html?stationID=ISBS,https://geodesy.noaa.gov/DataAvailability/DAP.jsp?SiteID=ISBS&NOD=20,https://geodesy.noaa.gov/cgi-cors/CorsSidebarSelect.prl?site=ISBS&option=Logfile,4/7/2009,47.7955563444,30.4870121778
ISCO,UNAVCO_NON-PBO,15,Operational,UNAVPS,GPS+GAL+GLO,Daily,https://geodesy.noaa.gov/CORS/ncn_station_pages/index.html?stationID=ISCO,https://geodesy.noaa.gov/DataAvailability/DAP.jsp?SiteID=ISCO&NOD=20,https://geodesy.noaa.gov/cgi-cors/CorsSidebarSelect.prl?site=ISCO&option=Logfile,4/10/2014,-87.0555555556,5.5441666667
ISER,"Iraq Ministry of Water Resources, General Directorate for Surveys",5,Operational,IRAGDS,GPS+GLO,Hourly,https://geodesy.noaa.gov/CORS/ncn_station_pages/index.html?stationID=ISER,https://geodesy.noaa.gov/DataAvailability/DAP.jsp?SiteID=ISER&NOD=20,https://geodesy.noaa.gov/cgi-cors/CorsSidebarSelect.prl?site=ISER&option=Logfile,7/7/2009,44.0111111111,36.1597222222
ISKU,"Iraq Ministry of Water Resources, General Directorate for Surveys",5,Non-Operational,IRAGDS,GPS+GLO,Hourly,https://geodesy.noaa.gov/CORS/ncn_station_pages/index.html?stationID=ISKU,https://geodesy.noaa.gov/DataAvailability/DAP.jsp?SiteID=ISKU&NOD=20,https://geodesy.noaa.gov/cgi-cors/CorsSidebarSelect.prl?site=ISKU&option=Logfile,10/14/2009,45.8086111111,32.5016666667
ISLK,UNAVCO-PBO,15,Operational,UNAVPB,GPS+GAL+GLO,Daily,https://geodesy.noaa.gov/CORS/ncn_station_pages/index.html?stationID=ISLK,https://geodesy.noaa.gov/DataAvailability/DAP.jsp?SiteID=ISLK&NOD=20,https://geodesy.noaa.gov/cgi-cors/CorsSidebarSelect.prl?site=ISLK&option=Logfile,7/22/2008,-118.4741666667,35.6622222222
ISNA,"Iraq Ministry of Water Resources, General Directorate for Surveys",5,Operational,IRAGDS,GPS+GAL+GLO,Hourly,https://geodesy.noaa.gov/CORS/ncn_station_pages/index.html?stationID=ISNA,https://geodesy.noaa.gov/DataAvailability/DAP.jsp?SiteID=ISNA&NOD=20,https://geodesy.noaa.gov/cgi-cors/CorsSidebarSelect.prl?site=ISNA&option=Logfile,11/23/2008,44.3533333333,32.0125
ISSD,"Iraq Ministry of Water Resources, General Directorate for Surveys",5,Non-Operational,IRAGDS,GPS+GLO,Hourly,https://geodesy.noaa.gov/CORS/ncn_station_pages/index.html?stationID=ISSD,https://geodesy.noaa.gov/DataAvailability/DAP.jsp?SiteID=ISSD&NOD=20,https://geodesy.noaa.gov/cgi-cors/CorsSidebarSelect.prl?site=ISSD&option=Logfile,1/4/2010,43.6730555556,34.6005555556
IUCO,Indiana University,1,Operational,INU,GPS+GAL+GLO,Hourly,https://geodesy.noaa.gov/CORS/ncn_station_pages/index.html?stationID=IUCO,https://geodesy.noaa.gov/DataAvailability/DAP.jsp?SiteID=IUCO&NOD=20,https://geodesy.noaa.gov/cgi-cors/CorsSidebarSelect.prl?site=IUCO&option=Logfile,5/7/2000,-86.5063888889,39.1738888889
JFWS,UNAVCO-PBO,15,Operational,UNAVPB,GPS+GAL+GLO,Daily,https://geodesy.noaa.gov/CORS/ncn_station_pages/index.html?stationID=JFWS,https://geodesy.noaa.gov/DataAvailability/DAP.jsp?SiteID=JFWS&NOD=20,https://geodesy.noaa.gov/cgi-cors/CorsSidebarSelect.prl?site=JFWS&option=Logfile,5/21/2010,-90.2480555556,42.9141666667
JGS2,SmartNet North America,15,Operational,SMRTNT,GPS+GLO,Hourly,https://geodesy.noaa.gov/CORS/ncn_station_pages/index.html?stationID=JGS2,https://geodesy.noaa.gov/DataAvailability/DAP.jsp?SiteID=JGS2&NOD=20,https://geodesy.noaa.gov/cgi-cors/CorsSidebarSelect.prl?site=JGS2&option=Logfile,3/11/2014,-94.8902777778,30.0452777778
JIME,Washington County Surveyor's Office,5,Operational,WACOSU,GPS+GLO,Hourly,https://geodesy.noaa.gov/CORS/ncn_station_pages/index.html?stationID=JIME,https://geodesy.noaa.gov/DataAvailability/DAP.jsp?SiteID=JIME&NOD=20,https://geodesy.noaa.gov/cgi-cors/CorsSidebarSelect.prl?site=JIME&option=Logfile,7/19/2011,-122.9902777778,45.5230555556
JNU1,Federal Aviation Administration,1,Operational,FAA,GPS,Daily,https://geodesy.noaa.gov/CORS/ncn_station_pages/index.html?stationID=JNU1,https://geodesy.noaa.gov/DataAvailability/DAP.jsp?SiteID=JNU1&NOD=20,https://geodesy.noaa.gov/cgi-cors/CorsSidebarSelect.prl?site=JNU1&option=Logfile,1/23/2003,-134.5855555556,58.3625
JPLM,Jet Propulsion Laboratory,30,Operational,JPL,GPS+GAL+GLO,Hourly,https://geodesy.noaa.gov/CORS/ncn_station_pages/index.html?stationID=JPLM,https://geodesy.noaa.gov/DataAvailability/DAP.jsp?SiteID=JPLM&NOD=20,https://geodesy.noaa.gov/cgi-cors/CorsSidebarSelect.prl?site=JPLM&option=Logfile,8/1/2008,-118.1730555556,34.2047222222
JSTN,"Pacific GPS Facility, Hawaii",30,Non-Operational,PACGPS,GPS+GAL+GLO,Daily,https://geodesy.noaa.gov/CORS/ncn_station_pages/index.html?stationID=JSTN,https://geodesy.noaa.gov/DataAvailability/DAP.jsp?SiteID=JSTN&NOD=20,https://geodesy.noaa.gov/cgi-cors/CorsSidebarSelect.prl?site=JSTN&option=Logfile,6/26/2021,-169.5319444444,16.7344444444
KA10,KARA Company,1,Suspended,KARA,GPS,Hourly,https://geodesy.noaa.gov/CORS/ncn_station_pages/index.html?stationID=KA10,https://geodesy.noaa.gov/DataAvailability/DAP.jsp?SiteID=KA10&NOD=20,https://geodesy.noaa.gov/cgi-cors/CorsSidebarSelect.prl?site=KA10&option=Logfile,3/18/2009,-87.8472381917,41.598295075
KA12,KARA Company,1,Operational,KARA,GPS+GLO,Daily,https://geodesy.noaa.gov/CORS/ncn_station_pages/index.html?stationID=KA12,https://geodesy.noaa.gov/DataAvailability/DAP.jsp?SiteID=KA12&NOD=20,https://geodesy.noaa.gov/cgi-cors/CorsSidebarSelect.prl?site=KA12&option=Logfile,4/22/2008,-88.9255555556,39.8736111111
KA14,KARA Company,1,Operational,KARA,GPS,Daily,https://geodesy.noaa.gov/CORS/ncn_station_pages/index.html?stationID=KA14,https://geodesy.noaa.gov/DataAvailability/DAP.jsp?SiteID=KA14&NOD=20,https://geodesy.noaa.gov/cgi-cors/CorsSidebarSelect.prl?site=KA14&option=Logfile,3/19/2009,-88.185,39.4802777778
KA18,KARA Company,1,Operational,KARA,GPS+GLO,Daily,https://geodesy.noaa.gov/CORS/ncn_station_pages/index.html?stationID=KA18,https://geodesy.noaa.gov/DataAvailability/DAP.jsp?SiteID=KA18&NOD=20,https://geodesy.noaa.gov/cgi-cors/CorsSidebarSelect.prl?site=KA18&option=Logfile,7/24/2008,-87.8505555556,41.0986111111
KA21,KARA Company,1,Operational,KARA,GPS+GLO,Daily,https://geodesy.noaa.gov/CORS/ncn_station_pages/index.html?stationID=KA21,https://geodesy.noaa.gov/DataAvailability/DAP.jsp?SiteID=KA21&NOD=20,https://geodesy.noaa.gov/cgi-cors/CorsSidebarSelect.prl?site=KA21&option=Logfile,3/30/2009,-89.1958333333,40.7913888889
KAR2,KARA Company,1,Operational,KARA,GPS+GLO,Daily,https://geodesy.noaa.gov/CORS/ncn_station_pages/index.html?stationID=KAR2,https://geodesy.noaa.gov/DataAvailability/DAP.jsp?SiteID=KAR2&NOD=20,https://geodesy.noaa.gov/cgi-cors/CorsSidebarSelect.prl?site=KAR2&option=Logfile,10/15/2004,-87.865,41.9925
KAR4,KARA Company,1,Operational,KARA,GPS,Hourly,https://geodesy.noaa.gov/CORS/ncn_station_pages/index.html?stationID=KAR4,https://geodesy.noaa.gov/DataAvailability/DAP.jsp?SiteID=KAR4&NOD=20,https://geodesy.noaa.gov/cgi-cors/CorsSidebarSelect.prl?site=KAR4&option=Logfile,3/25/2009,-88.2897222222,40.1313888889
KGMN,Arizona Department of Water Resources,1,Operational,AZDWR,GPS+GLO,Hourly,https://geodesy.noaa.gov/CORS/ncn_station_pages/index.html?stationID=KGMN,https://geodesy.noaa.gov/DataAvailability/DAP.jsp?SiteID=KGMN&NOD=20,https://geodesy.noaa.gov/cgi-cors/CorsSidebarSelect.prl?site=KGMN&option=Logfile,6/18/2010,-114.0022222222,35.2308333333
KIRI,Geoscience Australia,30,Operational,GEOAUS,GPS+BDS+GAL+GLO+QZSS,Daily,https://geodesy.noaa.gov/CORS/ncn_station_pages/index.html?stationID=KIRI,https://geodesy.noaa.gov/DataAvailability/DAP.jsp?SiteID=KIRI&NOD=20,https://geodesy.noaa.gov/cgi-cors/CorsSidebarSelect.prl?site=KIRI&option=Logfile,8/9/2021,172.9230555556,1.3544444444
KNGS,"Natural Resources Canada, Geodetic Survey Division",30,Operational,CADNR,GPS+GLO,Daily,https://geodesy.noaa.gov/CORS/ncn_station_pages/index.html?stationID=KNGS,https://geodesy.noaa.gov/DataAvailability/DAP.jsp?SiteID=KNGS&NOD=20,https://geodesy.noaa.gov/cgi-cors/CorsSidebarSelect.prl?site=KNGS&option=Logfile,3/22/2003,-76.5172222222,44.2186111111
KNGV,"Natural Resources Canada, Geodetic Survey Division",30,Operational,CADNR,GPS+GLO,Daily,https://geodesy.noaa.gov/CORS/ncn_station_pages/index.html?stationID=KNGV,https://geodesy.noaa.gov/DataAvailability/DAP.jsp?SiteID=KNGV&NOD=20,https://geodesy.noaa.gov/cgi-cors/CorsSidebarSelect.prl?site=KNGV&option=Logfile,6/20/2012,-82.7347222222,42.0269444444
KNTN,Ohio Department of Transportation,1,Operational,OHDT,GPS+GAL+GLO,Hourly,https://geodesy.noaa.gov/CORS/ncn_station_pages/index.html?stationID=KNTN,https://geodesy.noaa.gov/DataAvailability/DAP.jsp?SiteID=KNTN&NOD=20,https://geodesy.noaa.gov/cgi-cors/CorsSidebarSelect.prl?site=KNTN&option=Logfile,1/2/2003,-83.6147222222,40.6302777778
KOKB,Jet Propulsion Laboratory,30,Operational,JPL,GPS+GAL+GLO,Hourly,https://geodesy.noaa.gov/CORS/ncn_station_pages/index.html?stationID=KOKB,https://geodesy.noaa.gov/DataAvailability/DAP.jsp?SiteID=KOKB&NOD=20,https://geodesy.noaa.gov/cgi-cors/CorsSidebarSelect.prl?site=KOKB&option=Logfile,4/17/2000,-159.6647222222,22.1261111111
KSSL,SmartNet North America,15,Operational,SMRTNT,GPS+GLO,Hourly,https://geodesy.noaa.gov/CORS/ncn_station_pages/index.html?stationID=KSSL,https://geodesy.noaa.gov/DataAvailability/DAP.jsp?SiteID=KSSL&NOD=20,https://geodesy.noaa.gov/cgi-cors/CorsSidebarSelect.prl?site=KSSL&option=Logfile,10/14/2018,-97.6366666667,38.7997222222
KSTC,KANSAS DEPARTMENT OF TRANSPORTATION,1,Operational,KSDT,GPS+GAL+GLO,Hourly,https://geodesy.noaa.gov/CORS/ncn_station_pages/index.html?stationID=KSTC,https://geodesy.noaa.gov/DataAvailability/DAP.jsp?SiteID=KSTC&NOD=20,https://geodesy.noaa.gov/cgi-cors/CorsSidebarSelect.prl?site=KSTC&option=Logfile,10/14/2024,-95.6011658389,39.0437900861
KSU1,UNAVCO-PBO,15,Operational,UNAVPB,GPS+GAL+GLO,Daily,https://geodesy.noaa.gov/CORS/ncn_station_pages/index.html?stationID=KSU1,https://geodesy.noaa.gov/DataAvailability/DAP.jsp?SiteID=KSU1&NOD=20,https://geodesy.noaa.gov/cgi-cors/CorsSidebarSelect.prl?site=KSU1&option=Logfile,10/2/2006,-96.6094444444,39.1005555556
KSWK,SmartNet North America,15,Operational,SMRTNT,GPS+GLO,Hourly,https://geodesy.noaa.gov/CORS/ncn_station_pages/index.html?stationID=KSWK,https://geodesy.noaa.gov/DataAvailability/DAP.jsp?SiteID=KSWK&NOD=20,https://geodesy.noaa.gov/cgi-cors/CorsSidebarSelect.prl?site=KSWK&option=Logfile,4/13/2018,-99.8680555556,39.0175
KVTX,UNAVCO-PBO,15,Operational,UNAVPB,GPS+GAL+GLO,Daily,https://geodesy.noaa.gov/CORS/ncn_station_pages/index.html?stationID=KVTX,https://geodesy.noaa.gov/DataAvailability/DAP.jsp?SiteID=KVTX&NOD=20,https://geodesy.noaa.gov/cgi-cors/CorsSidebarSelect.prl?site=KVTX&option=Logfile,10/29/2008,-97.8927777778,27.5458333333
KYBO,Ohio Department of Transportation,1,Operational,OHDT,GPS+GAL+GLO,Hourly,https://geodesy.noaa.gov/CORS/ncn_station_pages/index.html?stationID=KYBO,https://geodesy.noaa.gov/DataAvailability/DAP.jsp?SiteID=KYBO&NOD=20,https://geodesy.noaa.gov/cgi-cors/CorsSidebarSelect.prl?site=KYBO&option=Logfile,1/3/2006,-84.7236111111,39.0383333333
KYBU,Kentucky Transportation Cabinet,1,Operational,KYTC,GPS+GAL+GLO,Hourly,https://geodesy.noaa.gov/CORS/ncn_station_pages/index.html?stationID=KYBU,https://geodesy.noaa.gov/DataAvailability/DAP.jsp?SiteID=KYBU&NOD=20,https://geodesy.noaa.gov/cgi-cors/CorsSidebarSelect.prl?site=KYBU&option=Logfile,6/14/2011,-85.1547222222,38.6736111111
KYCP,Kentucky Transportation Cabinet,1,Operational,KYTC,GPS+GAL+GLO,Hourly,https://geodesy.noaa.gov/CORS/ncn_station_pages/index.html?stationID=KYCP,https://geodesy.noaa.gov/DataAvailability/DAP.jsp?SiteID=KYCP&NOD=20,https://geodesy.noaa.gov/cgi-cors/CorsSidebarSelect.prl?site=KYCP&option=Logfile,8/15/2005,-85.35,37.3422222222
KYDH,Kentucky Transportation Cabinet,1,Operational,KYTC,GPS+GAL+GLO,Hourly,https://geodesy.noaa.gov/CORS/ncn_station_pages/index.html?stationID=KYDH,https://geodesy.noaa.gov/DataAvailability/DAP.jsp?SiteID=KYDH&NOD=20,https://geodesy.noaa.gov/cgi-cors/CorsSidebarSelect.prl?site=KYDH&option=Logfile,10/31/2008,-85.2980555556,36.6383333333
KYGB,Kentucky Transportation Cabinet,1,Operational,KYTC,GPS+GAL+GLO,Hourly,https://geodesy.noaa.gov/CORS/ncn_station_pages/index.html?stationID=KYGB,https://geodesy.noaa.gov/DataAvailability/DAP.jsp?SiteID=KYGB&NOD=20,https://geodesy.noaa.gov/cgi-cors/CorsSidebarSelect.prl?site=KYGB&option=Logfile,10/31/2008,-82.8733333333,38.4805555556
KYMH,Kentucky Transportation Cabinet,1,Operational,KYTC,GPS+GAL+GLO,Hourly,https://geodesy.noaa.gov/CORS/ncn_station_pages/index.html?stationID=KYMH,https://geodesy.noaa.gov/DataAvailability/DAP.jsp?SiteID=KYMH&NOD=20,https://geodesy.noaa.gov/cgi-cors/CorsSidebarSelect.prl?site=KYMH&option=Logfile,8/9/2005,-83.4363888889,38.1838888889
KYRR,Kentucky Transportation Cabinet,1,Operational,KYTC,GPS+GAL+GLO,Hourly,https://geodesy.noaa.gov/CORS/ncn_station_pages/index.html?stationID=KYRR,https://geodesy.noaa.gov/DataAvailability/DAP.jsp?SiteID=KYRR&NOD=20,https://geodesy.noaa.gov/cgi-cors/CorsSidebarSelect.prl?site=KYRR&option=Logfile,10/31/2008,-86.5022222222,37.6097222222
KYTB,Kentucky Transportation Cabinet,1,Operational,KYTC,GPS+GAL+GLO,Hourly,https://geodesy.noaa.gov/CORS/ncn_station_pages/index.html?stationID=KYTB,https://geodesy.noaa.gov/DataAvailability/DAP.jsp?SiteID=KYTB&NOD=20,https://geodesy.noaa.gov/cgi-cors/CorsSidebarSelect.prl?site=KYTB&option=Logfile,1/31/2008,-87.4966666667,37.3530555556
KYTC,Kentucky Transportation Cabinet,1,Operational,KYTC,GPS+GAL+GLO,Hourly,https://geodesy.noaa.gov/CORS/ncn_station_pages/index.html?stationID=KYTC,https://geodesy.noaa.gov/DataAvailability/DAP.jsp?SiteID=KYTC&NOD=20,https://geodesy.noaa.gov/cgi-cors/CorsSidebarSelect.prl?site=KYTC&option=Logfile,1/31/2008,-86.4744444444,36.9891666667
KYTD,Kentucky Transportation Cabinet,1,Operational,KYTC,GPS+GAL+GLO,Hourly,https://geodesy.noaa.gov/CORS/ncn_station_pages/index.html?stationID=KYTD,https://geodesy.noaa.gov/DataAvailability/DAP.jsp?SiteID=KYTD&NOD=20,https://geodesy.noaa.gov/cgi-cors/CorsSidebarSelect.prl?site=KYTD&option=Logfile,5/7/2008,-85.8505555556,37.6816666667
KYTE,Kentucky Transportation Cabinet,1,Operational,KYTC,GPS+GAL+GLO,Hourly,https://geodesy.noaa.gov/CORS/ncn_station_pages/index.html?stationID=KYTE,https://geodesy.noaa.gov/DataAvailability/DAP.jsp?SiteID=KYTE&NOD=20,https://geodesy.noaa.gov/cgi-cors/CorsSidebarSelect.prl?site=KYTE&option=Logfile,1/31/2008,-85.5983333333,38.2763888889
KYTG,Kentucky Transportation Cabinet,1,Operational,KYTC,GPS+GAL+GLO,Hourly,https://geodesy.noaa.gov/CORS/ncn_station_pages/index.html?stationID=KYTG,https://geodesy.noaa.gov/DataAvailability/DAP.jsp?SiteID=KYTG&NOD=20,https://geodesy.noaa.gov/cgi-cors/CorsSidebarSelect.prl?site=KYTG&option=Logfile,1/31/2008,-84.4919444444,38.0752777778
KYTH,Kentucky Transportation Cabinet,1,Operational,KYTC,GPS+GAL+GLO,Hourly,https://geodesy.noaa.gov/CORS/ncn_station_pages/index.html?stationID=KYTH,https://geodesy.noaa.gov/DataAvailability/DAP.jsp?SiteID=KYTH&NOD=20,https://geodesy.noaa.gov/cgi-cors/CorsSidebarSelect.prl?site=KYTH&option=Logfile,1/31/2008,-84.6180555556,37.0702777778
KYTI,Kentucky Transportation Cabinet,1,Operational,KYTC,GPS+GAL+GLO,Hourly,https://geodesy.noaa.gov/CORS/ncn_station_pages/index.html?stationID=KYTI,https://geodesy.noaa.gov/DataAvailability/DAP.jsp?SiteID=KYTI&NOD=20,https://geodesy.noaa.gov/cgi-cors/CorsSidebarSelect.prl?site=KYTI&option=Logfile,1/31/2008,-83.7494444444,38.4222222222
KYTK,Kentucky Transportation Cabinet,1,Operational,KYTC,GPS+GAL+GLO,Hourly,https://geodesy.noaa.gov/CORS/ncn_station_pages/index.html?stationID=KYTK,https://geodesy.noaa.gov/DataAvailability/DAP.jsp?SiteID=KYTK&NOD=20,https://geodesy.noaa.gov/cgi-cors/CorsSidebarSelect.prl?site=KYTK&option=Logfile,1/31/2008,-83.7594444444,37.1513888889
KYTL,Kentucky Transportation Cabinet,1,Operational,KYTC,GPS+GAL+GLO,Hourly,https://geodesy.noaa.gov/CORS/ncn_station_pages/index.html?stationID=KYTL,https://geodesy.noaa.gov/DataAvailability/DAP.jsp?SiteID=KYTL&NOD=20,https://geodesy.noaa.gov/cgi-cors/CorsSidebarSelect.prl?site=KYTL&option=Logfile,1/31/2008,-82.5352777778,37.4833333333
LAMT,NGS Stations CORS,1,Suspended,NGSSTA,GPS+GLO,Hourly,https://geodesy.noaa.gov/CORS/ncn_station_pages/index.html?stationID=LAMT,https://geodesy.noaa.gov/DataAvailability/DAP.jsp?SiteID=LAMT&NOD=20,https://geodesy.noaa.gov/cgi-cors/CorsSidebarSelect.prl?site=LAMT&option=Logfile,8/19/2001,-73.9089088167,41.0045182139
LANM,Los Alamos County New Mexico,5,Operational,NM-028,GPS+GAL+GLO,Hourly,https://geodesy.noaa.gov/CORS/ncn_station_pages/index.html?stationID=LANM,https://geodesy.noaa.gov/DataAvailability/DAP.jsp?SiteID=LANM&NOD=20,https://geodesy.noaa.gov/cgi-cors/CorsSidebarSelect.prl?site=LANM&option=Logfile,9/26/2016,-106.3038888889,35.8827777778
LANS,Michigan Department of Transportation,1,Operational,MIDT,GPS+GLO,Hourly,https://geodesy.noaa.gov/CORS/ncn_station_pages/index.html?stationID=LANS,https://geodesy.noaa.gov/DataAvailability/DAP.jsp?SiteID=LANS&NOD=20,https://geodesy.noaa.gov/cgi-cors/CorsSidebarSelect.prl?site=LANS&option=Logfile,4/12/2002,-84.6630555556,42.6736111111
LAUD,Florida Department of Transportation,1,Operational,FLDT,GPS+GAL+GLO,Hourly,https://geodesy.noaa.gov/CORS/ncn_station_pages/index.html?stationID=LAUD,https://geodesy.noaa.gov/DataAvailability/DAP.jsp?SiteID=LAUD&NOD=20,https://geodesy.noaa.gov/cgi-cors/CorsSidebarSelect.prl?site=LAUD&option=Logfile,4/12/2005,-80.1730555556,26.1961111111
LAUT,Geoscience Australia,30,Operational,GEOAUS,GPS+GAL+GLO,Hourly,https://geodesy.noaa.gov/CORS/ncn_station_pages/index.html?stationID=LAUT,https://geodesy.noaa.gov/DataAvailability/DAP.jsp?SiteID=LAUT&NOD=20,https://geodesy.noaa.gov/cgi-cors/CorsSidebarSelect.prl?site=LAUT&option=Logfile,8/15/2021,177.4466666667,-17.6086111111
LBLL,Florida Department of Transportation,1,Operational,FLDT,GPS+GAL+GLO,Hourly,https://geodesy.noaa.gov/CORS/ncn_station_pages/index.html?stationID=LBLL,https://geodesy.noaa.gov/DataAvailability/DAP.jsp?SiteID=LBLL&NOD=20,https://geodesy.noaa.gov/cgi-cors/CorsSidebarSelect.prl?site=LBLL&option=Logfile,2/9/2020,-81.4533333333,26.7475
LCAY,UNAVCO_NON-PBO,15,Non-Operational,UNAVPS,GPS,Daily,https://geodesy.noaa.gov/CORS/ncn_station_pages/index.html?stationID=LCAY,https://geodesy.noaa.gov/DataAvailability/DAP.jsp?SiteID=LCAY&NOD=20,https://geodesy.noaa.gov/cgi-cors/CorsSidebarSelect.prl?site=LCAY&option=Logfile,5/25/2010,-73.7536111111,18.1875
LCDT,"Lake County Division of Transportation, Illinois",1,Non-Operational,IL-097,GPS+GAL+GLO,Hourly,https://geodesy.noaa.gov/CORS/ncn_station_pages/index.html?stationID=LCDT,https://geodesy.noaa.gov/DataAvailability/DAP.jsp?SiteID=LCDT&NOD=20,https://geodesy.noaa.gov/cgi-cors/CorsSidebarSelect.prl?site=LCDT&option=Logfile,10/3/2001,-87.9602777778,42.295
LCSB,Cayman Islands,15,Non-Operational,CAYMAN,GPS+GLO,Hourly,https://geodesy.noaa.gov/CORS/ncn_station_pages/index.html?stationID=LCSB,https://geodesy.noaa.gov/DataAvailability/DAP.jsp?SiteID=LCSB&NOD=20,https://geodesy.noaa.gov/cgi-cors/CorsSidebarSelect.prl?site=LCSB&option=Logfile,7/1/2014,-80.0819444444,19.6675
LCSM,Lower Colorado River Authority,30,Operational,LCRA,GPS+GLO,Hourly,https://geodesy.noaa.gov/CORS/ncn_station_pages/index.html?stationID=LCSM,https://geodesy.noaa.gov/DataAvailability/DAP.jsp?SiteID=LCSM&NOD=20,https://geodesy.noaa.gov/cgi-cors/CorsSidebarSelect.prl?site=LCSM&option=Logfile,2/11/2009,-97.1252777778,30.0083333333
LCUR,"Natural Resources Canada, Geodetic Survey Division",30,Operational,CADNR,GPS+GAL+GLO,Daily,https://geodesy.noaa.gov/CORS/ncn_station_pages/index.html?stationID=LCUR,https://geodesy.noaa.gov/DataAvailability/DAP.jsp?SiteID=LCUR&NOD=20,https://geodesy.noaa.gov/cgi-cors/CorsSidebarSelect.prl?site=LCUR&option=Logfile,7/21/2012,-81.9244444444,45.9802777778
LEBA,Ohio Department of Transportation,1,Non-Operational,OHDT,GPS+GAL+GLO,Hourly,https://geodesy.noaa.gov/CORS/ncn_station_pages/index.html?stationID=LEBA,https://geodesy.noaa.gov/DataAvailability/DAP.jsp?SiteID=LEBA&NOD=20,https://geodesy.noaa.gov/cgi-cors/CorsSidebarSelect.prl?site=LEBA&option=Logfile,12/14/2001,-84.2830555556,39.4302777778
LESV,Louisiana State University,15,Operational,LASU,GPS+GAL+GLO,Hourly,https://geodesy.noaa.gov/CORS/ncn_station_pages/index.html?stationID=LESV,https://geodesy.noaa.gov/DataAvailability/DAP.jsp?SiteID=LESV&NOD=20,https://geodesy.noaa.gov/cgi-cors/CorsSidebarSelect.prl?site=LESV&option=Logfile,5/23/2003,-93.2688888889,31.1422222222
LFLO,Oregon Department of Transportation,5,Operational,ORDT,GPS+GLO,Hourly,https://geodesy.noaa.gov/CORS/ncn_station_pages/index.html?stationID=LFLO,https://geodesy.noaa.gov/DataAvailability/DAP.jsp?SiteID=LFLO&NOD=20,https://geodesy.noaa.gov/cgi-cors/CorsSidebarSelect.prl?site=LFLO&option=Logfile,2/11/2009,-124.1075,43.9833333333
LINH,PANGA,1,Operational,PANGA,GPS+GAL+GLO,Daily,https://geodesy.noaa.gov/CORS/ncn_station_pages/index.html?stationID=LINH,https://geodesy.noaa.gov/DataAvailability/DAP.jsp?SiteID=LINH&NOD=20,https://geodesy.noaa.gov/cgi-cors/CorsSidebarSelect.prl?site=LINH&option=Logfile,5/2/2002,-120.5383333333,47.0002777778
LKHU,Harris Galveston Coastal Subsidence District,15,Operational,HGCSD,GPS+GAL+GLO,Hourly,https://geodesy.noaa.gov/CORS/ncn_station_pages/index.html?stationID=LKHU,https://geodesy.noaa.gov/DataAvailability/DAP.jsp?SiteID=LKHU&NOD=20,https://geodesy.noaa.gov/cgi-cors/CorsSidebarSelect.prl?site=LKHU&option=Logfile,9/7/1995,-95.1455555556,29.9133333333
LMCN,Louisiana State University,15,Operational,LASU,GPS+GAL+GLO,Hourly,https://geodesy.noaa.gov/CORS/ncn_station_pages/index.html?stationID=LMCN,https://geodesy.noaa.gov/DataAvailability/DAP.jsp?SiteID=LMCN&NOD=20,https://geodesy.noaa.gov/cgi-cors/CorsSidebarSelect.prl?site=LMCN&option=Logfile,4/23/2003,-90.6611111111,29.2547222222
LMMF,Institut Geographique National - France,30,Operational,IGN,GPS+BDS+GAL+GLO,Hourly,https://geodesy.noaa.gov/CORS/ncn_station_pages/index.html?stationID=LMMF,https://geodesy.noaa.gov/DataAvailability/DAP.jsp?SiteID=LMMF&NOD=20,https://geodesy.noaa.gov/cgi-cors/CorsSidebarSelect.prl?site=LMMF&option=Logfile,10/6/2012,-60.9961111111,14.5947222222
LOLO,Missoula County Surveyor Montana,1,Operational,MT-063,GPS+GLO,Hourly,https://geodesy.noaa.gov/CORS/ncn_station_pages/index.html?stationID=LOLO,https://geodesy.noaa.gov/DataAvailability/DAP.jsp?SiteID=LOLO&NOD=20,https://geodesy.noaa.gov/cgi-cors/CorsSidebarSelect.prl?site=LOLO&option=Logfile,2/4/2012,-114.0966666667,46.7627777778
LORS,UNAVCO-PBO,15,Operational,UNAVPB,GPS,Daily,https://geodesy.noaa.gov/CORS/ncn_station_pages/index.html?stationID=LORS,https://geodesy.noaa.gov/DataAvailability/DAP.jsp?SiteID=LORS&NOD=20,https://geodesy.noaa.gov/cgi-cors/CorsSidebarSelect.prl?site=LORS&option=Logfile,3/23/2011,-117.7538888889,34.1330555556
LOY2,SmartNet North America,15,Non-Operational,SMRTNT,GPS+GLO,Hourly,https://geodesy.noaa.gov/CORS/ncn_station_pages/index.html?stationID=LOY2,https://geodesy.noaa.gov/DataAvailability/DAP.jsp?SiteID=LOY2&NOD=20,https://geodesy.noaa.gov/cgi-cors/CorsSidebarSelect.prl?site=LOY2&option=Logfile,2/6/2009,-76.2377777778,36.7638888889
LOY8,SmartNet North America,15,Operational,SMRTNT,GPS+GLO,Hourly,https://geodesy.noaa.gov/CORS/ncn_station_pages/index.html?stationID=LOY8,https://geodesy.noaa.gov/DataAvailability/DAP.jsp?SiteID=LOY8&NOD=20,https://geodesy.noaa.gov/cgi-cors/CorsSidebarSelect.prl?site=LOY8&option=Logfile,2/6/2009,-77.4525,38.2827777778
LOYA,SmartNet North America,15,Operational,SMRTNT,GPS+GLO,Hourly,https://geodesy.noaa.gov/CORS/ncn_station_pages/index.html?stationID=LOYA,https://geodesy.noaa.gov/DataAvailability/DAP.jsp?SiteID=LOYA&NOD=20,https://geodesy.noaa.gov/cgi-cors/CorsSidebarSelect.prl?site=LOYA&option=Logfile,2/6/2009,-78.8891666667,38.4258333333
LOYC,SmartNet North America,15,Operational,SMRTNT,GPS+GLO,Hourly,https://geodesy.noaa.gov/CORS/ncn_station_pages/index.html?stationID=LOYC,https://geodesy.noaa.gov/DataAvailability/DAP.jsp?SiteID=LOYC&NOD=20,https://geodesy.noaa.gov/cgi-cors/CorsSidebarSelect.prl?site=LOYC&option=Logfile,2/11/2009,-78.2005555556,39.12
LOYF,SmartNet North America,15,Operational,SMRTNT,GPS+GLO,Hourly,https://geodesy.noaa.gov/CORS/ncn_station_pages/index.html?stationID=LOYF,https://geodesy.noaa.gov/DataAvailability/DAP.jsp?SiteID=LOYF&NOD=20,https://geodesy.noaa.gov/cgi-cors/CorsSidebarSelect.prl?site=LOYF&option=Logfile,10/22/2008,-76.5219444444,38.9744444444
LOYH,SmartNet North America,15,Operational,SMRTNT,GPS+GLO,Hourly,https://geodesy.noaa.gov/CORS/ncn_station_pages/index.html?stationID=LOYH,https://geodesy.noaa.gov/DataAvailability/DAP.jsp?SiteID=LOYH&NOD=20,https://geodesy.noaa.gov/cgi-cors/CorsSidebarSelect.prl?site=LOYH&option=Logfile,4/30/2009,-79.3244444444,37.3025
LOYJ,SmartNet North America,30,Operational,SMRTNT,GPS+GLO,Hourly,https://geodesy.noaa.gov/CORS/ncn_station_pages/index.html?stationID=LOYJ,https://geodesy.noaa.gov/DataAvailability/DAP.jsp?SiteID=LOYJ&NOD=20,https://geodesy.noaa.gov/cgi-cors/CorsSidebarSelect.prl?site=LOYJ&option=Logfile,3/27/2009,-78.01,38.4722222222
LOYO,SmartNet North America,30,Operational,SMRTNT,GPS+GLO,Hourly,https://geodesy.noaa.gov/CORS/ncn_station_pages/index.html?stationID=LOYO,https://geodesy.noaa.gov/DataAvailability/DAP.jsp?SiteID=LOYO&NOD=20,https://geodesy.noaa.gov/cgi-cors/CorsSidebarSelect.prl?site=LOYO&option=Logfile,3/27/2009,-77.3475,38.05
LOYP,SmartNet North America,15,Operational,SMRTNT,GPS+GLO,Hourly,https://geodesy.noaa.gov/CORS/ncn_station_pages/index.html?stationID=LOYP,https://geodesy.noaa.gov/DataAvailability/DAP.jsp?SiteID=LOYP&NOD=20,https://geodesy.noaa.gov/cgi-cors/CorsSidebarSelect.prl?site=LOYP&option=Logfile,3/27/2009,-79.0186111111,38.0202777778
LOYQ,SmartNet North America,15,Operational,SMRTNT,GPS+GLO,Hourly,https://geodesy.noaa.gov/CORS/ncn_station_pages/index.html?stationID=LOYQ,https://geodesy.noaa.gov/DataAvailability/DAP.jsp?SiteID=LOYQ&NOD=20,https://geodesy.noaa.gov/cgi-cors/CorsSidebarSelect.prl?site=LOYQ&option=Logfile,3/16/2009,-77.7141666667,39.6338888889
LOYR,SmartNet North America,30,Non-Operational,SMRTNT,GPS+GLO,Hourly,https://geodesy.noaa.gov/CORS/ncn_station_pages/index.html?stationID=LOYR,https://geodesy.noaa.gov/DataAvailability/DAP.jsp?SiteID=LOYR&NOD=20,https://geodesy.noaa.gov/cgi-cors/CorsSidebarSelect.prl?site=LOYR&option=Logfile,5/9/2009,-75.9875,39.5688888889
LOYS,SmartNet North America,15,Operational,SMRTNT,GPS+GLO,Hourly,https://geodesy.noaa.gov/CORS/ncn_station_pages/index.html?stationID=LOYS,https://geodesy.noaa.gov/DataAvailability/DAP.jsp?SiteID=LOYS&NOD=20,https://geodesy.noaa.gov/cgi-cors/CorsSidebarSelect.prl?site=LOYS&option=Logfile,7/24/2009,-78.7297222222,39.6461111111
LOYW,SmartNet North America,30,Operational,SMRTNT,GPS+GLO,Hourly,https://geodesy.noaa.gov/CORS/ncn_station_pages/index.html?stationID=LOYW,https://geodesy.noaa.gov/DataAvailability/DAP.jsp?SiteID=LOYW&NOD=20,https://geodesy.noaa.gov/cgi-cors/CorsSidebarSelect.prl?site=LOYW&option=Logfile,7/18/2009,-75.8477777778,37.5280555556
LOYX,SmartNet North America,30,Operational,SMRTNT,GPS+GLO,Hourly,https://geodesy.noaa.gov/CORS/ncn_station_pages/index.html?stationID=LOYX,https://geodesy.noaa.gov/DataAvailability/DAP.jsp?SiteID=LOYX&NOD=20,https://geodesy.noaa.gov/cgi-cors/CorsSidebarSelect.prl?site=LOYX&option=Logfile,5/9/2009,-76.6952777778,37.2763888889
LOYY,SmartNet North America,15,Operational,SMRTNT,GPS+GLO,Hourly,https://geodesy.noaa.gov/CORS/ncn_station_pages/index.html?stationID=LOYY,https://geodesy.noaa.gov/DataAvailability/DAP.jsp?SiteID=LOYY&NOD=20,https://geodesy.noaa.gov/cgi-cors/CorsSidebarSelect.prl?site=LOYY&option=Logfile,5/17/2009,-78.4988888889,38.8883333333
LOYZ,SmartNet North America,15,Operational,SMRTNT,GPS+GLO,Hourly,https://geodesy.noaa.gov/CORS/ncn_station_pages/index.html?stationID=LOYZ,https://geodesy.noaa.gov/DataAvailability/DAP.jsp?SiteID=LOYZ&NOD=20,https://geodesy.noaa.gov/cgi-cors/CorsSidebarSelect.prl?site=LOYZ&option=Logfile,2/20/2009,-76.5733333333,36.8633333333
LPOC,"Natural Resources Canada, Geodetic Survey Division",30,Operational,CADNR,GPS,Daily,https://geodesy.noaa.gov/CORS/ncn_station_pages/index.html?stationID=LPOC,https://geodesy.noaa.gov/DataAvailability/DAP.jsp?SiteID=LPOC&NOD=20,https://geodesy.noaa.gov/cgi-cors/CorsSidebarSelect.prl?site=LPOC&option=Logfile,11/26/2014,-70.0083333333,47.3413888889
LPSB,Oregon Department of Transportation,5,Operational,ORDT,GPS+GLO,Hourly,https://geodesy.noaa.gov/CORS/ncn_station_pages/index.html?stationID=LPSB,https://geodesy.noaa.gov/DataAvailability/DAP.jsp?SiteID=LPSB&NOD=20,https://geodesy.noaa.gov/cgi-cors/CorsSidebarSelect.prl?site=LPSB&option=Logfile,3/16/2001,-123.09,44.0511111111
LS02,SmartNet North America,15,Operational,SMRTNT,GPS+GLO,Hourly,https://geodesy.noaa.gov/CORS/ncn_station_pages/index.html?stationID=LS02,https://geodesy.noaa.gov/DataAvailability/DAP.jsp?SiteID=LS02&NOD=20,https://geodesy.noaa.gov/cgi-cors/CorsSidebarSelect.prl?site=LS02&option=Logfile,3/27/2009,-77.4108333333,37.2630555556
LS03,SmartNet North America,15,Operational,SMRTNT,GPS+GLO,Hourly,https://geodesy.noaa.gov/CORS/ncn_station_pages/index.html?stationID=LS03,https://geodesy.noaa.gov/DataAvailability/DAP.jsp?SiteID=LS03&NOD=20,https://geodesy.noaa.gov/cgi-cors/CorsSidebarSelect.prl?site=LS03&option=Logfile,2/25/2009,-75.9594444444,36.7886111111
LS04,SmartNet North America,15,Operational,SMRTNT,GPS+GLO,Hourly,https://geodesy.noaa.gov/CORS/ncn_station_pages/index.html?stationID=LS04,https://geodesy.noaa.gov/DataAvailability/DAP.jsp?SiteID=LS04&NOD=20,https://geodesy.noaa.gov/cgi-cors/CorsSidebarSelect.prl?site=LS04&option=Logfile,1/10/2009,-79.9572222222,37.3630555556
LS06,SmartNet North America,15,Operational,SMRTNT,GPS+GLO,Hourly,https://geodesy.noaa.gov/CORS/ncn_station_pages/index.html?stationID=LS06,https://geodesy.noaa.gov/DataAvailability/DAP.jsp?SiteID=LS06&NOD=20,https://geodesy.noaa.gov/cgi-cors/CorsSidebarSelect.prl?site=LS06&option=Logfile,7/30/2009,-78.2925,36.6130555556
LS08,SmartNet North America,15,Operational,SMRTNT,GPS+GLO,Hourly,https://geodesy.noaa.gov/CORS/ncn_station_pages/index.html?stationID=LS08,https://geodesy.noaa.gov/DataAvailability/DAP.jsp?SiteID=LS08&NOD=20,https://geodesy.noaa.gov/cgi-cors/CorsSidebarSelect.prl?site=LS08&option=Logfile,7/24/2009,-80.2197222222,38.9802777778
LSUA,Louisiana State University,15,Operational,LASU,GPS+GAL+GLO,Hourly,https://geodesy.noaa.gov/CORS/ncn_station_pages/index.html?stationID=LSUA,https://geodesy.noaa.gov/DataAvailability/DAP.jsp?SiteID=LSUA&NOD=20,https://geodesy.noaa.gov/cgi-cors/CorsSidebarSelect.prl?site=LSUA&option=Logfile,9/2/2003,-92.4122222222,31.1786111111
LTEC,Louisiana State University,15,Operational,LASU,GPS+GAL+GLO,Hourly,https://geodesy.noaa.gov/CORS/ncn_station_pages/index.html?stationID=LTEC,https://geodesy.noaa.gov/DataAvailability/DAP.jsp?SiteID=LTEC&NOD=20,https://geodesy.noaa.gov/cgi-cors/CorsSidebarSelect.prl?site=LTEC&option=Logfile,5/16/2010,-92.6530555556,32.5166666667
LUMT,Lehigh University,1,Non-Operational,LEHIGH,GPS,Hourly,https://geodesy.noaa.gov/CORS/ncn_station_pages/index.html?stationID=LUMT,https://geodesy.noaa.gov/DataAvailability/DAP.jsp?SiteID=LUMT&NOD=20,https://geodesy.noaa.gov/cgi-cors/CorsSidebarSelect.prl?site=LUMT&option=Logfile,1/8/2010,-75.3575,40.6013888889
LWES,Louisiana State University,15,Operational,LASU,GPS+GAL+GLO,Hourly,https://geodesy.noaa.gov/CORS/ncn_station_pages/index.html?stationID=LWES,https://geodesy.noaa.gov/DataAvailability/DAP.jsp?SiteID=LWES&NOD=20,https://geodesy.noaa.gov/cgi-cors/CorsSidebarSelect.prl?site=LWES&option=Logfile,1/14/2008,-90.3491666667,29.9002777778
LWST,Washington State Reference Network,1,Operational,WSRN,GPS+GAL+GLO,Daily,https://geodesy.noaa.gov/CORS/ncn_station_pages/index.html?stationID=LWST,https://geodesy.noaa.gov/DataAvailability/DAP.jsp?SiteID=LWST&NOD=20,https://geodesy.noaa.gov/cgi-cors/CorsSidebarSelect.prl?site=LWST&option=Logfile,2/19/2010,-117.0022222222,46.3730555556
LYCO,Lycoming County Pennsylvania,15,Non-Operational,PA-081,GPS+GLO,Daily,https://geodesy.noaa.gov/CORS/ncn_station_pages/index.html?stationID=LYCO,https://geodesy.noaa.gov/DataAvailability/DAP.jsp?SiteID=LYCO&NOD=20,https://geodesy.noaa.gov/cgi-cors/CorsSidebarSelect.prl?site=LYCO&option=Logfile,6/28/2002,-77.0022222222,41.2408333333
MABN,Massachusetts Department of Transportation,1,Operational,MADOT,GPS+BDS+GAL+GLO,Hourly,https://geodesy.noaa.gov/CORS/ncn_station_pages/index.html?stationID=MABN,https://geodesy.noaa.gov/DataAvailability/DAP.jsp?SiteID=MABN&NOD=20,https://geodesy.noaa.gov/cgi-cors/CorsSidebarSelect.prl?site=MABN&option=Logfile,1/13/2014,-72.5411111111,42.67
MACM,Massachusetts Department of Transportation,1,Operational,MADOT,GPS+BDS+GAL+GLO,Hourly,https://geodesy.noaa.gov/CORS/ncn_station_pages/index.html?stationID=MACM,https://geodesy.noaa.gov/DataAvailability/DAP.jsp?SiteID=MACM&NOD=20,https://geodesy.noaa.gov/cgi-cors/CorsSidebarSelect.prl?site=MACM&option=Logfile,2/17/2019,-69.9669444444,41.6911111111
MADA,Massachusetts Department of Transportation,1,Operational,MADOT,GPS+BDS+GAL+GLO,Hourly,https://geodesy.noaa.gov/CORS/ncn_station_pages/index.html?stationID=MADA,https://geodesy.noaa.gov/DataAvailability/DAP.jsp?SiteID=MADA&NOD=20,https://geodesy.noaa.gov/cgi-cors/CorsSidebarSelect.prl?site=MADA&option=Logfile,9/17/2013,-71.0280555556,41.6394444444
MAFA,Massachusetts Department of Transportation,1,Operational,MADOT,GPS+BDS+GAL+GLO,Hourly,https://geodesy.noaa.gov/CORS/ncn_station_pages/index.html?stationID=MAFA,https://geodesy.noaa.gov/DataAvailability/DAP.jsp?SiteID=MAFA&NOD=20,https://geodesy.noaa.gov/cgi-cors/CorsSidebarSelect.prl?site=MAFA&option=Logfile,9/17/2013,-70.5408333333,41.6197222222
MAJU,Geoscience Australia,30,Operational,GEOAUS,GPS+GAL+GLO,Daily,https://geodesy.noaa.gov/CORS/ncn_station_pages/index.html?stationID=MAJU,https://geodesy.noaa.gov/DataAvailability/DAP.jsp?SiteID=MAJU&NOD=20,https://geodesy.noaa.gov/cgi-cors/CorsSidebarSelect.prl?site=MAJU&option=Logfile,8/31/2021,171.36451985,7.1191489139
MAMI,Massachusetts Department of Transportation,1,Operational,MADOT,GPS+BDS+GAL+GLO,Hourly,https://geodesy.noaa.gov/CORS/ncn_station_pages/index.html?stationID=MAMI,https://geodesy.noaa.gov/DataAvailability/DAP.jsp?SiteID=MAMI&NOD=20,https://geodesy.noaa.gov/cgi-cors/CorsSidebarSelect.prl?site=MAMI&option=Logfile,3/22/2014,-71.0486111111,42.2719444444
MAMV,Massachusetts Department of Transportation,1,Operational,MADOT,GPS+BDS+GAL+GLO,Hourly,https://geodesy.noaa.gov/CORS/ncn_station_pages/index.html?stationID=MAMV,https://geodesy.noaa.gov/DataAvailability/DAP.jsp?SiteID=MAMV&NOD=20,https://geodesy.noaa.gov/cgi-cors/CorsSidebarSelect.prl?site=MAMV&option=Logfile,5/12/2024,-70.7637949444,41.3501244333
MANA,Instituto Nicaraguense de Estudios Territoriales,1,Non-Operational,INETER,GPS+GAL+GLO,Hourly,https://geodesy.noaa.gov/CORS/ncn_station_pages/index.html?stationID=MANA,https://geodesy.noaa.gov/DataAvailability/DAP.jsp?SiteID=MANA&NOD=20,https://geodesy.noaa.gov/cgi-cors/CorsSidebarSelect.prl?site=MANA&option=Logfile,5/24/2000,-86.2488888889,12.1488888889
MANT,Massachusetts Department of Transportation,1,Operational,MADOT,GPS+BDS+GAL+GLO,Hourly,https://geodesy.noaa.gov/CORS/ncn_station_pages/index.html?stationID=MANT,https://geodesy.noaa.gov/DataAvailability/DAP.jsp?SiteID=MANT&NOD=20,https://geodesy.noaa.gov/cgi-cors/CorsSidebarSelect.prl?site=MANT&option=Logfile,9/2/2019,-70.0833333333,41.2694444444
MAPL,Massachusetts Department of Transportation,1,Operational,MADOT,GPS+BDS+GAL+GLO,Hourly,https://geodesy.noaa.gov/CORS/ncn_station_pages/index.html?stationID=MAPL,https://geodesy.noaa.gov/DataAvailability/DAP.jsp?SiteID=MAPL&NOD=20,https://geodesy.noaa.gov/cgi-cors/CorsSidebarSelect.prl?site=MAPL&option=Logfile,9/17/2013,-70.655,41.9386111111
MARI,North Carolina Geodetic Survey,1,Operational,NCGS,GPS+GAL+GLO,Hourly,https://geodesy.noaa.gov/CORS/ncn_station_pages/index.html?stationID=MARI,https://geodesy.noaa.gov/DataAvailability/DAP.jsp?SiteID=MARI&NOD=20,https://geodesy.noaa.gov/cgi-cors/CorsSidebarSelect.prl?site=MARI&option=Logfile,10/8/2002,-81.9544444444,35.6536111111
MARY,Louisiana State University,15,Operational,LASU,GPS+GAL+GLO,Hourly,https://geodesy.noaa.gov/CORS/ncn_station_pages/index.html?stationID=MARY,https://geodesy.noaa.gov/DataAvailability/DAP.jsp?SiteID=MARY&NOD=20,https://geodesy.noaa.gov/cgi-cors/CorsSidebarSelect.prl?site=MARY&option=Logfile,5/31/2013,-89.9127777778,30.0227777778
MASA,Massachusetts Department of Transportation,1,Operational,MADOT,GPS+BDS+GAL+GLO,Hourly,https://geodesy.noaa.gov/CORS/ncn_station_pages/index.html?stationID=MASA,https://geodesy.noaa.gov/DataAvailability/DAP.jsp?SiteID=MASA&NOD=20,https://geodesy.noaa.gov/cgi-cors/CorsSidebarSelect.prl?site=MASA&option=Logfile,9/17/2013,-70.89,42.8625
MASB,Massachusetts Department of Transportation,1,Operational,MADOT,GPS+BDS+GAL+GLO,Hourly,https://geodesy.noaa.gov/CORS/ncn_station_pages/index.html?stationID=MASB,https://geodesy.noaa.gov/DataAvailability/DAP.jsp?SiteID=MASB&NOD=20,https://geodesy.noaa.gov/cgi-cors/CorsSidebarSelect.prl?site=MASB&option=Logfile,1/18/2014,-72.0869444444,42.1113888889
MASH,Massachusetts Department of Transportation,1,Operational,MADOT,GPS+BDS+GAL+GLO,Hourly,https://geodesy.noaa.gov/CORS/ncn_station_pages/index.html?stationID=MASH,https://geodesy.noaa.gov/DataAvailability/DAP.jsp?SiteID=MASH&NOD=20,https://geodesy.noaa.gov/cgi-cors/CorsSidebarSelect.prl?site=MASH&option=Logfile,9/17/2013,-73.3641666667,42.1402777778
MASW,UNAVCO-PBO,15,Non-Operational,UNAVPB,GPS,Daily,https://geodesy.noaa.gov/CORS/ncn_station_pages/index.html?stationID=MASW,https://geodesy.noaa.gov/DataAvailability/DAP.jsp?SiteID=MASW&NOD=20,https://geodesy.noaa.gov/cgi-cors/CorsSidebarSelect.prl?site=MASW&option=Logfile,3/6/2012,-120.4430555556,35.8325
MATA,Louisiana State University,1,Suspended,LASU,GPS+GAL+GLO,Hourly,https://geodesy.noaa.gov/CORS/ncn_station_pages/index.html?stationID=MATA,https://geodesy.noaa.gov/DataAvailability/DAP.jsp?SiteID=MATA&NOD=20,https://geodesy.noaa.gov/cgi-cors/CorsSidebarSelect.prl?site=MATA&option=Logfile,7/18/2024,-95.9140463222,28.7101054139
MATB,Massachusetts Department of Transportation,1,Operational,MADOT,GPS+BDS+GAL+GLO,Hourly,https://geodesy.noaa.gov/CORS/ncn_station_pages/index.html?stationID=MATB,https://geodesy.noaa.gov/DataAvailability/DAP.jsp?SiteID=MATB&NOD=20,https://geodesy.noaa.gov/cgi-cors/CorsSidebarSelect.prl?site=MATB&option=Logfile,1/1/2022,-71.2713888889,42.63
MATU,Massachusetts Department of Transportation,1,Operational,MADOT,GPS+BDS+GAL+GLO,Hourly,https://geodesy.noaa.gov/CORS/ncn_station_pages/index.html?stationID=MATU,https://geodesy.noaa.gov/DataAvailability/DAP.jsp?SiteID=MATU&NOD=20,https://geodesy.noaa.gov/cgi-cors/CorsSidebarSelect.prl?site=MATU&option=Logfile,9/17/2013,-70.0433333333,41.9808333333
MAUI,"Pacific GPS Facility, Hawaii",30,Operational,PACGPS,GPS,Daily,https://geodesy.noaa.gov/CORS/ncn_station_pages/index.html?stationID=MAUI,https://geodesy.noaa.gov/DataAvailability/DAP.jsp?SiteID=MAUI&NOD=20,https://geodesy.noaa.gov/cgi-cors/CorsSidebarSelect.prl?site=MAUI&option=Logfile,2/23/2002,-156.2569444444,20.7063888889
MAWM,Massachusetts Department of Transportation,1,Operational,MADOT,GPS+BDS+GAL+GLO,Hourly,https://geodesy.noaa.gov/CORS/ncn_station_pages/index.html?stationID=MAWM,https://geodesy.noaa.gov/DataAvailability/DAP.jsp?SiteID=MAWM&NOD=20,https://geodesy.noaa.gov/cgi-cors/CorsSidebarSelect.prl?site=MAWM&option=Logfile,1/25/2014,-71.9330555556,42.5611111111
MAWR,Massachusetts Department of Transportation,1,Operational,MADOT,GPS+BDS+GAL+GLO,Hourly,https://geodesy.noaa.gov/CORS/ncn_station_pages/index.html?stationID=MAWR,https://geodesy.noaa.gov/DataAvailability/DAP.jsp?SiteID=MAWR&NOD=20,https://geodesy.noaa.gov/cgi-cors/CorsSidebarSelect.prl?site=MAWR&option=Logfile,11/14/2020,-71.3041666667,42.0416666667
MAWT,Massachusetts Department of Transportation,1,Operational,MADOT,GPS+BDS+GAL+GLO,Hourly,https://geodesy.noaa.gov/CORS/ncn_station_pages/index.html?stationID=MAWT,https://geodesy.noaa.gov/DataAvailability/DAP.jsp?SiteID=MAWT&NOD=20,https://geodesy.noaa.gov/cgi-cors/CorsSidebarSelect.prl?site=MAWT&option=Logfile,1/20/2025,-73.2271746556,42.6392445667
MAWY,UNAVCO_NON-PBO,15,Operational,UNAVPS,GPS+GAL+GLO,Daily,https://geodesy.noaa.gov/CORS/ncn_station_pages/index.html?stationID=MAWY,https://geodesy.noaa.gov/DataAvailability/DAP.jsp?SiteID=MAWY&NOD=20,https://geodesy.noaa.gov/cgi-cors/CorsSidebarSelect.prl?site=MAWY&option=Logfile,5/12/2000,-110.6891666667,44.9733333333
MAYZ,UNAVCO_NON-PBO,15,Non-Operational,UNAVPS,GPS,Daily,https://geodesy.noaa.gov/CORS/ncn_station_pages/index.html?stationID=MAYZ,https://geodesy.noaa.gov/DataAvailability/DAP.jsp?SiteID=MAYZ&NOD=20,https://geodesy.noaa.gov/cgi-cors/CorsSidebarSelect.prl?site=MAYZ&option=Logfile,6/4/2011,-67.1586111111,18.2175
MC01,Mesa County Colorado Department of Public Works,1,Operational,MECOPW,GPS+GAL+GLO,Hourly,https://geodesy.noaa.gov/CORS/ncn_station_pages/index.html?stationID=MC01,https://geodesy.noaa.gov/DataAvailability/DAP.jsp?SiteID=MC01&NOD=20,https://geodesy.noaa.gov/cgi-cors/CorsSidebarSelect.prl?site=MC01&option=Logfile,1/9/2009,-108.5280555556,39.0911111111
MC02,Mesa County Colorado Department of Public Works,1,Operational,MECOPW,GPS+GAL+GLO,Hourly,https://geodesy.noaa.gov/CORS/ncn_station_pages/index.html?stationID=MC02,https://geodesy.noaa.gov/DataAvailability/DAP.jsp?SiteID=MC02&NOD=20,https://geodesy.noaa.gov/cgi-cors/CorsSidebarSelect.prl?site=MC02&option=Logfile,1/9/2009,-108.49,39.0144444444
MC03,Mesa County Colorado Department of Public Works,1,Operational,MECOPW,GPS+GAL+GLO,Hourly,https://geodesy.noaa.gov/CORS/ncn_station_pages/index.html?stationID=MC03,https://geodesy.noaa.gov/DataAvailability/DAP.jsp?SiteID=MC03&NOD=20,https://geodesy.noaa.gov/cgi-cors/CorsSidebarSelect.prl?site=MC03&option=Logfile,1/9/2009,-108.7305555556,39.1897222222
MC04,Mesa County Colorado Department of Public Works,1,Operational,MECOPW,GPS+GAL+GLO,Hourly,https://geodesy.noaa.gov/CORS/ncn_station_pages/index.html?stationID=MC04,https://geodesy.noaa.gov/DataAvailability/DAP.jsp?SiteID=MC04&NOD=20,https://geodesy.noaa.gov/cgi-cors/CorsSidebarSelect.prl?site=MC04&option=Logfile,1/9/2009,-108.9736111111,38.6838888889
MC05,Mesa County Colorado Department of Public Works,1,Operational,MECOPW,GPS+GAL+GLO,Hourly,https://geodesy.noaa.gov/CORS/ncn_station_pages/index.html?stationID=MC05,https://geodesy.noaa.gov/DataAvailability/DAP.jsp?SiteID=MC05&NOD=20,https://geodesy.noaa.gov/cgi-cors/CorsSidebarSelect.prl?site=MC05&option=Logfile,1/9/2009,-108.0727777778,38.7394444444
MC06,Mesa County Colorado Department of Public Works,1,Operational,MECOPW,GPS+GAL+GLO,Hourly,https://geodesy.noaa.gov/CORS/ncn_station_pages/index.html?stationID=MC06,https://geodesy.noaa.gov/DataAvailability/DAP.jsp?SiteID=MC06&NOD=20,https://geodesy.noaa.gov/cgi-cors/CorsSidebarSelect.prl?site=MC06&option=Logfile,6/9/2009,-108.8513888889,39.2225
MC07,Mesa County Colorado Department of Public Works,1,Operational,MECOPW,GPS+GAL+GLO,Hourly,https://geodesy.noaa.gov/CORS/ncn_station_pages/index.html?stationID=MC07,https://geodesy.noaa.gov/DataAvailability/DAP.jsp?SiteID=MC07&NOD=20,https://geodesy.noaa.gov/cgi-cors/CorsSidebarSelect.prl?site=MC07&option=Logfile,4/1/2009,-108.2127777778,39.3175
MC08,Mesa County Colorado Department of Public Works,1,Operational,MECOPW,GPS+GAL+GLO,Hourly,https://geodesy.noaa.gov/CORS/ncn_station_pages/index.html?stationID=MC08,https://geodesy.noaa.gov/DataAvailability/DAP.jsp?SiteID=MC08&NOD=20,https://geodesy.noaa.gov/cgi-cors/CorsSidebarSelect.prl?site=MC08&option=Logfile,6/8/2009,-107.9775,39.2355555556
MC09,Mesa County Colorado Department of Public Works,1,Operational,MECOPW,GPS+GAL+GLO,Hourly,https://geodesy.noaa.gov/CORS/ncn_station_pages/index.html?stationID=MC09,https://geodesy.noaa.gov/DataAvailability/DAP.jsp?SiteID=MC09&NOD=20,https://geodesy.noaa.gov/cgi-cors/CorsSidebarSelect.prl?site=MC09&option=Logfile,6/10/2009,-108.5580555556,38.2430555556
MCEI,Louisiana State University,1,Operational,LASU,GPS+GAL+GLO,Hourly,https://geodesy.noaa.gov/CORS/ncn_station_pages/index.html?stationID=MCEI,https://geodesy.noaa.gov/DataAvailability/DAP.jsp?SiteID=MCEI&NOD=20,https://geodesy.noaa.gov/cgi-cors/CorsSidebarSelect.prl?site=MCEI&option=Logfile,10/28/2024,-91.3838768722,29.3730625944
MCES,UNAVCO-PBO,30,Operational,UNAVPB,GPS,Daily,https://geodesy.noaa.gov/CORS/ncn_station_pages/index.html?stationID=MCES,https://geodesy.noaa.gov/DataAvailability/DAP.jsp?SiteID=MCES&NOD=20,https://geodesy.noaa.gov/cgi-cors/CorsSidebarSelect.prl?site=MCES&option=Logfile,1/15/2014,-151.2577777778,59.7458333333
MCHN,"Natural Resources Canada, Geodetic Survey Division",30,Non-Operational,CADNR,GPS,Daily,https://geodesy.noaa.gov/CORS/ncn_station_pages/index.html?stationID=MCHN,https://geodesy.noaa.gov/DataAvailability/DAP.jsp?SiteID=MCHN&NOD=20,https://geodesy.noaa.gov/cgi-cors/CorsSidebarSelect.prl?site=MCHN&option=Logfile,1/21/2010,-84.9008333333,47.9611111111
MCNE,Louisiana State University,15,Operational,LASU,GPS+GAL+GLO,Hourly,https://geodesy.noaa.gov/CORS/ncn_station_pages/index.html?stationID=MCNE,https://geodesy.noaa.gov/DataAvailability/DAP.jsp?SiteID=MCNE&NOD=20,https://geodesy.noaa.gov/cgi-cors/CorsSidebarSelect.prl?site=MCNE&option=Logfile,8/29/2002,-93.2175,30.1805555556
MCON,Ohio Department of Transportation,1,Operational,OHDT,GPS+GAL+GLO,Hourly,https://geodesy.noaa.gov/CORS/ncn_station_pages/index.html?stationID=MCON,https://geodesy.noaa.gov/DataAvailability/DAP.jsp?SiteID=MCON&NOD=20,https://geodesy.noaa.gov/cgi-cors/CorsSidebarSelect.prl?site=MCON&option=Logfile,12/18/2001,-81.8291666667,39.6608333333
MCSO,Oregon Department of Transportation,5,Operational,ORDT,GPS+GAL+GLO,Hourly,https://geodesy.noaa.gov/CORS/ncn_station_pages/index.html?stationID=MCSO,https://geodesy.noaa.gov/DataAvailability/DAP.jsp?SiteID=MCSO&NOD=20,https://geodesy.noaa.gov/cgi-cors/CorsSidebarSelect.prl?site=MCSO&option=Logfile,2/11/2009,-122.9555555556,44.9736111111
MDAI,National Park Service,15,Operational,NPS,GPS+GAL+GLO,Hourly,https://geodesy.noaa.gov/CORS/ncn_station_pages/index.html?stationID=MDAI,https://geodesy.noaa.gov/DataAvailability/DAP.jsp?SiteID=MDAI&NOD=20,https://geodesy.noaa.gov/cgi-cors/CorsSidebarSelect.prl?site=MDAI&option=Logfile,7/20/2017,-75.1886111111,38.1388888889
MDFC,UNAVCO-PBO,30,Non-Operational,UNAVPB,GPS,Daily,https://geodesy.noaa.gov/CORS/ncn_station_pages/index.html?stationID=MDFC,https://geodesy.noaa.gov/DataAvailability/DAP.jsp?SiteID=MDFC&NOD=20,https://geodesy.noaa.gov/cgi-cors/CorsSidebarSelect.prl?site=MDFC&option=Logfile,7/18/2012,-136.9580555556,60.1216666667
MDMT,UNAVCO_NON-PBO,15,Operational,UNAVPS,GPS+GAL+GLO,Hourly,https://geodesy.noaa.gov/CORS/ncn_station_pages/index.html?stationID=MDMT,https://geodesy.noaa.gov/DataAvailability/DAP.jsp?SiteID=MDMT&NOD=20,https://geodesy.noaa.gov/cgi-cors/CorsSidebarSelect.prl?site=MDMT&option=Logfile,5/6/2005,-121.2213888889,42.4183333333
MDO1,Jet Propulsion Laboratory,30,Operational,JPL,GPS+GAL+GLO,Hourly,https://geodesy.noaa.gov/CORS/ncn_station_pages/index.html?stationID=MDO1,https://geodesy.noaa.gov/DataAvailability/DAP.jsp?SiteID=MDO1&NOD=20,https://geodesy.noaa.gov/cgi-cors/CorsSidebarSelect.prl?site=MDO1&option=Logfile,9/24/1995,-104.0147222222,30.6802777778
MEBA,Maine Department of Transportation,1,Operational,MEDT,GPS+GLO,Hourly,https://geodesy.noaa.gov/CORS/ncn_station_pages/index.html?stationID=MEBA,https://geodesy.noaa.gov/DataAvailability/DAP.jsp?SiteID=MEBA&NOD=20,https://geodesy.noaa.gov/cgi-cors/CorsSidebarSelect.prl?site=MEBA&option=Logfile,4/24/2021,-69.8255555556,43.9158333333
MECC,Maine Department of Transportation,1,Operational,MEDT,GPS+GAL+GLO,Hourly,https://geodesy.noaa.gov/CORS/ncn_station_pages/index.html?stationID=MECC,https://geodesy.noaa.gov/DataAvailability/DAP.jsp?SiteID=MECC&NOD=20,https://geodesy.noaa.gov/cgi-cors/CorsSidebarSelect.prl?site=MECC&option=Logfile,1/5/2014,-68.7438888889,44.8258333333
MEDX,Maine Department of Transportation,1,Operational,MEDT,GPS+GAL+GLO,Hourly,https://geodesy.noaa.gov/CORS/ncn_station_pages/index.html?stationID=MEDX,https://geodesy.noaa.gov/DataAvailability/DAP.jsp?SiteID=MEDX&NOD=20,https://geodesy.noaa.gov/cgi-cors/CorsSidebarSelect.prl?site=MEDX&option=Logfile,7/27/2012,-69.2969444444,45.0261111111
MEFK,Maine Department of Transportation,1,Operational,MEDT,GPS+GAL+GLO+SBAS,Hourly,https://geodesy.noaa.gov/CORS/ncn_station_pages/index.html?stationID=MEFK,https://geodesy.noaa.gov/DataAvailability/DAP.jsp?SiteID=MEFK&NOD=20,https://geodesy.noaa.gov/cgi-cors/CorsSidebarSelect.prl?site=MEFK&option=Logfile,1/3/2020,-68.5919444444,47.2486111111
MEFR,Maine Department of Transportation,1,Operational,MEDT,GPS+GAL+GLO,Hourly,https://geodesy.noaa.gov/CORS/ncn_station_pages/index.html?stationID=MEFR,https://geodesy.noaa.gov/DataAvailability/DAP.jsp?SiteID=MEFR&NOD=20,https://geodesy.noaa.gov/cgi-cors/CorsSidebarSelect.prl?site=MEFR&option=Logfile,7/31/2012,-70.1316666667,44.6747222222
MEGO,Maine Department of Transportation,1,Operational,MEDT,GPS+GAL+GLO,Hourly,https://geodesy.noaa.gov/CORS/ncn_station_pages/index.html?stationID=MEGO,https://geodesy.noaa.gov/DataAvailability/DAP.jsp?SiteID=MEGO&NOD=20,https://geodesy.noaa.gov/cgi-cors/CorsSidebarSelect.prl?site=MEGO&option=Logfile,2/19/2013,-70.4508333333,43.6811111111
MEGR,Maine Department of Transportation,1,Operational,MEDT,GPS+GAL+GLO,Hourly,https://geodesy.noaa.gov/CORS/ncn_station_pages/index.html?stationID=MEGR,https://geodesy.noaa.gov/DataAvailability/DAP.jsp?SiteID=MEGR&NOD=20,https://geodesy.noaa.gov/cgi-cors/CorsSidebarSelect.prl?site=MEGR&option=Logfile,3/11/2013,-69.5933333333,45.4636111111
MEJD,Maine Department of Transportation,1,Operational,MEDT,GPS+GAL+GLO,Hourly,https://geodesy.noaa.gov/CORS/ncn_station_pages/index.html?stationID=MEJD,https://geodesy.noaa.gov/DataAvailability/DAP.jsp?SiteID=MEJD&NOD=20,https://geodesy.noaa.gov/cgi-cors/CorsSidebarSelect.prl?site=MEJD&option=Logfile,3/11/2013,-69.5997222222,44.6080555556
MELI,Maine Department of Transportation,1,Operational,MEDT,GPS+GAL+GLO,Hourly,https://geodesy.noaa.gov/CORS/ncn_station_pages/index.html?stationID=MELI,https://geodesy.noaa.gov/DataAvailability/DAP.jsp?SiteID=MELI&NOD=20,https://geodesy.noaa.gov/cgi-cors/CorsSidebarSelect.prl?site=MELI&option=Logfile,8/3/2012,-68.5072222222,45.3636111111
MEMA,Maine Department of Transportation,1,Operational,MEDT,GPS+GAL+GLO,Hourly,https://geodesy.noaa.gov/CORS/ncn_station_pages/index.html?stationID=MEMA,https://geodesy.noaa.gov/DataAvailability/DAP.jsp?SiteID=MEMA&NOD=20,https://geodesy.noaa.gov/cgi-cors/CorsSidebarSelect.prl?site=MEMA&option=Logfile,8/1/2012,-67.4580555556,44.7097222222
MEOW,Maine Department of Transportation,1,Operational,MEDT,GPS+GAL+GLO,Hourly,https://geodesy.noaa.gov/CORS/ncn_station_pages/index.html?stationID=MEOW,https://geodesy.noaa.gov/DataAvailability/DAP.jsp?SiteID=MEOW&NOD=20,https://geodesy.noaa.gov/cgi-cors/CorsSidebarSelect.prl?site=MEOW&option=Logfile,8/7/2012,-69.7452777778,44.2958333333
MEPI,Maine Department of Transportation,1,Operational,MEDT,GPS+GAL+GLO,Hourly,https://geodesy.noaa.gov/CORS/ncn_station_pages/index.html?stationID=MEPI,https://geodesy.noaa.gov/DataAvailability/DAP.jsp?SiteID=MEPI&NOD=20,https://geodesy.noaa.gov/cgi-cors/CorsSidebarSelect.prl?site=MEPI&option=Logfile,8/7/2012,-68.0166666667,46.6705555556
MERA,Maine Department of Transportation,1,Operational,MEDT,GPS+GAL+GLO,Hourly,https://geodesy.noaa.gov/CORS/ncn_station_pages/index.html?stationID=MERA,https://geodesy.noaa.gov/DataAvailability/DAP.jsp?SiteID=MERA&NOD=20,https://geodesy.noaa.gov/cgi-cors/CorsSidebarSelect.prl?site=MERA&option=Logfile,12/10/2012,-70.6527777778,44.9736111111
MERI,"Instituto Nacional de Estadistica, Geografia e Informatica, Mexico",15,Operational,INEGI,GPS+GAL+GLO,Hourly,https://geodesy.noaa.gov/CORS/ncn_station_pages/index.html?stationID=MERI,https://geodesy.noaa.gov/DataAvailability/DAP.jsp?SiteID=MERI&NOD=20,https://geodesy.noaa.gov/cgi-cors/CorsSidebarSelect.prl?site=MERI&option=Logfile,9/22/2005,-89.6202777778,20.98
MERO,Maine Department of Transportation,1,Operational,MEDT,GPS+GLO,Hourly,https://geodesy.noaa.gov/CORS/ncn_station_pages/index.html?stationID=MERO,https://geodesy.noaa.gov/DataAvailability/DAP.jsp?SiteID=MERO&NOD=20,https://geodesy.noaa.gov/cgi-cors/CorsSidebarSelect.prl?site=MERO&option=Logfile,8/8/2019,-69.1186111111,44.1136111111
MESP,Maine Department of Transportation,1,Operational,MEDT,GPS+GAL+GLO,Hourly,https://geodesy.noaa.gov/CORS/ncn_station_pages/index.html?stationID=MESP,https://geodesy.noaa.gov/DataAvailability/DAP.jsp?SiteID=MESP&NOD=20,https://geodesy.noaa.gov/cgi-cors/CorsSidebarSelect.prl?site=MESP&option=Logfile,8/31/2012,-70.5130555556,44.2183333333
MEST,Maine Department of Transportation,1,Operational,MEDT,GPS+GAL+GLO,Hourly,https://geodesy.noaa.gov/CORS/ncn_station_pages/index.html?stationID=MEST,https://geodesy.noaa.gov/DataAvailability/DAP.jsp?SiteID=MEST&NOD=20,https://geodesy.noaa.gov/cgi-cors/CorsSidebarSelect.prl?site=MEST&option=Logfile,4/23/2021,-68.4397222222,45.9247222222
METR,Michigan Department of Transportation,1,Operational,MIDT,GPS+GLO,Hourly,https://geodesy.noaa.gov/CORS/ncn_station_pages/index.html?stationID=METR,https://geodesy.noaa.gov/DataAvailability/DAP.jsp?SiteID=METR&NOD=20,https://geodesy.noaa.gov/cgi-cors/CorsSidebarSelect.prl?site=METR&option=Logfile,8/31/2001,-83.2425,42.6847222222
MEWA,Maine Department of Transportation,1,Operational,MEDT,GPS+GAL+GLO,Hourly,https://geodesy.noaa.gov/CORS/ncn_station_pages/index.html?stationID=MEWA,https://geodesy.noaa.gov/DataAvailability/DAP.jsp?SiteID=MEWA&NOD=20,https://geodesy.noaa.gov/cgi-cors/CorsSidebarSelect.prl?site=MEWA&option=Logfile,8/28/2012,-69.0969444444,44.4541666667
MEXI,"Instituto Nacional de Estadistica, Geografia e Informatica, Mexico",15,Operational,INEGI,GPS+GAL+GLO,Hourly,https://geodesy.noaa.gov/CORS/ncn_station_pages/index.html?stationID=MEXI,https://geodesy.noaa.gov/DataAvailability/DAP.jsp?SiteID=MEXI&NOD=20,https://geodesy.noaa.gov/cgi-cors/CorsSidebarSelect.prl?site=MEXI&option=Logfile,9/22/2005,-115.4755555556,32.6327777778
MFLD,Wisconsin Department of Transportation,1,Operational,WIDT,GPS+GAL+GLO,Hourly,https://geodesy.noaa.gov/CORS/ncn_station_pages/index.html?stationID=MFLD,https://geodesy.noaa.gov/DataAvailability/DAP.jsp?SiteID=MFLD&NOD=20,https://geodesy.noaa.gov/cgi-cors/CorsSidebarSelect.prl?site=MFLD&option=Logfile,8/2/2011,-90.1347222222,44.6366666667
MHC2,Berkeley Seismological Laboratory,15,Operational,BSL,GPS+GLO,Daily,https://geodesy.noaa.gov/CORS/ncn_station_pages/index.html?stationID=MHC2,https://geodesy.noaa.gov/DataAvailability/DAP.jsp?SiteID=MHC2&NOD=20,https://geodesy.noaa.gov/cgi-cors/CorsSidebarSelect.prl?site=MHC2&option=Logfile,8/12/2022,-121.6425,37.3413888889
MIAL,Michigan Department of Transportation,1,Operational,MIDT,GPS+GLO,Hourly,https://geodesy.noaa.gov/CORS/ncn_station_pages/index.html?stationID=MIAL,https://geodesy.noaa.gov/DataAvailability/DAP.jsp?SiteID=MIAL&NOD=20,https://geodesy.noaa.gov/cgi-cors/CorsSidebarSelect.prl?site=MIAL&option=Logfile,7/1/2006,-83.4283333333,45.0627777778
MIAR,Michigan Department of Transportation,1,Operational,MIDT,GPS+GLO,Hourly,https://geodesy.noaa.gov/CORS/ncn_station_pages/index.html?stationID=MIAR,https://geodesy.noaa.gov/DataAvailability/DAP.jsp?SiteID=MIAR&NOD=20,https://geodesy.noaa.gov/cgi-cors/CorsSidebarSelect.prl?site=MIAR&option=Logfile,4/10/2014,-83.9797222222,43.9825
MIBC,Michigan Department of Transportation,1,Operational,MIDT,GPS+GLO,Hourly,https://geodesy.noaa.gov/CORS/ncn_station_pages/index.html?stationID=MIBC,https://geodesy.noaa.gov/DataAvailability/DAP.jsp?SiteID=MIBC&NOD=20,https://geodesy.noaa.gov/cgi-cors/CorsSidebarSelect.prl?site=MIBC&option=Logfile,11/25/2005,-85.2025,42.3216666667
MIBH,Michigan Department of Transportation,1,Operational,MIDT,GPS+GAL+GLO,Hourly,https://geodesy.noaa.gov/CORS/ncn_station_pages/index.html?stationID=MIBH,https://geodesy.noaa.gov/DataAvailability/DAP.jsp?SiteID=MIBH&NOD=20,https://geodesy.noaa.gov/cgi-cors/CorsSidebarSelect.prl?site=MIBH&option=Logfile,9/4/2008,-86.3897222222,42.0880555556
MIBO,Michigan Department of Transportation,1,Operational,MIDT,GPS+GLO,Hourly,https://geodesy.noaa.gov/CORS/ncn_station_pages/index.html?stationID=MIBO,https://geodesy.noaa.gov/DataAvailability/DAP.jsp?SiteID=MIBO&NOD=20,https://geodesy.noaa.gov/cgi-cors/CorsSidebarSelect.prl?site=MIBO&option=Logfile,11/28/2008,-84.9955555556,45.2055555556
MIBX,Michigan Department of Transportation,1,Operational,MIDT,GPS+GLO,Hourly,https://geodesy.noaa.gov/CORS/ncn_station_pages/index.html?stationID=MIBX,https://geodesy.noaa.gov/DataAvailability/DAP.jsp?SiteID=MIBX&NOD=20,https://geodesy.noaa.gov/cgi-cors/CorsSidebarSelect.prl?site=MIBX&option=Logfile,8/18/2006,-88.5127777778,46.7638888889
MIBY,Michigan Department of Transportation,1,Operational,MIDT,GPS+GLO,Hourly,https://geodesy.noaa.gov/CORS/ncn_station_pages/index.html?stationID=MIBY,https://geodesy.noaa.gov/DataAvailability/DAP.jsp?SiteID=MIBY&NOD=20,https://geodesy.noaa.gov/cgi-cors/CorsSidebarSelect.prl?site=MIBY&option=Logfile,11/6/2007,-83.9469444444,43.6230555556
MICA,Michigan Department of Transportation,1,Operational,MIDT,GPS+GLO,Hourly,https://geodesy.noaa.gov/CORS/ncn_station_pages/index.html?stationID=MICA,https://geodesy.noaa.gov/DataAvailability/DAP.jsp?SiteID=MICA&NOD=20,https://geodesy.noaa.gov/cgi-cors/CorsSidebarSelect.prl?site=MICA&option=Logfile,7/26/2010,-82.6677777778,43.4277777778
MICC,Michigan Department of Transportation,1,Operational,MIDT,GPS+GLO,Hourly,https://geodesy.noaa.gov/CORS/ncn_station_pages/index.html?stationID=MICC,https://geodesy.noaa.gov/DataAvailability/DAP.jsp?SiteID=MICC&NOD=20,https://geodesy.noaa.gov/cgi-cors/CorsSidebarSelect.prl?site=MICC&option=Logfile,6/7/2013,-83.1719444444,43.6072222222
MICP,Michigan Department of Transportation,1,Operational,MIDT,GPS+GLO,Hourly,https://geodesy.noaa.gov/CORS/ncn_station_pages/index.html?stationID=MICP,https://geodesy.noaa.gov/DataAvailability/DAP.jsp?SiteID=MICP&NOD=20,https://geodesy.noaa.gov/cgi-cors/CorsSidebarSelect.prl?site=MICP&option=Logfile,8/27/2018,-87.8741666667,47.4672222222
MICV,Michigan Department of Transportation,1,Operational,MIDT,GPS+GLO,Hourly,https://geodesy.noaa.gov/CORS/ncn_station_pages/index.html?stationID=MICV,https://geodesy.noaa.gov/DataAvailability/DAP.jsp?SiteID=MICV&NOD=20,https://geodesy.noaa.gov/cgi-cors/CorsSidebarSelect.prl?site=MICV&option=Logfile,8/18/2006,-85.5161111111,41.9225
MICW,Michigan Department of Transportation,1,Operational,MIDT,GPS+GLO,Hourly,https://geodesy.noaa.gov/CORS/ncn_station_pages/index.html?stationID=MICW,https://geodesy.noaa.gov/DataAvailability/DAP.jsp?SiteID=MICW&NOD=20,https://geodesy.noaa.gov/cgi-cors/CorsSidebarSelect.prl?site=MICW&option=Logfile,5/1/2006,-84.9797222222,41.9394444444
MICX,Michigan Department of Transportation,1,Operational,MIDT,GPS+GLO,Hourly,https://geodesy.noaa.gov/CORS/ncn_station_pages/index.html?stationID=MICX,https://geodesy.noaa.gov/DataAvailability/DAP.jsp?SiteID=MICX&NOD=20,https://geodesy.noaa.gov/cgi-cors/CorsSidebarSelect.prl?site=MICX&option=Logfile,9/4/2008,-85.2630555556,45.3102777778
MIDI,Michigan Department of Transportation,1,Operational,MIDT,GPS+GLO,Hourly,https://geodesy.noaa.gov/CORS/ncn_station_pages/index.html?stationID=MIDI,https://geodesy.noaa.gov/DataAvailability/DAP.jsp?SiteID=MIDI&NOD=20,https://geodesy.noaa.gov/cgi-cors/CorsSidebarSelect.prl?site=MIDI&option=Logfile,12/26/2017,-83.74,46.0152777778
MIDS,Michigan Department of Transportation,1,Operational,MIDT,GPS+GLO,Hourly,https://geodesy.noaa.gov/CORS/ncn_station_pages/index.html?stationID=MIDS,https://geodesy.noaa.gov/DataAvailability/DAP.jsp?SiteID=MIDS&NOD=20,https://geodesy.noaa.gov/cgi-cors/CorsSidebarSelect.prl?site=MIDS&option=Logfile,8/18/2005,-83.5197222222,43.0497222222
MIDT,Michigan Department of Transportation,1,Operational,MIDT,GPS+GLO,Hourly,https://geodesy.noaa.gov/CORS/ncn_station_pages/index.html?stationID=MIDT,https://geodesy.noaa.gov/DataAvailability/DAP.jsp?SiteID=MIDT&NOD=20,https://geodesy.noaa.gov/cgi-cors/CorsSidebarSelect.prl?site=MIDT&option=Logfile,8/18/2005,-83.0052777778,42.4436111111
MIFW,Michigan Department of Transportation,1,Operational,MIDT,GPS+GLO,Hourly,https://geodesy.noaa.gov/CORS/ncn_station_pages/index.html?stationID=MIFW,https://geodesy.noaa.gov/DataAvailability/DAP.jsp?SiteID=MIFW&NOD=20,https://geodesy.noaa.gov/cgi-cors/CorsSidebarSelect.prl?site=MIFW&option=Logfile,6/4/2019,-83.0925,42.2988888889
MIGD,Michigan Department of Transportation,1,Operational,MIDT,GPS+GLO,Hourly,https://geodesy.noaa.gov/CORS/ncn_station_pages/index.html?stationID=MIGD,https://geodesy.noaa.gov/DataAvailability/DAP.jsp?SiteID=MIGD&NOD=20,https://geodesy.noaa.gov/cgi-cors/CorsSidebarSelect.prl?site=MIGD&option=Logfile,11/6/2007,-84.6447222222,45.0263888889
MIGH,Michigan Department of Transportation,1,Operational,MIDT,GPS+GLO,Hourly,https://geodesy.noaa.gov/CORS/ncn_station_pages/index.html?stationID=MIGH,https://geodesy.noaa.gov/DataAvailability/DAP.jsp?SiteID=MIGH&NOD=20,https://geodesy.noaa.gov/cgi-cors/CorsSidebarSelect.prl?site=MIGH&option=Logfile,5/1/2006,-86.2086111111,43.0075
MIGL,Michigan Department of Transportation,1,Operational,MIDT,GPS+GLO,Hourly,https://geodesy.noaa.gov/CORS/ncn_station_pages/index.html?stationID=MIGL,https://geodesy.noaa.gov/DataAvailability/DAP.jsp?SiteID=MIGL&NOD=20,https://geodesy.noaa.gov/cgi-cors/CorsSidebarSelect.prl?site=MIGL&option=Logfile,11/6/2007,-84.7033333333,44.6555555556
MIHA,Michigan Department of Transportation,1,Operational,MIDT,GPS+GLO,Hourly,https://geodesy.noaa.gov/CORS/ncn_station_pages/index.html?stationID=MIHA,https://geodesy.noaa.gov/DataAvailability/DAP.jsp?SiteID=MIHA&NOD=20,https://geodesy.noaa.gov/cgi-cors/CorsSidebarSelect.prl?site=MIHA&option=Logfile,1/5/2011,-84.8119444444,44.0183333333
MIHD,Michigan Department of Transportation,1,Operational,MIDT,GPS+GLO,Hourly,https://geodesy.noaa.gov/CORS/ncn_station_pages/index.html?stationID=MIHD,https://geodesy.noaa.gov/DataAvailability/DAP.jsp?SiteID=MIHD&NOD=20,https://geodesy.noaa.gov/cgi-cors/CorsSidebarSelect.prl?site=MIHD&option=Logfile,11/6/2007,-84.6161111111,41.8886111111
MIHL,Michigan Department of Transportation,1,Operational,MIDT,GPS+GLO,Hourly,https://geodesy.noaa.gov/CORS/ncn_station_pages/index.html?stationID=MIHL,https://geodesy.noaa.gov/DataAvailability/DAP.jsp?SiteID=MIHL&NOD=20,https://geodesy.noaa.gov/cgi-cors/CorsSidebarSelect.prl?site=MIHL&option=Logfile,11/25/2005,-84.7947222222,44.3327777778
MIHO,Michigan Department of Transportation,1,Operational,MIDT,GPS+GLO,Hourly,https://geodesy.noaa.gov/CORS/ncn_station_pages/index.html?stationID=MIHO,https://geodesy.noaa.gov/DataAvailability/DAP.jsp?SiteID=MIHO&NOD=20,https://geodesy.noaa.gov/cgi-cors/CorsSidebarSelect.prl?site=MIHO&option=Logfile,5/1/2006,-86.0838888889,42.8138888889
MIHT,Michigan Department of Transportation,1,Operational,MIDT,GPS+GLO,Hourly,https://geodesy.noaa.gov/CORS/ncn_station_pages/index.html?stationID=MIHT,https://geodesy.noaa.gov/DataAvailability/DAP.jsp?SiteID=MIHT&NOD=20,https://geodesy.noaa.gov/cgi-cors/CorsSidebarSelect.prl?site=MIHT&option=Logfile,12/17/2007,-86.3644444444,43.6880555556
MIHV,Michigan Department of Transportation,1,Operational,MIDT,GPS+GLO,Hourly,https://geodesy.noaa.gov/CORS/ncn_station_pages/index.html?stationID=MIHV,https://geodesy.noaa.gov/DataAvailability/DAP.jsp?SiteID=MIHV&NOD=20,https://geodesy.noaa.gov/cgi-cors/CorsSidebarSelect.prl?site=MIHV&option=Logfile,5/1/2006,-85.8586111111,42.8866666667
MIIR,Michigan Department of Transportation,1,Operational,MIDT,GPS+GLO,Hourly,https://geodesy.noaa.gov/CORS/ncn_station_pages/index.html?stationID=MIIR,https://geodesy.noaa.gov/DataAvailability/DAP.jsp?SiteID=MIIR&NOD=20,https://geodesy.noaa.gov/cgi-cors/CorsSidebarSelect.prl?site=MIIR&option=Logfile,5/1/2006,-88.6333333333,46.0802777778
MIIT,Michigan Department of Transportation,1,Operational,MIDT,GPS+GLO,Hourly,https://geodesy.noaa.gov/CORS/ncn_station_pages/index.html?stationID=MIIT,https://geodesy.noaa.gov/DataAvailability/DAP.jsp?SiteID=MIIT&NOD=20,https://geodesy.noaa.gov/cgi-cors/CorsSidebarSelect.prl?site=MIIT&option=Logfile,11/6/2007,-84.5913888889,43.2888888889
MIIW,Michigan Department of Transportation,1,Operational,MIDT,GPS+GLO,Hourly,https://geodesy.noaa.gov/CORS/ncn_station_pages/index.html?stationID=MIIW,https://geodesy.noaa.gov/DataAvailability/DAP.jsp?SiteID=MIIW&NOD=20,https://geodesy.noaa.gov/cgi-cors/CorsSidebarSelect.prl?site=MIIW&option=Logfile,11/26/2008,-90.1655555556,46.47
MIKK,Michigan Department of Transportation,1,Operational,MIDT,GPS+GLO,Hourly,https://geodesy.noaa.gov/CORS/ncn_station_pages/index.html?stationID=MIKK,https://geodesy.noaa.gov/DataAvailability/DAP.jsp?SiteID=MIKK&NOD=20,https://geodesy.noaa.gov/cgi-cors/CorsSidebarSelect.prl?site=MIKK&option=Logfile,11/25/2005,-85.1852777778,44.7419444444
MIKS,Michigan Department of Transportation,1,Operational,MIDT,GPS+GLO,Hourly,https://geodesy.noaa.gov/CORS/ncn_station_pages/index.html?stationID=MIKS,https://geodesy.noaa.gov/DataAvailability/DAP.jsp?SiteID=MIKS&NOD=20,https://geodesy.noaa.gov/cgi-cors/CorsSidebarSelect.prl?site=MIKS&option=Logfile,9/4/2008,-84.3511111111,41.8505555556
MILI,Michigan Department of Transportation,1,Operational,MIDT,GPS+GLO,Hourly,https://geodesy.noaa.gov/CORS/ncn_station_pages/index.html?stationID=MILI,https://geodesy.noaa.gov/DataAvailability/DAP.jsp?SiteID=MILI&NOD=20,https://geodesy.noaa.gov/cgi-cors/CorsSidebarSelect.prl?site=MILI&option=Logfile,10/23/2008,-83.4147222222,42.435
MILS,Michigan Department of Transportation,1,Operational,MIDT,GPS+GLO,Hourly,https://geodesy.noaa.gov/CORS/ncn_station_pages/index.html?stationID=MILS,https://geodesy.noaa.gov/DataAvailability/DAP.jsp?SiteID=MILS&NOD=20,https://geodesy.noaa.gov/cgi-cors/CorsSidebarSelect.prl?site=MILS&option=Logfile,10/27/2009,-84.3641666667,46.4869444444
MILT,Michigan Department of Transportation,1,Operational,MIDT,GPS+GLO,Hourly,https://geodesy.noaa.gov/CORS/ncn_station_pages/index.html?stationID=MILT,https://geodesy.noaa.gov/DataAvailability/DAP.jsp?SiteID=MILT&NOD=20,https://geodesy.noaa.gov/cgi-cors/CorsSidebarSelect.prl?site=MILT&option=Logfile,5/1/2005,-86.4413888889,43.9472222222
MIMA,Michigan Department of Transportation,1,Operational,MIDT,GPS+GLO,Hourly,https://geodesy.noaa.gov/CORS/ncn_station_pages/index.html?stationID=MIMA,https://geodesy.noaa.gov/DataAvailability/DAP.jsp?SiteID=MIMA&NOD=20,https://geodesy.noaa.gov/cgi-cors/CorsSidebarSelect.prl?site=MIMA&option=Logfile,5/1/2006,-84.4516666667,42.5641666667
MIMC,Michigan Department of Transportation,1,Operational,MIDT,GPS+GLO,Hourly,https://geodesy.noaa.gov/CORS/ncn_station_pages/index.html?stationID=MIMC,https://geodesy.noaa.gov/DataAvailability/DAP.jsp?SiteID=MIMC&NOD=20,https://geodesy.noaa.gov/cgi-cors/CorsSidebarSelect.prl?site=MIMC&option=Logfile,5/3/2012,-84.7208333333,45.7772222222
MIME,Michigan Department of Transportation,1,Operational,MIDT,GPS+BDS+GLO,Hourly,https://geodesy.noaa.gov/CORS/ncn_station_pages/index.html?stationID=MIME,https://geodesy.noaa.gov/DataAvailability/DAP.jsp?SiteID=MIME&NOD=20,https://geodesy.noaa.gov/cgi-cors/CorsSidebarSelect.prl?site=MIME&option=Logfile,4/19/2021,-87.59,45.0958333333
MIMK,Michigan Department of Transportation,1,Operational,MIDT,GPS+GLO,Hourly,https://geodesy.noaa.gov/CORS/ncn_station_pages/index.html?stationID=MIMK,https://geodesy.noaa.gov/DataAvailability/DAP.jsp?SiteID=MIMK&NOD=20,https://geodesy.noaa.gov/cgi-cors/CorsSidebarSelect.prl?site=MIMK&option=Logfile,5/1/2006,-86.2491666667,43.2030555556
MIMN,Michigan Department of Transportation,1,Operational,MIDT,GPS+GLO,Hourly,https://geodesy.noaa.gov/CORS/ncn_station_pages/index.html?stationID=MIMN,https://geodesy.noaa.gov/DataAvailability/DAP.jsp?SiteID=MIMN&NOD=20,https://geodesy.noaa.gov/cgi-cors/CorsSidebarSelect.prl?site=MIMN&option=Logfile,11/6/2007,-86.1627777778,44.3722222222
MIMO,Michigan Department of Transportation,1,Operational,MIDT,GPS+GLO,Hourly,https://geodesy.noaa.gov/CORS/ncn_station_pages/index.html?stationID=MIMO,https://geodesy.noaa.gov/DataAvailability/DAP.jsp?SiteID=MIMO&NOD=20,https://geodesy.noaa.gov/cgi-cors/CorsSidebarSelect.prl?site=MIMO&option=Logfile,5/1/2006,-83.4647222222,41.9247222222
MIMQ,Michigan Department of Transportation,1,Operational,MIDT,GPS+GLO,Hourly,https://geodesy.noaa.gov/CORS/ncn_station_pages/index.html?stationID=MIMQ,https://geodesy.noaa.gov/DataAvailability/DAP.jsp?SiteID=MIMQ&NOD=20,https://geodesy.noaa.gov/cgi-cors/CorsSidebarSelect.prl?site=MIMQ&option=Logfile,12/16/2004,-87.3786111111,46.5452777778
MIMR,Michigan Department of Transportation,1,Operational,MIDT,GPS+GLO,Hourly,https://geodesy.noaa.gov/CORS/ncn_station_pages/index.html?stationID=MIMR,https://geodesy.noaa.gov/DataAvailability/DAP.jsp?SiteID=MIMR&NOD=20,https://geodesy.noaa.gov/cgi-cors/CorsSidebarSelect.prl?site=MIMR&option=Logfile,11/28/2008,-84.0386111111,42.1530555556
MIMU,Michigan Department of Transportation,1,Operational,MIDT,GPS+GLO,Hourly,https://geodesy.noaa.gov/CORS/ncn_station_pages/index.html?stationID=MIMU,https://geodesy.noaa.gov/DataAvailability/DAP.jsp?SiteID=MIMU&NOD=20,https://geodesy.noaa.gov/cgi-cors/CorsSidebarSelect.prl?site=MIMU&option=Logfile,11/6/2007,-86.6388888889,46.3769444444
MINB,Michigan Department of Transportation,1,Operational,MIDT,GPS+GLO,Hourly,https://geodesy.noaa.gov/CORS/ncn_station_pages/index.html?stationID=MINB,https://geodesy.noaa.gov/DataAvailability/DAP.jsp?SiteID=MINB&NOD=20,https://geodesy.noaa.gov/cgi-cors/CorsSidebarSelect.prl?site=MINB&option=Logfile,2/11/2008,-84.2097222222,46.2844444444
MIND,Michigan Department of Transportation,1,Operational,MIDT,GPS+GLO,Hourly,https://geodesy.noaa.gov/CORS/ncn_station_pages/index.html?stationID=MIND,https://geodesy.noaa.gov/DataAvailability/DAP.jsp?SiteID=MIND&NOD=20,https://geodesy.noaa.gov/cgi-cors/CorsSidebarSelect.prl?site=MIND&option=Logfile,3/28/2010,-84.6297222222,45.3847222222
MINH,Michigan Department of Transportation,1,Operational,MIDT,GPS+GAL+GLO,Hourly,https://geodesy.noaa.gov/CORS/ncn_station_pages/index.html?stationID=MINH,https://geodesy.noaa.gov/DataAvailability/DAP.jsp?SiteID=MINH&NOD=20,https://geodesy.noaa.gov/cgi-cors/CorsSidebarSelect.prl?site=MINH&option=Logfile,11/25/2005,-82.7963888889,42.7288888889
MINI,Michigan Department of Transportation,1,Operational,MIDT,GPS+GLO,Hourly,https://geodesy.noaa.gov/CORS/ncn_station_pages/index.html?stationID=MINI,https://geodesy.noaa.gov/DataAvailability/DAP.jsp?SiteID=MINI&NOD=20,https://geodesy.noaa.gov/cgi-cors/CorsSidebarSelect.prl?site=MINI&option=Logfile,11/6/2007,-86.2236111111,41.8091666667
MINS,US Geological Survey Cascades Volcano Obs.,15,Non-Operational,USGSVC,GPS,Daily,https://geodesy.noaa.gov/CORS/ncn_station_pages/index.html?stationID=MINS,https://geodesy.noaa.gov/DataAvailability/DAP.jsp?SiteID=MINS&NOD=20,https://geodesy.noaa.gov/cgi-cors/CorsSidebarSelect.prl?site=MINS&option=Logfile,7/20/1998,-119.0608333333,37.6536111111
MINW,Michigan Department of Transportation,1,Operational,MIDT,GPS+GLO,Hourly,https://geodesy.noaa.gov/CORS/ncn_station_pages/index.html?stationID=MINW,https://geodesy.noaa.gov/DataAvailability/DAP.jsp?SiteID=MINW&NOD=20,https://geodesy.noaa.gov/cgi-cors/CorsSidebarSelect.prl?site=MINW&option=Logfile,8/18/2005,-87.9180555556,45.79
MIO2,Michigan Department of Transportation,1,Operational,MIDT,GPS+GLO,Hourly,https://geodesy.noaa.gov/CORS/ncn_station_pages/index.html?stationID=MIO2,https://geodesy.noaa.gov/DataAvailability/DAP.jsp?SiteID=MIO2&NOD=20,https://geodesy.noaa.gov/cgi-cors/CorsSidebarSelect.prl?site=MIO2&option=Logfile,11/26/2008,-84.1486111111,44.6472222222
MIOG,Michigan Department of Transportation,1,Operational,MIDT,GPS+GLO,Hourly,https://geodesy.noaa.gov/CORS/ncn_station_pages/index.html?stationID=MIOG,https://geodesy.noaa.gov/DataAvailability/DAP.jsp?SiteID=MIOG&NOD=20,https://geodesy.noaa.gov/cgi-cors/CorsSidebarSelect.prl?site=MIOG&option=Logfile,11/28/2008,-84.1263888889,44.3013888889
MION,Michigan Department of Transportation,1,Non-Operational,MIDT,GPS+GLO,Hourly,https://geodesy.noaa.gov/CORS/ncn_station_pages/index.html?stationID=MION,https://geodesy.noaa.gov/DataAvailability/DAP.jsp?SiteID=MION&NOD=20,https://geodesy.noaa.gov/cgi-cors/CorsSidebarSelect.prl?site=MION&option=Logfile,11/25/2005,-85.0736111111,42.9952777778
MIOT,Michigan Department of Transportation,1,Operational,MIDT,GPS+GLO,Hourly,https://geodesy.noaa.gov/CORS/ncn_station_pages/index.html?stationID=MIOT,https://geodesy.noaa.gov/DataAvailability/DAP.jsp?SiteID=MIOT&NOD=20,https://geodesy.noaa.gov/cgi-cors/CorsSidebarSelect.prl?site=MIOT&option=Logfile,12/5/2009,-89.2994444444,46.8633333333
MIPP,Michigan Department of Transportation,1,Operational,MIDT,GPS+GLO,Hourly,https://geodesy.noaa.gov/CORS/ncn_station_pages/index.html?stationID=MIPP,https://geodesy.noaa.gov/DataAvailability/DAP.jsp?SiteID=MIPP&NOD=20,https://geodesy.noaa.gov/cgi-cors/CorsSidebarSelect.prl?site=MIPP&option=Logfile,8/18/2005,-85.8766666667,42.2191666667
MIPR,UNAVCO_NON-PBO,1,Non-Operational,UNAVPS,GPS,Hourly,https://geodesy.noaa.gov/CORS/ncn_station_pages/index.html?stationID=MIPR,https://geodesy.noaa.gov/DataAvailability/DAP.jsp?SiteID=MIPR&NOD=20,https://geodesy.noaa.gov/cgi-cors/CorsSidebarSelect.prl?site=MIPR&option=Logfile,4/5/2011,-66.5269444444,17.8861111111
MIPV,Michigan Department of Transportation,1,Non-Operational,MIDT,GPS+GLO,Hourly,https://geodesy.noaa.gov/CORS/ncn_station_pages/index.html?stationID=MIPV,https://geodesy.noaa.gov/DataAvailability/DAP.jsp?SiteID=MIPV&NOD=20,https://geodesy.noaa.gov/cgi-cors/CorsSidebarSelect.prl?site=MIPV&option=Logfile,11/6/2007,-83.7619444444,42.6919444444
MIPW,Michigan Department of Transportation,1,Operational,MIDT,GPS+GLO,Hourly,https://geodesy.noaa.gov/CORS/ncn_station_pages/index.html?stationID=MIPW,https://geodesy.noaa.gov/DataAvailability/DAP.jsp?SiteID=MIPW&NOD=20,https://geodesy.noaa.gov/cgi-cors/CorsSidebarSelect.prl?site=MIPW&option=Logfile,5/1/2006,-85.6569444444,42.4627777778
MIQE,Michigan Department of Transportation,1,Operational,MIDT,GPS+GLO,Hourly,https://geodesy.noaa.gov/CORS/ncn_station_pages/index.html?stationID=MIQE,https://geodesy.noaa.gov/DataAvailability/DAP.jsp?SiteID=MIQE&NOD=20,https://geodesy.noaa.gov/cgi-cors/CorsSidebarSelect.prl?site=MIQE&option=Logfile,12/5/2009,-86.2355555556,45.9666666667
MISC,Michigan Department of Transportation,1,Operational,MIDT,GPS+GLO,Hourly,https://geodesy.noaa.gov/CORS/ncn_station_pages/index.html?stationID=MISC,https://geodesy.noaa.gov/DataAvailability/DAP.jsp?SiteID=MISC&NOD=20,https://geodesy.noaa.gov/cgi-cors/CorsSidebarSelect.prl?site=MISC&option=Logfile,11/25/2005,-83.8347222222,42.9677777778
MISH,Michigan Department of Transportation,1,Operational,MIDT,GPS+GLO,Hourly,https://geodesy.noaa.gov/CORS/ncn_station_pages/index.html?stationID=MISH,https://geodesy.noaa.gov/DataAvailability/DAP.jsp?SiteID=MISH&NOD=20,https://geodesy.noaa.gov/cgi-cors/CorsSidebarSelect.prl?site=MISH&option=Logfile,11/6/2007,-86.2644444444,42.3838888889
MISI,Michigan Department of Transportation,1,Non-Operational,MIDT,GPS+GLO,Hourly,https://geodesy.noaa.gov/CORS/ncn_station_pages/index.html?stationID=MISI,https://geodesy.noaa.gov/DataAvailability/DAP.jsp?SiteID=MISI&NOD=20,https://geodesy.noaa.gov/cgi-cors/CorsSidebarSelect.prl?site=MISI&option=Logfile,8/18/2006,-84.7027777778,45.8536111111
MISR,Michigan Department of Transportation,1,Operational,MIDT,GPS+GLO,Hourly,https://geodesy.noaa.gov/CORS/ncn_station_pages/index.html?stationID=MISR,https://geodesy.noaa.gov/DataAvailability/DAP.jsp?SiteID=MISR&NOD=20,https://geodesy.noaa.gov/cgi-cors/CorsSidebarSelect.prl?site=MISR&option=Logfile,4/21/2021,-84.3016666667,46.4858333333
MIST,Michigan Department of Transportation,1,Non-Operational,MIDT,GPS+GLO,Hourly,https://geodesy.noaa.gov/CORS/ncn_station_pages/index.html?stationID=MIST,https://geodesy.noaa.gov/DataAvailability/DAP.jsp?SiteID=MIST&NOD=20,https://geodesy.noaa.gov/cgi-cors/CorsSidebarSelect.prl?site=MIST&option=Logfile,9/4/2008,-87.5994444444,45.4216666667
MITC,Michigan Department of Transportation,1,Operational,MIDT,GPS+GLO,Hourly,https://geodesy.noaa.gov/CORS/ncn_station_pages/index.html?stationID=MITC,https://geodesy.noaa.gov/DataAvailability/DAP.jsp?SiteID=MITC&NOD=20,https://geodesy.noaa.gov/cgi-cors/CorsSidebarSelect.prl?site=MITC&option=Logfile,11/6/2007,-85.6058333333,44.7130555556
MITO,Michigan Department of Transportation,1,Operational,MIDT,GPS+GLO,Hourly,https://geodesy.noaa.gov/CORS/ncn_station_pages/index.html?stationID=MITO,https://geodesy.noaa.gov/DataAvailability/DAP.jsp?SiteID=MITO&NOD=20,https://geodesy.noaa.gov/cgi-cors/CorsSidebarSelect.prl?site=MITO&option=Logfile,9/4/2008,-86.6033333333,41.8
MITS,Michigan Department of Transportation,1,Operational,MIDT,GPS+GLO,Hourly,https://geodesy.noaa.gov/CORS/ncn_station_pages/index.html?stationID=MITS,https://geodesy.noaa.gov/DataAvailability/DAP.jsp?SiteID=MITS&NOD=20,https://geodesy.noaa.gov/cgi-cors/CorsSidebarSelect.prl?site=MITS&option=Logfile,11/6/2007,-85.0869444444,43.3011111111
MITU,Michigan Department of Transportation,1,Operational,MIDT,GPS+GLO,Hourly,https://geodesy.noaa.gov/CORS/ncn_station_pages/index.html?stationID=MITU,https://geodesy.noaa.gov/DataAvailability/DAP.jsp?SiteID=MITU&NOD=20,https://geodesy.noaa.gov/cgi-cors/CorsSidebarSelect.prl?site=MITU&option=Logfile,10/27/2009,-88.5516666667,47.1108333333
MITW,Michigan Department of Transportation,1,Operational,MIDT,GPS+GLO,Hourly,https://geodesy.noaa.gov/CORS/ncn_station_pages/index.html?stationID=MITW,https://geodesy.noaa.gov/DataAvailability/DAP.jsp?SiteID=MITW&NOD=20,https://geodesy.noaa.gov/cgi-cors/CorsSidebarSelect.prl?site=MITW&option=Logfile,11/6/2007,-83.5836111111,44.2797222222
MIVA,Michigan Department of Transportation,1,Operational,MIDT,GPS+GLO,Hourly,https://geodesy.noaa.gov/CORS/ncn_station_pages/index.html?stationID=MIVA,https://geodesy.noaa.gov/DataAvailability/DAP.jsp?SiteID=MIVA&NOD=20,https://geodesy.noaa.gov/cgi-cors/CorsSidebarSelect.prl?site=MIVA&option=Logfile,10/27/2009,-83.5852777778,43.3786111111
MIWA,Michigan Department of Transportation,1,Operational,MIDT,GPS+GLO,Hourly,https://geodesy.noaa.gov/CORS/ncn_station_pages/index.html?stationID=MIWA,https://geodesy.noaa.gov/DataAvailability/DAP.jsp?SiteID=MIWA&NOD=20,https://geodesy.noaa.gov/cgi-cors/CorsSidebarSelect.prl?site=MIWA&option=Logfile,11/25/2005,-83.0058333333,42.7825
MIWB,Michigan Department of Transportation,1,Operational,MIDT,GPS+GLO,Hourly,https://geodesy.noaa.gov/CORS/ncn_station_pages/index.html?stationID=MIWB,https://geodesy.noaa.gov/DataAvailability/DAP.jsp?SiteID=MIWB&NOD=20,https://geodesy.noaa.gov/cgi-cors/CorsSidebarSelect.prl?site=MIWB&option=Logfile,11/7/2007,-84.2175,42.6763888889
MIWC,Michigan Department of Transportation,1,Operational,MIDT,GPS+GLO,Hourly,https://geodesy.noaa.gov/CORS/ncn_station_pages/index.html?stationID=MIWC,https://geodesy.noaa.gov/DataAvailability/DAP.jsp?SiteID=MIWC&NOD=20,https://geodesy.noaa.gov/cgi-cors/CorsSidebarSelect.prl?site=MIWC&option=Logfile,8/18/2006,-85.7777777778,43.5691666667
MKEA,Jet Propulsion Laboratory,30,Operational,JPL,GPS+GAL+GLO,Hourly,https://geodesy.noaa.gov/CORS/ncn_station_pages/index.html?stationID=MKEA,https://geodesy.noaa.gov/DataAvailability/DAP.jsp?SiteID=MKEA&NOD=20,https://geodesy.noaa.gov/cgi-cors/CorsSidebarSelect.prl?site=MKEA&option=Logfile,9/13/2008,-155.4561111111,19.8011111111
MLFP,UNAVCO-PBO,15,Operational,UNAVPB,GPS+GAL+GLO,Hourly,https://geodesy.noaa.gov/CORS/ncn_station_pages/index.html?stationID=MLFP,https://geodesy.noaa.gov/DataAvailability/DAP.jsp?SiteID=MLFP&NOD=20,https://geodesy.noaa.gov/cgi-cors/CorsSidebarSelect.prl?site=MLFP&option=Logfile,1/1/2011,-117.3177777778,33.9183333333
MLO1,NGS Stations CORS,1,Non-Operational,NGSSTA,GPS+BDS+GAL+GLO+QZSS,Hourly,https://geodesy.noaa.gov/CORS/ncn_station_pages/index.html?stationID=MLO1,https://geodesy.noaa.gov/DataAvailability/DAP.jsp?SiteID=MLO1&NOD=20,https://geodesy.noaa.gov/cgi-cors/CorsSidebarSelect.prl?site=MLO1&option=Logfile,12/8/2004,-155.5762131611,19.5359208917
MMD1,Federal Aviation Administration,1,Operational,FAA,GPS,Daily,https://geodesy.noaa.gov/CORS/ncn_station_pages/index.html?stationID=MMD1,https://geodesy.noaa.gov/DataAvailability/DAP.jsp?SiteID=MMD1&NOD=20,https://geodesy.noaa.gov/cgi-cors/CorsSidebarSelect.prl?site=MMD1&option=Logfile,4/25/2008,-89.6627777778,20.9316666667
MMX1,Federal Aviation Administration,1,Operational,FAA,GPS,Daily,https://geodesy.noaa.gov/CORS/ncn_station_pages/index.html?stationID=MMX1,https://geodesy.noaa.gov/DataAvailability/DAP.jsp?SiteID=MMX1&NOD=20,https://geodesy.noaa.gov/cgi-cors/CorsSidebarSelect.prl?site=MMX1&option=Logfile,4/25/2008,-99.0683333333,19.4313888889
MNAN,Minnesota Department of Transportation,5,Operational,MNDT,GPS+GAL+GLO,Hourly,https://geodesy.noaa.gov/CORS/ncn_station_pages/index.html?stationID=MNAN,https://geodesy.noaa.gov/DataAvailability/DAP.jsp?SiteID=MNAN&NOD=20,https://geodesy.noaa.gov/cgi-cors/CorsSidebarSelect.prl?site=MNAN&option=Logfile,11/24/2012,-96.0213888889,45.1952777778
MNAS,Minnesota Department of Transportation,5,Operational,MNDT,GPS+GAL+GLO,Hourly,https://geodesy.noaa.gov/CORS/ncn_station_pages/index.html?stationID=MNAS,https://geodesy.noaa.gov/DataAvailability/DAP.jsp?SiteID=MNAS&NOD=20,https://geodesy.noaa.gov/cgi-cors/CorsSidebarSelect.prl?site=MNAS&option=Logfile,1/5/2010,-92.9702777778,48.2938888889
MNAV,Minnesota Department of Transportation,5,Operational,MNDT,GPS+GAL+GLO,Hourly,https://geodesy.noaa.gov/CORS/ncn_station_pages/index.html?stationID=MNAV,https://geodesy.noaa.gov/DataAvailability/DAP.jsp?SiteID=MNAV&NOD=20,https://geodesy.noaa.gov/cgi-cors/CorsSidebarSelect.prl?site=MNAV&option=Logfile,1/21/2011,-93.2094444444,44.7327777778
MNAX,Minnesota Department of Transportation,5,Operational,MNDT,GPS+GAL+GLO,Hourly,https://geodesy.noaa.gov/CORS/ncn_station_pages/index.html?stationID=MNAX,https://geodesy.noaa.gov/DataAvailability/DAP.jsp?SiteID=MNAX&NOD=20,https://geodesy.noaa.gov/cgi-cors/CorsSidebarSelect.prl?site=MNAX&option=Logfile,1/30/2010,-95.3913888889,45.8875
MNBD,Minnesota Department of Transportation,5,Operational,MNDT,GPS+GAL+GLO,Hourly,https://geodesy.noaa.gov/CORS/ncn_station_pages/index.html?stationID=MNBD,https://geodesy.noaa.gov/DataAvailability/DAP.jsp?SiteID=MNBD&NOD=20,https://geodesy.noaa.gov/cgi-cors/CorsSidebarSelect.prl?site=MNBD&option=Logfile,12/7/2010,-94.0672222222,48.6275
MNBE,Minnesota Department of Transportation,5,Operational,MNDT,GPS+GAL+GLO,Hourly,https://geodesy.noaa.gov/CORS/ncn_station_pages/index.html?stationID=MNBE,https://geodesy.noaa.gov/DataAvailability/DAP.jsp?SiteID=MNBE&NOD=20,https://geodesy.noaa.gov/cgi-cors/CorsSidebarSelect.prl?site=MNBE&option=Logfile,8/2/2008,-94.1219444444,43.6627777778
MNBJ,Minnesota Department of Transportation,5,Operational,MNDT,GPS+GAL+GLO,Hourly,https://geodesy.noaa.gov/CORS/ncn_station_pages/index.html?stationID=MNBJ,https://geodesy.noaa.gov/DataAvailability/DAP.jsp?SiteID=MNBJ&NOD=20,https://geodesy.noaa.gov/cgi-cors/CorsSidebarSelect.prl?site=MNBJ&option=Logfile,10/16/2010,-94.9375,47.5011111111
MNBV,Minnesota Department of Transportation,5,Operational,MNDT,GPS+GAL+GLO,Hourly,https://geodesy.noaa.gov/CORS/ncn_station_pages/index.html?stationID=MNBV,https://geodesy.noaa.gov/DataAvailability/DAP.jsp?SiteID=MNBV&NOD=20,https://geodesy.noaa.gov/cgi-cors/CorsSidebarSelect.prl?site=MNBV&option=Logfile,6/25/2009,-96.3780555556,43.6080555556
MNCA,Minnesota Department of Transportation,5,Operational,MNDT,GPS+GAL+GLO,Hourly,https://geodesy.noaa.gov/CORS/ncn_station_pages/index.html?stationID=MNCA,https://geodesy.noaa.gov/DataAvailability/DAP.jsp?SiteID=MNCA&NOD=20,https://geodesy.noaa.gov/cgi-cors/CorsSidebarSelect.prl?site=MNCA&option=Logfile,1/1/2008,-91.4961111111,43.6327777778
MNCL,Minnesota Department of Transportation,5,Operational,MNDT,GPS+GAL+GLO,Hourly,https://geodesy.noaa.gov/CORS/ncn_station_pages/index.html?stationID=MNCL,https://geodesy.noaa.gov/DataAvailability/DAP.jsp?SiteID=MNCL&NOD=20,https://geodesy.noaa.gov/cgi-cors/CorsSidebarSelect.prl?site=MNCL&option=Logfile,8/2/2008,-95.4097222222,44.9491666667
MNDN,Minnesota Department of Transportation,5,Operational,MNDT,GPS+GAL+GLO,Hourly,https://geodesy.noaa.gov/CORS/ncn_station_pages/index.html?stationID=MNDN,https://geodesy.noaa.gov/DataAvailability/DAP.jsp?SiteID=MNDN&NOD=20,https://geodesy.noaa.gov/cgi-cors/CorsSidebarSelect.prl?site=MNDN&option=Logfile,7/7/2010,-96.9144444444,48.5722222222
MNDT,Minnesota Department of Transportation,5,Operational,MNDT,GPS+GAL+GLO,Hourly,https://geodesy.noaa.gov/CORS/ncn_station_pages/index.html?stationID=MNDT,https://geodesy.noaa.gov/DataAvailability/DAP.jsp?SiteID=MNDT&NOD=20,https://geodesy.noaa.gov/cgi-cors/CorsSidebarSelect.prl?site=MNDT&option=Logfile,2/9/2012,-95.8597222222,46.8227777778
MNDV,Minnesota Department of Transportation,5,Operational,MNDT,GPS+GAL+GLO,Hourly,https://geodesy.noaa.gov/CORS/ncn_station_pages/index.html?stationID=MNDV,https://geodesy.noaa.gov/DataAvailability/DAP.jsp?SiteID=MNDV&NOD=20,https://geodesy.noaa.gov/cgi-cors/CorsSidebarSelect.prl?site=MNDV&option=Logfile,8/2/2008,-95.5969444444,44.0569444444
MNEM,Minnesota Department of Transportation,5,Operational,MNDT,GPS+GAL+GLO,Hourly,https://geodesy.noaa.gov/CORS/ncn_station_pages/index.html?stationID=MNEM,https://geodesy.noaa.gov/DataAvailability/DAP.jsp?SiteID=MNEM&NOD=20,https://geodesy.noaa.gov/cgi-cors/CorsSidebarSelect.prl?site=MNEM&option=Logfile,8/2/2008,-93.9544444444,46.6880555556
MNEY,Minnesota Department of Transportation,5,Operational,MNDT,GPS+GAL+GLO,Hourly,https://geodesy.noaa.gov/CORS/ncn_station_pages/index.html?stationID=MNEY,https://geodesy.noaa.gov/DataAvailability/DAP.jsp?SiteID=MNEY&NOD=20,https://geodesy.noaa.gov/cgi-cors/CorsSidebarSelect.prl?site=MNEY&option=Logfile,6/30/2009,-92.2052777778,43.9555555556
MNFF,Minnesota Department of Transportation,5,Operational,MNDT,GPS+GAL+GLO,Hourly,https://geodesy.noaa.gov/CORS/ncn_station_pages/index.html?stationID=MNFF,https://geodesy.noaa.gov/DataAvailability/DAP.jsp?SiteID=MNFF&NOD=20,https://geodesy.noaa.gov/cgi-cors/CorsSidebarSelect.prl?site=MNFF&option=Logfile,8/2/2008,-96.0555555556,46.2733333333
MNGP,Minnesota Department of Transportation,5,Operational,MNDT,GPS+GAL+GLO,Hourly,https://geodesy.noaa.gov/CORS/ncn_station_pages/index.html?stationID=MNGP,https://geodesy.noaa.gov/DataAvailability/DAP.jsp?SiteID=MNGP&NOD=20,https://geodesy.noaa.gov/cgi-cors/CorsSidebarSelect.prl?site=MNGP&option=Logfile,1/1/2008,-93.4838888889,47.2233333333
MNGR,Minnesota Department of Transportation,5,Operational,MNDT,GPS+GAL+GLO,Hourly,https://geodesy.noaa.gov/CORS/ncn_station_pages/index.html?stationID=MNGR,https://geodesy.noaa.gov/DataAvailability/DAP.jsp?SiteID=MNGR&NOD=20,https://geodesy.noaa.gov/cgi-cors/CorsSidebarSelect.prl?site=MNGR&option=Logfile,8/2/2008,-96.4938888889,45.5580555556
MNHD,Minnesota Department of Transportation,5,Operational,MNDT,GPS+GAL+GLO,Hourly,https://geodesy.noaa.gov/CORS/ncn_station_pages/index.html?stationID=MNHD,https://geodesy.noaa.gov/DataAvailability/DAP.jsp?SiteID=MNHD&NOD=20,https://geodesy.noaa.gov/cgi-cors/CorsSidebarSelect.prl?site=MNHD&option=Logfile,6/15/2010,-96.4352777778,44.4588888889
MNHK,Minnesota Department of Transportation,5,Operational,MNDT,GPS+GAL+GLO,Hourly,https://geodesy.noaa.gov/CORS/ncn_station_pages/index.html?stationID=MNHK,https://geodesy.noaa.gov/DataAvailability/DAP.jsp?SiteID=MNHK&NOD=20,https://geodesy.noaa.gov/cgi-cors/CorsSidebarSelect.prl?site=MNHK&option=Logfile,12/25/2009,-96.9491666667,48.7722222222
MNHN,Minnesota Department of Transportation,5,Operational,MNDT,GPS+GAL+GLO,Hourly,https://geodesy.noaa.gov/CORS/ncn_station_pages/index.html?stationID=MNHN,https://geodesy.noaa.gov/DataAvailability/DAP.jsp?SiteID=MNHN&NOD=20,https://geodesy.noaa.gov/cgi-cors/CorsSidebarSelect.prl?site=MNHN&option=Logfile,7/28/2010,-92.9480555556,45.9847222222
MNHW,Minnesota Department of Transportation,5,Operational,MNDT,GPS+GAL+GLO,Hourly,https://geodesy.noaa.gov/CORS/ncn_station_pages/index.html?stationID=MNHW,https://geodesy.noaa.gov/DataAvailability/DAP.jsp?SiteID=MNHW&NOD=20,https://geodesy.noaa.gov/cgi-cors/CorsSidebarSelect.prl?site=MNHW&option=Logfile,4/2/2010,-93.9866666667,44.9058333333
MNHY,Minnesota Department of Transportation,5,Operational,MNDT,GPS+GLO,Hourly,https://geodesy.noaa.gov/CORS/ncn_station_pages/index.html?stationID=MNHY,https://geodesy.noaa.gov/DataAvailability/DAP.jsp?SiteID=MNHY&NOD=20,https://geodesy.noaa.gov/cgi-cors/CorsSidebarSelect.prl?site=MNHY&option=Logfile,3/2/2012,-95.6258333333,47.9491666667
MNJC,Minnesota Department of Transportation,5,Operational,MNDT,GPS+GAL+GLO,Hourly,https://geodesy.noaa.gov/CORS/ncn_station_pages/index.html?stationID=MNJC,https://geodesy.noaa.gov/DataAvailability/DAP.jsp?SiteID=MNJC&NOD=20,https://geodesy.noaa.gov/cgi-cors/CorsSidebarSelect.prl?site=MNJC&option=Logfile,8/2/2008,-93.2736111111,46.9780555556
MNJF,Minnesota Department of Transportation,5,Operational,MNDT,GPS+GAL+GLO,Hourly,https://geodesy.noaa.gov/CORS/ncn_station_pages/index.html?stationID=MNJF,https://geodesy.noaa.gov/DataAvailability/DAP.jsp?SiteID=MNJF&NOD=20,https://geodesy.noaa.gov/cgi-cors/CorsSidebarSelect.prl?site=MNJF&option=Logfile,3/30/2010,-95.1197222222,44.0833333333
MNKA,Minnesota Department of Transportation,5,Operational,MNDT,GPS+GAL+GLO,Hourly,https://geodesy.noaa.gov/CORS/ncn_station_pages/index.html?stationID=MNKA,https://geodesy.noaa.gov/DataAvailability/DAP.jsp?SiteID=MNKA&NOD=20,https://geodesy.noaa.gov/cgi-cors/CorsSidebarSelect.prl?site=MNKA&option=Logfile,6/30/2010,-95.0147222222,45.145
MNLC,Minnesota Department of Transportation,5,Operational,MNDT,GPS+GAL+GLO,Hourly,https://geodesy.noaa.gov/CORS/ncn_station_pages/index.html?stationID=MNLC,https://geodesy.noaa.gov/DataAvailability/DAP.jsp?SiteID=MNLC&NOD=20,https://geodesy.noaa.gov/cgi-cors/CorsSidebarSelect.prl?site=MNLC&option=Logfile,12/1/2005,-93.2922222222,44.4780555556
MNLK,Minnesota Department of Transportation,5,Operational,MNDT,GPS+GAL+GLO,Hourly,https://geodesy.noaa.gov/CORS/ncn_station_pages/index.html?stationID=MNLK,https://geodesy.noaa.gov/DataAvailability/DAP.jsp?SiteID=MNLK&NOD=20,https://geodesy.noaa.gov/cgi-cors/CorsSidebarSelect.prl?site=MNLK&option=Logfile,1/1/2008,-95.1183333333,43.6386111111
MNLS,Minnesota Department of Transportation,5,Operational,MNDT,GPS+GAL+GLO,Hourly,https://geodesy.noaa.gov/CORS/ncn_station_pages/index.html?stationID=MNLS,https://geodesy.noaa.gov/DataAvailability/DAP.jsp?SiteID=MNLS&NOD=20,https://geodesy.noaa.gov/cgi-cors/CorsSidebarSelect.prl?site=MNLS&option=Logfile,9/24/2003,-93.9066666667,44.4411111111
MNMC,UNAVCO-PBO,15,Non-Operational,UNAVPB,GPS,Daily,https://geodesy.noaa.gov/CORS/ncn_station_pages/index.html?stationID=MNMC,https://geodesy.noaa.gov/DataAvailability/DAP.jsp?SiteID=MNMC&NOD=20,https://geodesy.noaa.gov/cgi-cors/CorsSidebarSelect.prl?site=MNMC&option=Logfile,1/1/2011,-120.4338888889,35.9694444444
MNME,Minnesota Department of Transportation,5,Operational,MNDT,GPS+GAL+GLO,Hourly,https://geodesy.noaa.gov/CORS/ncn_station_pages/index.html?stationID=MNME,https://geodesy.noaa.gov/DataAvailability/DAP.jsp?SiteID=MNME&NOD=20,https://geodesy.noaa.gov/cgi-cors/CorsSidebarSelect.prl?site=MNME&option=Logfile,11/2/2010,-94.5291666667,45.1294444444
MNMG,Minnesota Department of Transportation,5,Operational,MNDT,GPS+GAL+GLO,Hourly,https://geodesy.noaa.gov/CORS/ncn_station_pages/index.html?stationID=MNMG,https://geodesy.noaa.gov/DataAvailability/DAP.jsp?SiteID=MNMG&NOD=20,https://geodesy.noaa.gov/cgi-cors/CorsSidebarSelect.prl?site=MNMG&option=Logfile,8/16/2011,-93.8783333333,48.1344444444
MNMN,Minnesota Department of Transportation,5,Operational,MNDT,GPS+GAL+GLO,Hourly,https://geodesy.noaa.gov/CORS/ncn_station_pages/index.html?stationID=MNMN,https://geodesy.noaa.gov/DataAvailability/DAP.jsp?SiteID=MNMN&NOD=20,https://geodesy.noaa.gov/cgi-cors/CorsSidebarSelect.prl?site=MNMN&option=Logfile,4/29/2010,-94.9955555556,44.5444444444
MNMR,Minnesota Department of Transportation,5,Operational,MNDT,GPS+GAL+GLO,Hourly,https://geodesy.noaa.gov/CORS/ncn_station_pages/index.html?stationID=MNMR,https://geodesy.noaa.gov/DataAvailability/DAP.jsp?SiteID=MNMR&NOD=20,https://geodesy.noaa.gov/cgi-cors/CorsSidebarSelect.prl?site=MNMR&option=Logfile,6/17/2010,-96.4419444444,44.9361111111
MNMS,Minnesota Department of Transportation,5,Operational,MNDT,GPS+GAL+GLO,Hourly,https://geodesy.noaa.gov/CORS/ncn_station_pages/index.html?stationID=MNMS,https://geodesy.noaa.gov/DataAvailability/DAP.jsp?SiteID=MNMS&NOD=20,https://geodesy.noaa.gov/cgi-cors/CorsSidebarSelect.prl?site=MNMS&option=Logfile,7/8/2010,-95.7955555556,44.4636111111
MNOK,Minnesota Department of Transportation,5,Operational,MNDT,GPS+GAL+GLO,Hourly,https://geodesy.noaa.gov/CORS/ncn_station_pages/index.html?stationID=MNOK,https://geodesy.noaa.gov/DataAvailability/DAP.jsp?SiteID=MNOK&NOD=20,https://geodesy.noaa.gov/cgi-cors/CorsSidebarSelect.prl?site=MNOK&option=Logfile,6/8/2010,-92.9633333333,44.9988888889
MNPS,Minnesota Department of Transportation,5,Operational,MNDT,GPS+GAL+GLO,Hourly,https://geodesy.noaa.gov/CORS/ncn_station_pages/index.html?stationID=MNPS,https://geodesy.noaa.gov/DataAvailability/DAP.jsp?SiteID=MNPS&NOD=20,https://geodesy.noaa.gov/cgi-cors/CorsSidebarSelect.prl?site=MNPS&option=Logfile,11/10/2011,-91.885,43.5147222222
MNRE,Minnesota Department of Transportation,5,Operational,MNDT,GPS+GAL+GLO,Hourly,https://geodesy.noaa.gov/CORS/ncn_station_pages/index.html?stationID=MNRE,https://geodesy.noaa.gov/DataAvailability/DAP.jsp?SiteID=MNRE&NOD=20,https://geodesy.noaa.gov/cgi-cors/CorsSidebarSelect.prl?site=MNRE&option=Logfile,2/23/2011,-93.9066666667,47.0583333333
MNRM,Minnesota Department of Transportation,5,Operational,MNDT,GPS+GAL+GLO,Hourly,https://geodesy.noaa.gov/CORS/ncn_station_pages/index.html?stationID=MNRM,https://geodesy.noaa.gov/DataAvailability/DAP.jsp?SiteID=MNRM&NOD=20,https://geodesy.noaa.gov/cgi-cors/CorsSidebarSelect.prl?site=MNRM&option=Logfile,8/2/2008,-95.77,43.6372222222
MNRT,Minnesota Department of Transportation,5,Operational,MNDT,GPS+GAL+GLO,Hourly,https://geodesy.noaa.gov/CORS/ncn_station_pages/index.html?stationID=MNRT,https://geodesy.noaa.gov/DataAvailability/DAP.jsp?SiteID=MNRT&NOD=20,https://geodesy.noaa.gov/cgi-cors/CorsSidebarSelect.prl?site=MNRT&option=Logfile,8/2/2008,-96.2911111111,46.4902777778
MNRV,Minnesota Department of Transportation,5,Operational,MNDT,GPS+GAL+GLO,Hourly,https://geodesy.noaa.gov/CORS/ncn_station_pages/index.html?stationID=MNRV,https://geodesy.noaa.gov/DataAvailability/DAP.jsp?SiteID=MNRV&NOD=20,https://geodesy.noaa.gov/cgi-cors/CorsSidebarSelect.prl?site=MNRV&option=Logfile,7/7/2010,-95.0511111111,48.7891666667
MNSB,Minnesota Department of Transportation,5,Operational,MNDT,GPS+GAL+GLO,Hourly,https://geodesy.noaa.gov/CORS/ncn_station_pages/index.html?stationID=MNSB,https://geodesy.noaa.gov/DataAvailability/DAP.jsp?SiteID=MNSB&NOD=20,https://geodesy.noaa.gov/cgi-cors/CorsSidebarSelect.prl?site=MNSB&option=Logfile,8/2/2008,-95.5619444444,45.4880555556
MNSC,Minnesota Department of Transportation,5,Operational,MNDT,GPS+GAL+GLO,Hourly,https://geodesy.noaa.gov/CORS/ncn_station_pages/index.html?stationID=MNSC,https://geodesy.noaa.gov/DataAvailability/DAP.jsp?SiteID=MNSC&NOD=20,https://geodesy.noaa.gov/cgi-cors/CorsSidebarSelect.prl?site=MNSC&option=Logfile,8/2/2008,-94.9311111111,45.7127777778
MNSQ,Minnesota Department of Transportation,5,Operational,MNDT,GPS+GAL+GLO,Hourly,https://geodesy.noaa.gov/CORS/ncn_station_pages/index.html?stationID=MNSQ,https://geodesy.noaa.gov/DataAvailability/DAP.jsp?SiteID=MNSQ&NOD=20,https://geodesy.noaa.gov/cgi-cors/CorsSidebarSelect.prl?site=MNSQ&option=Logfile,5/4/2011,-94.1266666667,47.6036111111
MNSV,Minnesota Department of Transportation,5,Operational,MNDT,GPS+GAL+GLO,Hourly,https://geodesy.noaa.gov/CORS/ncn_station_pages/index.html?stationID=MNSV,https://geodesy.noaa.gov/DataAvailability/DAP.jsp?SiteID=MNSV&NOD=20,https://geodesy.noaa.gov/cgi-cors/CorsSidebarSelect.prl?site=MNSV&option=Logfile,4/16/2010,-92.4819444444,43.9025
MNTF,Minnesota Department of Transportation,5,Operational,MNDT,GPS+GAL+GLO,Hourly,https://geodesy.noaa.gov/CORS/ncn_station_pages/index.html?stationID=MNTF,https://geodesy.noaa.gov/DataAvailability/DAP.jsp?SiteID=MNTF&NOD=20,https://geodesy.noaa.gov/cgi-cors/CorsSidebarSelect.prl?site=MNTF&option=Logfile,10/31/2009,-96.2072222222,48.1188888889
MNVI,Minnesota Department of Transportation,5,Operational,MNDT,GPS+GAL+GLO,Hourly,https://geodesy.noaa.gov/CORS/ncn_station_pages/index.html?stationID=MNVI,https://geodesy.noaa.gov/DataAvailability/DAP.jsp?SiteID=MNVI&NOD=20,https://geodesy.noaa.gov/cgi-cors/CorsSidebarSelect.prl?site=MNVI&option=Logfile,8/2/2008,-92.5613888889,47.5230555556
MNVN,Minnesota Department of Transportation,5,Operational,MNDT,GPS+GAL+GLO,Hourly,https://geodesy.noaa.gov/CORS/ncn_station_pages/index.html?stationID=MNVN,https://geodesy.noaa.gov/DataAvailability/DAP.jsp?SiteID=MNVN&NOD=20,https://geodesy.noaa.gov/cgi-cors/CorsSidebarSelect.prl?site=MNVN&option=Logfile,8/2/2008,-95.0544444444,46.4133333333
MNVT,Minnesota Department of Transportation,5,Operational,MNDT,GPS+GAL+GLO,Hourly,https://geodesy.noaa.gov/CORS/ncn_station_pages/index.html?stationID=MNVT,https://geodesy.noaa.gov/DataAvailability/DAP.jsp?SiteID=MNVT&NOD=20,https://geodesy.noaa.gov/cgi-cors/CorsSidebarSelect.prl?site=MNVT&option=Logfile,6/23/2010,-97.2013888889,48.9708333333
MNWH,Minnesota Department of Transportation,5,Operational,MNDT,GPS+GAL+GLO,Hourly,https://geodesy.noaa.gov/CORS/ncn_station_pages/index.html?stationID=MNWH,https://geodesy.noaa.gov/DataAvailability/DAP.jsp?SiteID=MNWH&NOD=20,https://geodesy.noaa.gov/cgi-cors/CorsSidebarSelect.prl?site=MNWH&option=Logfile,2/17/2012,-94.5119444444,48.15
MNWN,Minnesota Department of Transportation,5,Operational,MNDT,GPS+GAL+GLO,Hourly,https://geodesy.noaa.gov/CORS/ncn_station_pages/index.html?stationID=MNWN,https://geodesy.noaa.gov/DataAvailability/DAP.jsp?SiteID=MNWN&NOD=20,https://geodesy.noaa.gov/cgi-cors/CorsSidebarSelect.prl?site=MNWN&option=Logfile,6/30/2009,-91.7125,44.065
MOA2,Missouri Department of Transportation,1,Operational,MODT,GPS+GLO,Hourly,https://geodesy.noaa.gov/CORS/ncn_station_pages/index.html?stationID=MOA2,https://geodesy.noaa.gov/DataAvailability/DAP.jsp?SiteID=MOA2&NOD=20,https://geodesy.noaa.gov/cgi-cors/CorsSidebarSelect.prl?site=MOA2&option=Logfile,2/3/2012,-94.4383333333,36.6841666667
MOAL,Missouri Department of Transportation,1,Operational,MODT,GPS+GLO,Hourly,https://geodesy.noaa.gov/CORS/ncn_station_pages/index.html?stationID=MOAL,https://geodesy.noaa.gov/DataAvailability/DAP.jsp?SiteID=MOAL&NOD=20,https://geodesy.noaa.gov/cgi-cors/CorsSidebarSelect.prl?site=MOAL&option=Logfile,10/9/2010,-94.2994444444,40.2555555556
MOAT,Missouri Department of Transportation,1,Operational,MODT,GPS+GLO,Hourly,https://geodesy.noaa.gov/CORS/ncn_station_pages/index.html?stationID=MOAT,https://geodesy.noaa.gov/DataAvailability/DAP.jsp?SiteID=MOAT&NOD=20,https://geodesy.noaa.gov/cgi-cors/CorsSidebarSelect.prl?site=MOAT&option=Logfile,1/25/2012,-91.3766666667,36.6891666667
MOB3,Missouri Department of Transportation,1,Operational,MODT,GPS+GLO,Hourly,https://geodesy.noaa.gov/CORS/ncn_station_pages/index.html?stationID=MOB3,https://geodesy.noaa.gov/DataAvailability/DAP.jsp?SiteID=MOB3&NOD=20,https://geodesy.noaa.gov/cgi-cors/CorsSidebarSelect.prl?site=MOB3&option=Logfile,12/2/2021,-91.2358333333,39.3466666667
MOB4,Missouri Department of Transportation,1,Operational,MODT,GPS+GLO,Hourly,https://geodesy.noaa.gov/CORS/ncn_station_pages/index.html?stationID=MOB4,https://geodesy.noaa.gov/DataAvailability/DAP.jsp?SiteID=MOB4&NOD=20,https://geodesy.noaa.gov/cgi-cors/CorsSidebarSelect.prl?site=MOB4&option=Logfile,12/30/2022,-94.5005555556,38.8058333333
MOBE,Missouri Department of Transportation,1,Operational,MODT,GPS+GLO,Hourly,https://geodesy.noaa.gov/CORS/ncn_station_pages/index.html?stationID=MOBE,https://geodesy.noaa.gov/DataAvailability/DAP.jsp?SiteID=MOBE&NOD=20,https://geodesy.noaa.gov/cgi-cors/CorsSidebarSelect.prl?site=MOBE&option=Logfile,10/8/2011,-91.2155555556,37.4552777778
MOBF,Missouri Department of Transportation,1,Operational,MODT,GPS+GLO,Hourly,https://geodesy.noaa.gov/CORS/ncn_station_pages/index.html?stationID=MOBF,https://geodesy.noaa.gov/DataAvailability/DAP.jsp?SiteID=MOBF&NOD=20,https://geodesy.noaa.gov/cgi-cors/CorsSidebarSelect.prl?site=MOBF&option=Logfile,1/11/2012,-90.2463888889,38.7641666667
MOBO,Missouri Department of Transportation,1,Operational,MODT,GPS+GLO,Hourly,https://geodesy.noaa.gov/CORS/ncn_station_pages/index.html?stationID=MOBO,https://geodesy.noaa.gov/DataAvailability/DAP.jsp?SiteID=MOBO&NOD=20,https://geodesy.noaa.gov/cgi-cors/CorsSidebarSelect.prl?site=MOBO&option=Logfile,1/27/2012,-92.7786111111,38.9311111111
MOBR,Missouri Department of Transportation,1,Operational,MODT,GPS+GLO,Hourly,https://geodesy.noaa.gov/CORS/ncn_station_pages/index.html?stationID=MOBR,https://geodesy.noaa.gov/DataAvailability/DAP.jsp?SiteID=MOBR&NOD=20,https://geodesy.noaa.gov/cgi-cors/CorsSidebarSelect.prl?site=MOBR&option=Logfile,11/13/2009,-93.2230555556,36.7097222222
MOBT,Missouri Department of Transportation,1,Operational,MODT,GPS+GLO,Hourly,https://geodesy.noaa.gov/CORS/ncn_station_pages/index.html?stationID=MOBT,https://geodesy.noaa.gov/DataAvailability/DAP.jsp?SiteID=MOBT&NOD=20,https://geodesy.noaa.gov/cgi-cors/CorsSidebarSelect.prl?site=MOBT&option=Logfile,2/11/2010,-94.3933333333,38.2572222222
MOBU,Missouri Department of Transportation,1,Operational,MODT,GPS+GLO,Hourly,https://geodesy.noaa.gov/CORS/ncn_station_pages/index.html?stationID=MOBU,https://geodesy.noaa.gov/DataAvailability/DAP.jsp?SiteID=MOBU&NOD=20,https://geodesy.noaa.gov/cgi-cors/CorsSidebarSelect.prl?site=MOBU&option=Logfile,10/23/2010,-93.1027777778,37.6597222222
MOBW,Missouri Department of Transportation,1,Operational,MODT,GPS+GLO,Hourly,https://geodesy.noaa.gov/CORS/ncn_station_pages/index.html?stationID=MOBW,https://geodesy.noaa.gov/DataAvailability/DAP.jsp?SiteID=MOBW&NOD=20,https://geodesy.noaa.gov/cgi-cors/CorsSidebarSelect.prl?site=MOBW&option=Logfile,1/12/2010,-90.7438888889,37.7047222222
MOCA,Missouri Department of Transportation,1,Operational,MODT,GPS+GLO,Hourly,https://geodesy.noaa.gov/CORS/ncn_station_pages/index.html?stationID=MOCA,https://geodesy.noaa.gov/DataAvailability/DAP.jsp?SiteID=MOCA&NOD=20,https://geodesy.noaa.gov/cgi-cors/CorsSidebarSelect.prl?site=MOCA&option=Logfile,11/13/2009,-94.3575,37.1775
MOCD,Missouri Department of Transportation,1,Operational,MODT,GPS+GLO,Hourly,https://geodesy.noaa.gov/CORS/ncn_station_pages/index.html?stationID=MOCD,https://geodesy.noaa.gov/DataAvailability/DAP.jsp?SiteID=MOCD&NOD=20,https://geodesy.noaa.gov/cgi-cors/CorsSidebarSelect.prl?site=MOCD&option=Logfile,10/12/2010,-92.7730555556,38.0358333333
MOCE,Missouri Department of Transportation,1,Operational,MODT,GPS+GLO,Hourly,https://geodesy.noaa.gov/CORS/ncn_station_pages/index.html?stationID=MOCE,https://geodesy.noaa.gov/DataAvailability/DAP.jsp?SiteID=MOCE&NOD=20,https://geodesy.noaa.gov/cgi-cors/CorsSidebarSelect.prl?site=MOCE&option=Logfile,10/12/2010,-93.5388888889,39.7691666667
MOCH,Missouri Department of Transportation,1,Operational,MODT,GPS+GLO,Hourly,https://geodesy.noaa.gov/CORS/ncn_station_pages/index.html?stationID=MOCH,https://geodesy.noaa.gov/DataAvailability/DAP.jsp?SiteID=MOCH&NOD=20,https://geodesy.noaa.gov/cgi-cors/CorsSidebarSelect.prl?site=MOCH&option=Logfile,10/12/2010,-89.3186111111,36.9180555556
MOCL,Missouri Department of Transportation,1,Operational,MODT,GPS+GLO,Hourly,https://geodesy.noaa.gov/CORS/ncn_station_pages/index.html?stationID=MOCL,https://geodesy.noaa.gov/DataAvailability/DAP.jsp?SiteID=MOCL&NOD=20,https://geodesy.noaa.gov/cgi-cors/CorsSidebarSelect.prl?site=MOCL&option=Logfile,11/9/2010,-93.7558333333,38.3886111111
MOCN,Missouri Department of Transportation,1,Operational,MODT,GPS+GLO,Hourly,https://geodesy.noaa.gov/CORS/ncn_station_pages/index.html?stationID=MOCN,https://geodesy.noaa.gov/DataAvailability/DAP.jsp?SiteID=MOCN&NOD=20,https://geodesy.noaa.gov/cgi-cors/CorsSidebarSelect.prl?site=MOCN&option=Logfile,2/7/2012,-91.5436111111,40.1433333333
MOCO,Missouri Department of Transportation,1,Operational,MODT,GPS+GLO,Hourly,https://geodesy.noaa.gov/CORS/ncn_station_pages/index.html?stationID=MOCO,https://geodesy.noaa.gov/DataAvailability/DAP.jsp?SiteID=MOCO&NOD=20,https://geodesy.noaa.gov/cgi-cors/CorsSidebarSelect.prl?site=MOCO&option=Logfile,10/7/2011,-92.2844444444,38.9922222222
MOCR,Missouri Department of Transportation,1,Operational,MODT,GPS+GLO,Hourly,https://geodesy.noaa.gov/CORS/ncn_station_pages/index.html?stationID=MOCR,https://geodesy.noaa.gov/DataAvailability/DAP.jsp?SiteID=MOCR&NOD=20,https://geodesy.noaa.gov/cgi-cors/CorsSidebarSelect.prl?site=MOCR&option=Logfile,1/12/2012,-94.2311111111,39.7466666667
MOCS,Missouri Department of Transportation,1,Operational,MODT,GPS+GLO,Hourly,https://geodesy.noaa.gov/CORS/ncn_station_pages/index.html?stationID=MOCS,https://geodesy.noaa.gov/DataAvailability/DAP.jsp?SiteID=MOCS&NOD=20,https://geodesy.noaa.gov/cgi-cors/CorsSidebarSelect.prl?site=MOCS&option=Logfile,7/29/2010,-93.9055555556,36.6466666667
MODB,Berkeley Seismological Laboratory,1,Operational,BSL,GPS+GLO,Daily,https://geodesy.noaa.gov/CORS/ncn_station_pages/index.html?stationID=MODB,https://geodesy.noaa.gov/DataAvailability/DAP.jsp?SiteID=MODB&NOD=20,https://geodesy.noaa.gov/cgi-cors/CorsSidebarSelect.prl?site=MODB&option=Logfile,7/22/2008,-120.3027777778,41.9022222222
MODP,Missouri Department of Transportation,1,Operational,MODT,GPS+GLO,Hourly,https://geodesy.noaa.gov/CORS/ncn_station_pages/index.html?stationID=MODP,https://geodesy.noaa.gov/DataAvailability/DAP.jsp?SiteID=MODP&NOD=20,https://geodesy.noaa.gov/cgi-cors/CorsSidebarSelect.prl?site=MODP&option=Logfile,5/27/2014,-90.7977777778,36.645
MODR,Missouri Department of Transportation,1,Operational,MODT,GPS+GLO,Hourly,https://geodesy.noaa.gov/CORS/ncn_station_pages/index.html?stationID=MODR,https://geodesy.noaa.gov/DataAvailability/DAP.jsp?SiteID=MODR&NOD=20,https://geodesy.noaa.gov/cgi-cors/CorsSidebarSelect.prl?site=MODR&option=Logfile,12/29/2009,-91.465,38.4625
MODX,Missouri Department of Transportation,1,Operational,MODT,GPS+GLO,Hourly,https://geodesy.noaa.gov/CORS/ncn_station_pages/index.html?stationID=MODX,https://geodesy.noaa.gov/DataAvailability/DAP.jsp?SiteID=MODX&NOD=20,https://geodesy.noaa.gov/cgi-cors/CorsSidebarSelect.prl?site=MODX&option=Logfile,11/2/2010,-89.9783333333,36.8066666667
MOEB,Missouri Department of Transportation,1,Operational,MODT,GPS+GLO,Hourly,https://geodesy.noaa.gov/CORS/ncn_station_pages/index.html?stationID=MOEB,https://geodesy.noaa.gov/DataAvailability/DAP.jsp?SiteID=MOEB&NOD=20,https://geodesy.noaa.gov/cgi-cors/CorsSidebarSelect.prl?site=MOEB&option=Logfile,1/5/2012,-90.7875,39.1788888889
MOED,Missouri Department of Transportation,1,Operational,MODT,GPS+GLO,Hourly,https://geodesy.noaa.gov/CORS/ncn_station_pages/index.html?stationID=MOED,https://geodesy.noaa.gov/DataAvailability/DAP.jsp?SiteID=MOED&NOD=20,https://geodesy.noaa.gov/cgi-cors/CorsSidebarSelect.prl?site=MOED&option=Logfile,10/23/2010,-92.175,40.1863888889
MOEL,Missouri Department of Transportation,1,Operational,MODT,GPS+GLO,Hourly,https://geodesy.noaa.gov/CORS/ncn_station_pages/index.html?stationID=MOEL,https://geodesy.noaa.gov/DataAvailability/DAP.jsp?SiteID=MOEL&NOD=20,https://geodesy.noaa.gov/cgi-cors/CorsSidebarSelect.prl?site=MOEL&option=Logfile,11/28/2009,-92.5952777778,38.3469444444
MOFE,Missouri Department of Transportation,1,Operational,MODT,GPS+GLO,Hourly,https://geodesy.noaa.gov/CORS/ncn_station_pages/index.html?stationID=MOFE,https://geodesy.noaa.gov/DataAvailability/DAP.jsp?SiteID=MOFE&NOD=20,https://geodesy.noaa.gov/cgi-cors/CorsSidebarSelect.prl?site=MOFE&option=Logfile,11/13/2009,-90.3891666667,38.1947222222
MOFL,Missouri Department of Transportation,1,Operational,MODT,GPS+GLO,Hourly,https://geodesy.noaa.gov/CORS/ncn_station_pages/index.html?stationID=MOFL,https://geodesy.noaa.gov/DataAvailability/DAP.jsp?SiteID=MOFL&NOD=20,https://geodesy.noaa.gov/cgi-cors/CorsSidebarSelect.prl?site=MOFL&option=Logfile,10/23/2023,-91.9769444444,38.8491666667
MOGF,Missouri Department of Transportation,1,Operational,MODT,GPS+GLO,Hourly,https://geodesy.noaa.gov/CORS/ncn_station_pages/index.html?stationID=MOGF,https://geodesy.noaa.gov/DataAvailability/DAP.jsp?SiteID=MOGF&NOD=20,https://geodesy.noaa.gov/cgi-cors/CorsSidebarSelect.prl?site=MOGF&option=Logfile,7/31/2010,-93.8461111111,37.4291666667
MOGV,Missouri Department of Transportation,1,Operational,MODT,GPS+GLO,Hourly,https://geodesy.noaa.gov/CORS/ncn_station_pages/index.html?stationID=MOGV,https://geodesy.noaa.gov/DataAvailability/DAP.jsp?SiteID=MOGV&NOD=20,https://geodesy.noaa.gov/cgi-cors/CorsSidebarSelect.prl?site=MOGV&option=Logfile,3/10/2024,-92.4376793472,36.6003147194
MOHL,Missouri Department of Transportation,1,Operational,MODT,GPS+GLO,Hourly,https://geodesy.noaa.gov/CORS/ncn_station_pages/index.html?stationID=MOHL,https://geodesy.noaa.gov/DataAvailability/DAP.jsp?SiteID=MOHL&NOD=20,https://geodesy.noaa.gov/cgi-cors/CorsSidebarSelect.prl?site=MOHL&option=Logfile,10/18/2010,-91.4013888889,39.6952777778
MOHS,Missouri Department of Transportation,1,Operational,MODT,GPS+GLO,Hourly,https://geodesy.noaa.gov/CORS/ncn_station_pages/index.html?stationID=MOHS,https://geodesy.noaa.gov/DataAvailability/DAP.jsp?SiteID=MOHS&NOD=20,https://geodesy.noaa.gov/cgi-cors/CorsSidebarSelect.prl?site=MOHS&option=Logfile,1/5/2011,-91.9397222222,37.3380555556
MOHT,Missouri Department of Transportation,1,Operational,MODT,GPS+GLO,Hourly,https://geodesy.noaa.gov/CORS/ncn_station_pages/index.html?stationID=MOHT,https://geodesy.noaa.gov/DataAvailability/DAP.jsp?SiteID=MOHT&NOD=20,https://geodesy.noaa.gov/cgi-cors/CorsSidebarSelect.prl?site=MOHT&option=Logfile,1/5/2012,-89.7280555556,36.2436111111
MOHV,Missouri Department of Transportation,1,Operational,MODT,GPS+GLO,Hourly,https://geodesy.noaa.gov/CORS/ncn_station_pages/index.html?stationID=MOHV,https://geodesy.noaa.gov/DataAvailability/DAP.jsp?SiteID=MOHV&NOD=20,https://geodesy.noaa.gov/cgi-cors/CorsSidebarSelect.prl?site=MOHV&option=Logfile,10/14/2010,-94.32,38.6091666667
MOIP,Missouri Department of Transportation,1,Operational,MODT,GPS+GLO,Hourly,https://geodesy.noaa.gov/CORS/ncn_station_pages/index.html?stationID=MOIP,https://geodesy.noaa.gov/DataAvailability/DAP.jsp?SiteID=MOIP&NOD=20,https://geodesy.noaa.gov/cgi-cors/CorsSidebarSelect.prl?site=MOIP&option=Logfile,2/9/2020,-94.3872222222,39.1216666667
MOJC,Missouri Department of Transportation,1,Operational,MODT,GPS+GLO,Hourly,https://geodesy.noaa.gov/CORS/ncn_station_pages/index.html?stationID=MOJC,https://geodesy.noaa.gov/DataAvailability/DAP.jsp?SiteID=MOJC&NOD=20,https://geodesy.noaa.gov/cgi-cors/CorsSidebarSelect.prl?site=MOJC&option=Logfile,11/13/2009,-92.2944444444,38.5797222222
MOJK,Missouri Department of Transportation,1,Operational,MODT,GPS+GLO,Hourly,https://geodesy.noaa.gov/CORS/ncn_station_pages/index.html?stationID=MOJK,https://geodesy.noaa.gov/DataAvailability/DAP.jsp?SiteID=MOJK&NOD=20,https://geodesy.noaa.gov/cgi-cors/CorsSidebarSelect.prl?site=MOJK&option=Logfile,2/19/2010,-89.65,37.4122222222
MOKE,Missouri Department of Transportation,1,Operational,MODT,GPS+GLO,Hourly,https://geodesy.noaa.gov/CORS/ncn_station_pages/index.html?stationID=MOKE,https://geodesy.noaa.gov/DataAvailability/DAP.jsp?SiteID=MOKE&NOD=20,https://geodesy.noaa.gov/cgi-cors/CorsSidebarSelect.prl?site=MOKE&option=Logfile,2/11/2010,-90.0733333333,36.2213888889
MOKV,Missouri Department of Transportation,1,Operational,MODT,GPS+GLO,Hourly,https://geodesy.noaa.gov/CORS/ncn_station_pages/index.html?stationID=MOKV,https://geodesy.noaa.gov/DataAvailability/DAP.jsp?SiteID=MOKV&NOD=20,https://geodesy.noaa.gov/cgi-cors/CorsSidebarSelect.prl?site=MOKV&option=Logfile,9/7/2010,-92.9316666667,39.4319444444
MOM2,Missouri Department of Transportation,1,Operational,MODT,GPS+GLO,Hourly,https://geodesy.noaa.gov/CORS/ncn_station_pages/index.html?stationID=MOM2,https://geodesy.noaa.gov/DataAvailability/DAP.jsp?SiteID=MOM2&NOD=20,https://geodesy.noaa.gov/cgi-cors/CorsSidebarSelect.prl?site=MOM2&option=Logfile,11/2/2021,-93.2161111111,39.1186111111
MOMC,Missouri Department of Transportation,1,Operational,MODT,GPS+GLO,Hourly,https://geodesy.noaa.gov/CORS/ncn_station_pages/index.html?stationID=MOMC,https://geodesy.noaa.gov/DataAvailability/DAP.jsp?SiteID=MOMC&NOD=20,https://geodesy.noaa.gov/cgi-cors/CorsSidebarSelect.prl?site=MOMC&option=Logfile,1/13/2012,-91.8291666667,39.1616666667
MOMF,Missouri Department of Transportation,1,Operational,MODT,GPS+GLO,Hourly,https://geodesy.noaa.gov/CORS/ncn_station_pages/index.html?stationID=MOMF,https://geodesy.noaa.gov/DataAvailability/DAP.jsp?SiteID=MOMF&NOD=20,https://geodesy.noaa.gov/cgi-cors/CorsSidebarSelect.prl?site=MOMF&option=Logfile,1/5/2012,-92.9502777778,37.3458333333
MOMG,Missouri Department of Transportation,1,Operational,MODT,GPS+GLO,Hourly,https://geodesy.noaa.gov/CORS/ncn_station_pages/index.html?stationID=MOMG,https://geodesy.noaa.gov/DataAvailability/DAP.jsp?SiteID=MOMG&NOD=20,https://geodesy.noaa.gov/cgi-cors/CorsSidebarSelect.prl?site=MOMG&option=Logfile,10/15/2010,-92.3108333333,37.1308333333
MOML,Missouri Department of Transportation,1,Operational,MODT,GPS+GLO,Hourly,https://geodesy.noaa.gov/CORS/ncn_station_pages/index.html?stationID=MOML,https://geodesy.noaa.gov/DataAvailability/DAP.jsp?SiteID=MOML&NOD=20,https://geodesy.noaa.gov/cgi-cors/CorsSidebarSelect.prl?site=MOML&option=Logfile,1/14/2012,-93.1158333333,40.2102777778
MOMO,Missouri Department of Transportation,1,Operational,MODT,GPS+GLO,Hourly,https://geodesy.noaa.gov/CORS/ncn_station_pages/index.html?stationID=MOMO,https://geodesy.noaa.gov/DataAvailability/DAP.jsp?SiteID=MOMO&NOD=20,https://geodesy.noaa.gov/cgi-cors/CorsSidebarSelect.prl?site=MOMO&option=Logfile,10/25/2010,-93.9830555556,36.9166666667
MOMV,Missouri Department of Transportation,1,Operational,MODT,GPS+GLO,Hourly,https://geodesy.noaa.gov/CORS/ncn_station_pages/index.html?stationID=MOMV,https://geodesy.noaa.gov/DataAvailability/DAP.jsp?SiteID=MOMV&NOD=20,https://geodesy.noaa.gov/cgi-cors/CorsSidebarSelect.prl?site=MOMV&option=Logfile,9/24/2010,-94.8466666667,40.3580555556
MONC,Missouri Department of Transportation,1,Operational,MODT,GPS+GLO,Hourly,https://geodesy.noaa.gov/CORS/ncn_station_pages/index.html?stationID=MONC,https://geodesy.noaa.gov/DataAvailability/DAP.jsp?SiteID=MONC&NOD=20,https://geodesy.noaa.gov/cgi-cors/CorsSidebarSelect.prl?site=MONC&option=Logfile,10/19/2010,-92.7427777778,39.7586111111
MONE,Missouri Department of Transportation,1,Operational,MODT,GPS+GLO,Hourly,https://geodesy.noaa.gov/CORS/ncn_station_pages/index.html?stationID=MONE,https://geodesy.noaa.gov/DataAvailability/DAP.jsp?SiteID=MONE&NOD=20,https://geodesy.noaa.gov/cgi-cors/CorsSidebarSelect.prl?site=MONE&option=Logfile,10/19/2010,-94.3494444444,37.8655555556
MONF,Missouri Department of Transportation,1,Operational,MODT,GPS+GLO,Hourly,https://geodesy.noaa.gov/CORS/ncn_station_pages/index.html?stationID=MONF,https://geodesy.noaa.gov/DataAvailability/DAP.jsp?SiteID=MONF&NOD=20,https://geodesy.noaa.gov/cgi-cors/CorsSidebarSelect.prl?site=MONF&option=Logfile,2/22/2012,-92.3425,37.5719444444
MONP,Scripps Orbit and Permanent Array Center,1,Operational,SOPAC,GPS+GLO,Daily,https://geodesy.noaa.gov/CORS/ncn_station_pages/index.html?stationID=MONP,https://geodesy.noaa.gov/DataAvailability/DAP.jsp?SiteID=MONP&NOD=20,https://geodesy.noaa.gov/cgi-cors/CorsSidebarSelect.prl?site=MONP&option=Logfile,6/4/1998,-116.4222222222,32.8916666667
MOOA,Missouri Department of Transportation,1,Operational,MODT,GPS+GLO,Hourly,https://geodesy.noaa.gov/CORS/ncn_station_pages/index.html?stationID=MOOA,https://geodesy.noaa.gov/DataAvailability/DAP.jsp?SiteID=MOOA&NOD=20,https://geodesy.noaa.gov/cgi-cors/CorsSidebarSelect.prl?site=MOOA&option=Logfile,10/31/2021,-93.685,38.0413888889
MOOF,Missouri Department of Transportation,1,Operational,MODT,GPS+GLO,Hourly,https://geodesy.noaa.gov/CORS/ncn_station_pages/index.html?stationID=MOOF,https://geodesy.noaa.gov/DataAvailability/DAP.jsp?SiteID=MOOF&NOD=20,https://geodesy.noaa.gov/cgi-cors/CorsSidebarSelect.prl?site=MOOF&option=Logfile,10/27/2010,-90.6955555556,38.7538888889
MOON,Louisiana State University,1,Operational,LASU,GPS+GAL+GLO,Hourly,https://geodesy.noaa.gov/CORS/ncn_station_pages/index.html?stationID=MOON,https://geodesy.noaa.gov/DataAvailability/DAP.jsp?SiteID=MOON&NOD=20,https://geodesy.noaa.gov/cgi-cors/CorsSidebarSelect.prl?site=MOON&option=Logfile,10/27/2023,-89.9127777778,30.0227777778
MOPL,Missouri Department of Transportation,1,Operational,MODT,GPS+GLO,Hourly,https://geodesy.noaa.gov/CORS/ncn_station_pages/index.html?stationID=MOPL,https://geodesy.noaa.gov/DataAvailability/DAP.jsp?SiteID=MOPL&NOD=20,https://geodesy.noaa.gov/cgi-cors/CorsSidebarSelect.prl?site=MOPL&option=Logfile,1/4/2012,-94.7833333333,39.3844444444
MOPN,Missouri Department of Transportation,1,Operational,MODT,GPS+GLO,Hourly,https://geodesy.noaa.gov/CORS/ncn_station_pages/index.html?stationID=MOPN,https://geodesy.noaa.gov/DataAvailability/DAP.jsp?SiteID=MOPN&NOD=20,https://geodesy.noaa.gov/cgi-cors/CorsSidebarSelect.prl?site=MOPN&option=Logfile,7/6/2010,-93.5775,40.4172222222
MOPT,Missouri Department of Transportation,1,Operational,MODT,GPS+GLO,Hourly,https://geodesy.noaa.gov/CORS/ncn_station_pages/index.html?stationID=MOPT,https://geodesy.noaa.gov/DataAvailability/DAP.jsp?SiteID=MOPT&NOD=20,https://geodesy.noaa.gov/cgi-cors/CorsSidebarSelect.prl?site=MOPT&option=Logfile,10/6/2021,-90.0130555556,37.5241666667
MORH,Minnesota Department of Transportation,5,Operational,MNDT,GPS+GAL+GLO,Hourly,https://geodesy.noaa.gov/CORS/ncn_station_pages/index.html?stationID=MORH,https://geodesy.noaa.gov/DataAvailability/DAP.jsp?SiteID=MORH&NOD=20,https://geodesy.noaa.gov/cgi-cors/CorsSidebarSelect.prl?site=MORH&option=Logfile,1/9/2009,-96.7636111111,46.8841666667
MORM,Missouri Department of Transportation,1,Operational,MODT,GPS+GLO,Hourly,https://geodesy.noaa.gov/CORS/ncn_station_pages/index.html?stationID=MORM,https://geodesy.noaa.gov/DataAvailability/DAP.jsp?SiteID=MORM&NOD=20,https://geodesy.noaa.gov/cgi-cors/CorsSidebarSelect.prl?site=MORM&option=Logfile,1/5/2010,-93.9261111111,39.2775
MOSD,Missouri Department of Transportation,1,Operational,MODT,GPS+GLO,Hourly,https://geodesy.noaa.gov/CORS/ncn_station_pages/index.html?stationID=MOSD,https://geodesy.noaa.gov/DataAvailability/DAP.jsp?SiteID=MOSD&NOD=20,https://geodesy.noaa.gov/cgi-cors/CorsSidebarSelect.prl?site=MOSD&option=Logfile,1/12/2010,-93.2508333333,38.6919444444
MOSE,Missouri Department of Transportation,1,Operational,MODT,GPS+GLO,Hourly,https://geodesy.noaa.gov/CORS/ncn_station_pages/index.html?stationID=MOSE,https://geodesy.noaa.gov/DataAvailability/DAP.jsp?SiteID=MOSE&NOD=20,https://geodesy.noaa.gov/cgi-cors/CorsSidebarSelect.prl?site=MOSE&option=Logfile,10/14/2010,-92.7538888889,37.1555555556
MOSF,Missouri Department of Transportation,1,Operational,MODT,GPS+GLO,Hourly,https://geodesy.noaa.gov/CORS/ncn_station_pages/index.html?stationID=MOSF,https://geodesy.noaa.gov/DataAvailability/DAP.jsp?SiteID=MOSF&NOD=20,https://geodesy.noaa.gov/cgi-cors/CorsSidebarSelect.prl?site=MOSF&option=Logfile,8/28/2009,-93.2297222222,37.2416666667
MOSG,Missouri Department of Transportation,1,Operational,MODT,GPS+GLO,Hourly,https://geodesy.noaa.gov/CORS/ncn_station_pages/index.html?stationID=MOSG,https://geodesy.noaa.gov/DataAvailability/DAP.jsp?SiteID=MOSG&NOD=20,https://geodesy.noaa.gov/cgi-cors/CorsSidebarSelect.prl?site=MOSG&option=Logfile,10/8/2011,-90.1355555556,37.9372222222
MOSH,Missouri Department of Transportation,1,Operational,MODT,GPS+GLO,Hourly,https://geodesy.noaa.gov/CORS/ncn_station_pages/index.html?stationID=MOSH,https://geodesy.noaa.gov/DataAvailability/DAP.jsp?SiteID=MOSH&NOD=20,https://geodesy.noaa.gov/cgi-cors/CorsSidebarSelect.prl?site=MOSH&option=Logfile,10/20/2010,-92.0525,39.6983333333
MOSI,Seiler Instruments,5,Operational,SEILER,GPS+GAL+GLO,Daily,https://geodesy.noaa.gov/CORS/ncn_station_pages/index.html?stationID=MOSI,https://geodesy.noaa.gov/DataAvailability/DAP.jsp?SiteID=MOSI&NOD=20,https://geodesy.noaa.gov/cgi-cors/CorsSidebarSelect.prl?site=MOSI&option=Logfile,7/2/2009,-90.4611111111,38.5622222222
MOSL,Missouri Department of Transportation,1,Operational,MODT,GPS+GLO,Hourly,https://geodesy.noaa.gov/CORS/ncn_station_pages/index.html?stationID=MOSL,https://geodesy.noaa.gov/DataAvailability/DAP.jsp?SiteID=MOSL&NOD=20,https://geodesy.noaa.gov/cgi-cors/CorsSidebarSelect.prl?site=MOSL&option=Logfile,10/25/2011,-90.4644444444,37.1772222222
MOSR,Missouri Department of Transportation,1,Operational,MODT,GPS+GLO,Hourly,https://geodesy.noaa.gov/CORS/ncn_station_pages/index.html?stationID=MOSR,https://geodesy.noaa.gov/DataAvailability/DAP.jsp?SiteID=MOSR&NOD=20,https://geodesy.noaa.gov/cgi-cors/CorsSidebarSelect.prl?site=MOSR&option=Logfile,3/3/2010,-92.1541666667,37.8205555556
MOST,Missouri Department of Transportation,1,Operational,MODT,GPS+GLO,Hourly,https://geodesy.noaa.gov/CORS/ncn_station_pages/index.html?stationID=MOST,https://geodesy.noaa.gov/DataAvailability/DAP.jsp?SiteID=MOST&NOD=20,https://geodesy.noaa.gov/cgi-cors/CorsSidebarSelect.prl?site=MOST&option=Logfile,1/5/2010,-91.3425,37.9702777778
MOSV,Missouri Department of Transportation,1,Operational,MODT,GPS+GLO,Hourly,https://geodesy.noaa.gov/CORS/ncn_station_pages/index.html?stationID=MOSV,https://geodesy.noaa.gov/DataAvailability/DAP.jsp?SiteID=MOSV&NOD=20,https://geodesy.noaa.gov/cgi-cors/CorsSidebarSelect.prl?site=MOSV&option=Logfile,12/22/2010,-94.8475,39.9541666667
MOTK,Missouri Department of Transportation,1,Operational,MODT,GPS+GLO,Hourly,https://geodesy.noaa.gov/CORS/ncn_station_pages/index.html?stationID=MOTK,https://geodesy.noaa.gov/DataAvailability/DAP.jsp?SiteID=MOTK&NOD=20,https://geodesy.noaa.gov/cgi-cors/CorsSidebarSelect.prl?site=MOTK&option=Logfile,6/24/2014,-95.3511111111,40.4372222222
MOVB,Missouri Department of Transportation,1,Operational,MODT,GPS+GLO,Hourly,https://geodesy.noaa.gov/CORS/ncn_station_pages/index.html?stationID=MOVB,https://geodesy.noaa.gov/DataAvailability/DAP.jsp?SiteID=MOVB&NOD=20,https://geodesy.noaa.gov/cgi-cors/CorsSidebarSelect.prl?site=MOVB&option=Logfile,10/20/2010,-91.0602777778,36.96
MOVE,Missouri Department of Transportation,1,Operational,MODT,GPS+GLO,Hourly,https://geodesy.noaa.gov/CORS/ncn_station_pages/index.html?stationID=MOVE,https://geodesy.noaa.gov/DataAvailability/DAP.jsp?SiteID=MOVE&NOD=20,https://geodesy.noaa.gov/cgi-cors/CorsSidebarSelect.prl?site=MOVE&option=Logfile,11/24/2009,-91.9486111111,38.1913888889
MOWB,Missouri Department of Transportation,1,Operational,MODT,GPS+GLO,Hourly,https://geodesy.noaa.gov/CORS/ncn_station_pages/index.html?stationID=MOWB,https://geodesy.noaa.gov/DataAvailability/DAP.jsp?SiteID=MOWB&NOD=20,https://geodesy.noaa.gov/cgi-cors/CorsSidebarSelect.prl?site=MOWB&option=Logfile,9/25/2010,-93.7411111111,38.8144444444
MOWR,Missouri Department of Transportation,1,Operational,MODT,GPS+GLO,Hourly,https://geodesy.noaa.gov/CORS/ncn_station_pages/index.html?stationID=MOWR,https://geodesy.noaa.gov/DataAvailability/DAP.jsp?SiteID=MOWR&NOD=20,https://geodesy.noaa.gov/cgi-cors/CorsSidebarSelect.prl?site=MOWR&option=Logfile,11/27/2009,-91.1611111111,38.8144444444
MOWS,Missouri Department of Transportation,1,Operational,MODT,GPS+GLO,Hourly,https://geodesy.noaa.gov/CORS/ncn_station_pages/index.html?stationID=MOWS,https://geodesy.noaa.gov/DataAvailability/DAP.jsp?SiteID=MOWS&NOD=20,https://geodesy.noaa.gov/cgi-cors/CorsSidebarSelect.prl?site=MOWS&option=Logfile,11/13/2009,-91.9197222222,36.9697222222
MOWW,Missouri Department of Transportation,1,Operational,MODT,GPS+GLO,Hourly,https://geodesy.noaa.gov/CORS/ncn_station_pages/index.html?stationID=MOWW,https://geodesy.noaa.gov/DataAvailability/DAP.jsp?SiteID=MOWW&NOD=20,https://geodesy.noaa.gov/cgi-cors/CorsSidebarSelect.prl?site=MOWW&option=Logfile,10/21/2010,-93.3616666667,38.2533333333
MPLE,Michigan Department of Transportation,1,Operational,MIDT,GPS+GLO,Hourly,https://geodesy.noaa.gov/CORS/ncn_station_pages/index.html?stationID=MPLE,https://geodesy.noaa.gov/DataAvailability/DAP.jsp?SiteID=MPLE&NOD=20,https://geodesy.noaa.gov/cgi-cors/CorsSidebarSelect.prl?site=MPLE&option=Logfile,1/9/2002,-84.7616666667,43.615
MPR1,Federal Aviation Administration,1,Operational,FAA,GPS,Daily,https://geodesy.noaa.gov/CORS/ncn_station_pages/index.html?stationID=MPR1,https://geodesy.noaa.gov/DataAvailability/DAP.jsp?SiteID=MPR1&NOD=20,https://geodesy.noaa.gov/cgi-cors/CorsSidebarSelect.prl?site=MPR1&option=Logfile,4/25/2008,-105.2491666667,20.6788888889
MQSI,NGS Stations CORS,30,Non-Operational,NGSSTA,GPS,Daily,https://geodesy.noaa.gov/CORS/ncn_station_pages/index.html?stationID=MQSI,https://geodesy.noaa.gov/DataAvailability/DAP.jsp?SiteID=MQSI&NOD=20,https://geodesy.noaa.gov/cgi-cors/CorsSidebarSelect.prl?site=MQSI&option=Logfile,10/15/2015,-177.3608333333,28.2147222222
MRC1,US Naval Research Laboratory,30,Operational,NRL,GPS+BDS+GAL+GLO,Daily,https://geodesy.noaa.gov/CORS/ncn_station_pages/index.html?stationID=MRC1,https://geodesy.noaa.gov/DataAvailability/DAP.jsp?SiteID=MRC1&NOD=20,https://geodesy.noaa.gov/cgi-cors/CorsSidebarSelect.prl?site=MRC1&option=Logfile,8/15/2021,-77.3705555556,38.4988888889
MSBN,SmartNet North America,15,Non-Operational,SMRTNT,GPS+GLO,Hourly,https://geodesy.noaa.gov/CORS/ncn_station_pages/index.html?stationID=MSBN,https://geodesy.noaa.gov/DataAvailability/DAP.jsp?SiteID=MSBN&NOD=20,https://geodesy.noaa.gov/cgi-cors/CorsSidebarSelect.prl?site=MSBN&option=Logfile,7/10/2019,-90.4094444444,31.6083333333
MSBV,"University of Southern Mississippi, Gulf Coast Geospatial Center",1,Operational,GCGC,GPS+GAL+GLO,Hourly,https://geodesy.noaa.gov/CORS/ncn_station_pages/index.html?stationID=MSBV,https://geodesy.noaa.gov/DataAvailability/DAP.jsp?SiteID=MSBV&NOD=20,https://geodesy.noaa.gov/cgi-cors/CorsSidebarSelect.prl?site=MSBV&option=Logfile,12/8/2013,-88.5641666667,34.6655555556
MSD1,Federal Aviation Administration,1,Operational,FAA,GPS,Daily,https://geodesy.noaa.gov/CORS/ncn_station_pages/index.html?stationID=MSD1,https://geodesy.noaa.gov/DataAvailability/DAP.jsp?SiteID=MSD1&NOD=20,https://geodesy.noaa.gov/cgi-cors/CorsSidebarSelect.prl?site=MSD1&option=Logfile,4/25/2008,-109.7175,23.1602777778
MSEV,"University of Southern Mississippi, Gulf Coast Geospatial Center",1,Operational,GCGC,GPS+GAL+GLO,Hourly,https://geodesy.noaa.gov/CORS/ncn_station_pages/index.html?stationID=MSEV,https://geodesy.noaa.gov/DataAvailability/DAP.jsp?SiteID=MSEV&NOD=20,https://geodesy.noaa.gov/cgi-cors/CorsSidebarSelect.prl?site=MSEV&option=Logfile,2/28/2012,-89.2036111111,31.595
MSGN,"University of Southern Mississippi, Gulf Coast Geospatial Center",1,Operational,GCGC,GPS+GAL+GLO,Hourly,https://geodesy.noaa.gov/CORS/ncn_station_pages/index.html?stationID=MSGN,https://geodesy.noaa.gov/DataAvailability/DAP.jsp?SiteID=MSGN&NOD=20,https://geodesy.noaa.gov/cgi-cors/CorsSidebarSelect.prl?site=MSGN&option=Logfile,9/17/2013,-91.0408333333,33.3386111111
MSIN,"University of Southern Mississippi, Gulf Coast Geospatial Center",1,Operational,GCGC,GPS+GAL+GLO,Hourly,https://geodesy.noaa.gov/CORS/ncn_station_pages/index.html?stationID=MSIN,https://geodesy.noaa.gov/DataAvailability/DAP.jsp?SiteID=MSIN&NOD=20,https://geodesy.noaa.gov/cgi-cors/CorsSidebarSelect.prl?site=MSIN&option=Logfile,4/14/2012,-89.6041666667,30.3116666667
MSKY,Michigan Department of Transportation,1,Operational,MIDT,GPS+GLO,Hourly,https://geodesy.noaa.gov/CORS/ncn_station_pages/index.html?stationID=MSKY,https://geodesy.noaa.gov/DataAvailability/DAP.jsp?SiteID=MSKY&NOD=20,https://geodesy.noaa.gov/cgi-cors/CorsSidebarSelect.prl?site=MSKY&option=Logfile,12/21/2004,-86.0544444444,43.2375
MSME,"University of Southern Mississippi, Gulf Coast Geospatial Center",1,Operational,GCGC,GPS+GAL+GLO,Hourly,https://geodesy.noaa.gov/CORS/ncn_station_pages/index.html?stationID=MSME,https://geodesy.noaa.gov/DataAvailability/DAP.jsp?SiteID=MSME&NOD=20,https://geodesy.noaa.gov/cgi-cors/CorsSidebarSelect.prl?site=MSME&option=Logfile,3/8/2010,-88.7322222222,32.3675
MSOL,Missoula County Surveyor Montana,1,Operational,MT-063,GPS+GAL+GLO,Hourly,https://geodesy.noaa.gov/CORS/ncn_station_pages/index.html?stationID=MSOL,https://geodesy.noaa.gov/DataAvailability/DAP.jsp?SiteID=MSOL&NOD=20,https://geodesy.noaa.gov/cgi-cors/CorsSidebarSelect.prl?site=MSOL&option=Logfile,10/4/2002,-114.1086111111,46.9291666667
MSOX,"University of Southern Mississippi, Gulf Coast Geospatial Center",1,Operational,GCGC,GPS+GAL+GLO,Hourly,https://geodesy.noaa.gov/CORS/ncn_station_pages/index.html?stationID=MSOX,https://geodesy.noaa.gov/DataAvailability/DAP.jsp?SiteID=MSOX&NOD=20,https://geodesy.noaa.gov/cgi-cors/CorsSidebarSelect.prl?site=MSOX&option=Logfile,8/21/2008,-89.5322222222,34.3638888889
MSPE,"University of Southern Mississippi, Gulf Coast Geospatial Center",1,Operational,GCGC,GPS+GAL+GLO,Hourly,https://geodesy.noaa.gov/CORS/ncn_station_pages/index.html?stationID=MSPE,https://geodesy.noaa.gov/DataAvailability/DAP.jsp?SiteID=MSPE&NOD=20,https://geodesy.noaa.gov/cgi-cors/CorsSidebarSelect.prl?site=MSPE&option=Logfile,5/19/2013,-88.6583333333,33.7977777778
MTBR,Montana Department of Transportation,1,Operational,MTDOT,GPS+GAL+GLO,Hourly,https://geodesy.noaa.gov/CORS/ncn_station_pages/index.html?stationID=MTBR,https://geodesy.noaa.gov/DataAvailability/DAP.jsp?SiteID=MTBR&NOD=20,https://geodesy.noaa.gov/cgi-cors/CorsSidebarSelect.prl?site=MTBR&option=Logfile,11/11/2018,-108.9141666667,45.2697222222
MTCB,Montana Department of Transportation,1,Operational,MTDOT,GPS+GAL+GLO,Hourly,https://geodesy.noaa.gov/CORS/ncn_station_pages/index.html?stationID=MTCB,https://geodesy.noaa.gov/DataAvailability/DAP.jsp?SiteID=MTCB&NOD=20,https://geodesy.noaa.gov/cgi-cors/CorsSidebarSelect.prl?site=MTCB&option=Logfile,8/28/2018,-104.5030555556,48.1469444444
MTCU,Montana Department of Transportation,1,Operational,MTDOT,GPS+GAL+GLO,Hourly,https://geodesy.noaa.gov/CORS/ncn_station_pages/index.html?stationID=MTCU,https://geodesy.noaa.gov/DataAvailability/DAP.jsp?SiteID=MTCU&NOD=20,https://geodesy.noaa.gov/cgi-cors/CorsSidebarSelect.prl?site=MTCU&option=Logfile,8/31/2018,-112.3161111111,48.6427777778
MTDT,Montana Department of Transportation,1,Operational,MTDOT,GPS+GAL+GLO,Hourly,https://geodesy.noaa.gov/CORS/ncn_station_pages/index.html?stationID=MTDT,https://geodesy.noaa.gov/DataAvailability/DAP.jsp?SiteID=MTDT&NOD=20,https://geodesy.noaa.gov/cgi-cors/CorsSidebarSelect.prl?site=MTDT&option=Logfile,3/16/2010,-111.9936111111,46.5883333333
MTEI,Sanderson Stewart,1,Operational,SANSTE,GPS+GAL+GLO,Hourly,https://geodesy.noaa.gov/CORS/ncn_station_pages/index.html?stationID=MTEI,https://geodesy.noaa.gov/DataAvailability/DAP.jsp?SiteID=MTEI&NOD=20,https://geodesy.noaa.gov/cgi-cors/CorsSidebarSelect.prl?site=MTEI&option=Logfile,1/19/2005,-108.6,45.7463888889
MTFV,Flathead Valley Community College,1,Operational,FVCC,GPS+GAL+GLO,Hourly,https://geodesy.noaa.gov/CORS/ncn_station_pages/index.html?stationID=MTFV,https://geodesy.noaa.gov/DataAvailability/DAP.jsp?SiteID=MTFV&NOD=20,https://geodesy.noaa.gov/cgi-cors/CorsSidebarSelect.prl?site=MTFV&option=Logfile,12/15/2004,-114.3266666667,48.2272222222
MTGW,Montana Department of Transportation,1,Operational,MTDOT,GPS+GAL+GLO,Hourly,https://geodesy.noaa.gov/CORS/ncn_station_pages/index.html?stationID=MTGW,https://geodesy.noaa.gov/DataAvailability/DAP.jsp?SiteID=MTGW&NOD=20,https://geodesy.noaa.gov/cgi-cors/CorsSidebarSelect.prl?site=MTGW&option=Logfile,9/9/2018,-106.7933333333,48.3697222222
MTHC,Highlands College of Montana Tech,30,Operational,MTECH,GPS+GLO,Hourly,https://geodesy.noaa.gov/CORS/ncn_station_pages/index.html?stationID=MTHC,https://geodesy.noaa.gov/DataAvailability/DAP.jsp?SiteID=MTHC&NOD=20,https://geodesy.noaa.gov/cgi-cors/CorsSidebarSelect.prl?site=MTHC&option=Logfile,9/7/2012,-112.51,45.9377777778
MTHM,Montana Department of Transportation,1,Operational,MTDOT,GPS+GAL+GLO,Hourly,https://geodesy.noaa.gov/CORS/ncn_station_pages/index.html?stationID=MTHM,https://geodesy.noaa.gov/DataAvailability/DAP.jsp?SiteID=MTHM&NOD=20,https://geodesy.noaa.gov/cgi-cors/CorsSidebarSelect.prl?site=MTHM&option=Logfile,9/9/2018,-108.7794444444,48.5455555556
MTLG,Montana Department of Transportation,1,Operational,MTDOT,GPS+GAL+GLO,Hourly,https://geodesy.noaa.gov/CORS/ncn_station_pages/index.html?stationID=MTLG,https://geodesy.noaa.gov/DataAvailability/DAP.jsp?SiteID=MTLG&NOD=20,https://geodesy.noaa.gov/cgi-cors/CorsSidebarSelect.prl?site=MTLG&option=Logfile,9/9/2018,-107.3416666667,45.3122222222
MTLO,Montana Department of Transportation,1,Operational,MTDOT,GPS+GAL+GLO,Hourly,https://geodesy.noaa.gov/CORS/ncn_station_pages/index.html?stationID=MTLO,https://geodesy.noaa.gov/DataAvailability/DAP.jsp?SiteID=MTLO&NOD=20,https://geodesy.noaa.gov/cgi-cors/CorsSidebarSelect.prl?site=MTLO&option=Logfile,9/10/2018,-110.505,47.9505555556
MTLW,Montana Department of Transportation,1,Operational,MTDOT,GPS+GAL+GLO,Hourly,https://geodesy.noaa.gov/CORS/ncn_station_pages/index.html?stationID=MTLW,https://geodesy.noaa.gov/DataAvailability/DAP.jsp?SiteID=MTLW&NOD=20,https://geodesy.noaa.gov/cgi-cors/CorsSidebarSelect.prl?site=MTLW&option=Logfile,3/8/2011,-109.4425,47.0538888889
MTMI,SmartNet North America,15,Operational,SMRTNT,GPS+GLO,Hourly,https://geodesy.noaa.gov/CORS/ncn_station_pages/index.html?stationID=MTMI,https://geodesy.noaa.gov/DataAvailability/DAP.jsp?SiteID=MTMI&NOD=20,https://geodesy.noaa.gov/cgi-cors/CorsSidebarSelect.prl?site=MTMI&option=Logfile,7/8/2019,-105.7966666667,46.4469444444
MTMS,Montana Department of Transportation,1,Operational,MTDOT,GPS+GAL+GLO,Hourly,https://geodesy.noaa.gov/CORS/ncn_station_pages/index.html?stationID=MTMS,https://geodesy.noaa.gov/DataAvailability/DAP.jsp?SiteID=MTMS&NOD=20,https://geodesy.noaa.gov/cgi-cors/CorsSidebarSelect.prl?site=MTMS&option=Logfile,11/29/2004,-109.6863888889,48.5408333333
MTNT,Florida Department of Transportation,1,Operational,FLDT,GPS+GAL+GLO,Hourly,https://geodesy.noaa.gov/CORS/ncn_station_pages/index.html?stationID=MTNT,https://geodesy.noaa.gov/DataAvailability/DAP.jsp?SiteID=MTNT&NOD=20,https://geodesy.noaa.gov/cgi-cors/CorsSidebarSelect.prl?site=MTNT&option=Logfile,6/20/2003,-80.9069444444,25.8655555556
MTOP,Montana Department of Transportation,1,Operational,MTDOT,GPS+GAL+GLO,Hourly,https://geodesy.noaa.gov/CORS/ncn_station_pages/index.html?stationID=MTOP,https://geodesy.noaa.gov/DataAvailability/DAP.jsp?SiteID=MTOP&NOD=20,https://geodesy.noaa.gov/cgi-cors/CorsSidebarSelect.prl?site=MTOP&option=Logfile,9/3/2018,-106.4061111111,48.8547222222
MTP1,Federal Aviation Administration,1,Non-Operational,FAA,GPS,Daily,https://geodesy.noaa.gov/CORS/ncn_station_pages/index.html?stationID=MTP1,https://geodesy.noaa.gov/DataAvailability/DAP.jsp?SiteID=MTP1&NOD=20,https://geodesy.noaa.gov/cgi-cors/CorsSidebarSelect.prl?site=MTP1&option=Logfile,4/25/2008,-92.3677777778,14.7911111111
MTPJ,Montana Department of Transportation,1,Operational,MTDOT,GPS+GAL+GLO,Hourly,https://geodesy.noaa.gov/CORS/ncn_station_pages/index.html?stationID=MTPJ,https://geodesy.noaa.gov/DataAvailability/DAP.jsp?SiteID=MTPJ&NOD=20,https://geodesy.noaa.gov/cgi-cors/CorsSidebarSelect.prl?site=MTPJ&option=Logfile,9/11/2018,-112.3358333333,48.0705555556
MTR2,Richland County Montana,15,Non-Operational,MT-083,GPS+GAL+GLO,Hourly,https://geodesy.noaa.gov/CORS/ncn_station_pages/index.html?stationID=MTR2,https://geodesy.noaa.gov/DataAvailability/DAP.jsp?SiteID=MTR2&NOD=20,https://geodesy.noaa.gov/cgi-cors/CorsSidebarSelect.prl?site=MTR2&option=Logfile,3/4/2025,-104.1847415556,47.7175676028
MTSU,Montana State University-Bozeman,5,Operational,MTST,GPS+GAL+GLO,Hourly,https://geodesy.noaa.gov/CORS/ncn_station_pages/index.html?stationID=MTSU,https://geodesy.noaa.gov/DataAvailability/DAP.jsp?SiteID=MTSU&NOD=20,https://geodesy.noaa.gov/cgi-cors/CorsSidebarSelect.prl?site=MTSU&option=Logfile,1/1/2008,-111.045,45.6611111111
MTSY,Montana Department of Transportation,1,Operational,MTDOT,GPS+GAL+GLO,Hourly,https://geodesy.noaa.gov/CORS/ncn_station_pages/index.html?stationID=MTSY,https://geodesy.noaa.gov/DataAvailability/DAP.jsp?SiteID=MTSY&NOD=20,https://geodesy.noaa.gov/cgi-cors/CorsSidebarSelect.prl?site=MTSY&option=Logfile,8/31/2018,-105.3986111111,48.7936111111
MTUM,University of Montana,1,Operational,UMT,GPS+GAL+GLO,Hourly,https://geodesy.noaa.gov/CORS/ncn_station_pages/index.html?stationID=MTUM,https://geodesy.noaa.gov/DataAvailability/DAP.jsp?SiteID=MTUM&NOD=20,https://geodesy.noaa.gov/cgi-cors/CorsSidebarSelect.prl?site=MTUM&option=Logfile,1/9/2010,-113.4722222222,46.95
MTVR,Ohio Department of Transportation,1,Operational,OHDT,GPS+GAL+GLO,Hourly,https://geodesy.noaa.gov/CORS/ncn_station_pages/index.html?stationID=MTVR,https://geodesy.noaa.gov/DataAvailability/DAP.jsp?SiteID=MTVR&NOD=20,https://geodesy.noaa.gov/cgi-cors/CorsSidebarSelect.prl?site=MTVR&option=Logfile,1/2/2003,-82.5105555556,40.3822222222
MTWP,Montana Department of Transportation,1,Operational,MTDOT,GPS+GAL+GLO,Hourly,https://geodesy.noaa.gov/CORS/ncn_station_pages/index.html?stationID=MTWP,https://geodesy.noaa.gov/DataAvailability/DAP.jsp?SiteID=MTWP&NOD=20,https://geodesy.noaa.gov/cgi-cors/CorsSidebarSelect.prl?site=MTWP&option=Logfile,10/17/2018,-105.6666666667,48.0994444444
MTY2,"Instituto Nacional de Estadistica, Geografia e Informatica, Mexico",15,Operational,INEGI,GPS+GAL+GLO,Hourly,https://geodesy.noaa.gov/CORS/ncn_station_pages/index.html?stationID=MTY2,https://geodesy.noaa.gov/DataAvailability/DAP.jsp?SiteID=MTY2&NOD=20,https://geodesy.noaa.gov/cgi-cors/CorsSidebarSelect.prl?site=MTY2&option=Logfile,9/22/2005,-100.3127777778,25.7152777778
MTZM,Montana Department of Transportation,1,Operational,MTDOT,GPS+GAL+GLO,Hourly,https://geodesy.noaa.gov/CORS/ncn_station_pages/index.html?stationID=MTZM,https://geodesy.noaa.gov/DataAvailability/DAP.jsp?SiteID=MTZM&NOD=20,https://geodesy.noaa.gov/cgi-cors/CorsSidebarSelect.prl?site=MTZM&option=Logfile,9/3/2018,-108.305,47.9613888889
MUSB,UNAVCO-PBO,15,Operational,UNAVPB,GPS+GAL+GLO,Daily,https://geodesy.noaa.gov/CORS/ncn_station_pages/index.html?stationID=MUSB,https://geodesy.noaa.gov/DataAvailability/DAP.jsp?SiteID=MUSB&NOD=20,https://geodesy.noaa.gov/cgi-cors/CorsSidebarSelect.prl?site=MUSB&option=Logfile,7/22/2008,-119.3091666667,37.1697222222
MWRD,KARA Company,1,Operational,KARA,GPS+GLO,Hourly,https://geodesy.noaa.gov/CORS/ncn_station_pages/index.html?stationID=MWRD,https://geodesy.noaa.gov/DataAvailability/DAP.jsp?SiteID=MWRD&NOD=20,https://geodesy.noaa.gov/cgi-cors/CorsSidebarSelect.prl?site=MWRD&option=Logfile,3/11/2009,-87.5975,41.6680555556
N001,"NOAA, CO-OPS, COET",30,Operational,CO-OPS,GPS+GAL+GLO,Daily,https://geodesy.noaa.gov/CORS/ncn_station_pages/index.html?stationID=N001,https://geodesy.noaa.gov/DataAvailability/DAP.jsp?SiteID=N001&NOD=20,https://geodesy.noaa.gov/cgi-cors/CorsSidebarSelect.prl?site=N001&option=Logfile,4/27/2021,-71.3255555556,41.5038888889
N002,"NOAA, CO-OPS, COET",30,Operational,CO-OPS,GPS+GLO,Daily,https://geodesy.noaa.gov/CORS/ncn_station_pages/index.html?stationID=N002,https://geodesy.noaa.gov/DataAvailability/DAP.jsp?SiteID=N002&NOD=20,https://geodesy.noaa.gov/cgi-cors/CorsSidebarSelect.prl?site=N002&option=Logfile,11/26/2023,-77.0363888889,38.3194444444
N003,"NOAA, CO-OPS, COET",30,Operational,CO-OPS,GPS+GLO,Daily,https://geodesy.noaa.gov/CORS/ncn_station_pages/index.html?stationID=N003,https://geodesy.noaa.gov/DataAvailability/DAP.jsp?SiteID=N003&NOD=20,https://geodesy.noaa.gov/cgi-cors/CorsSidebarSelect.prl?site=N003&option=Logfile,4/17/2022,-80.9030555556,32.0344444444
N240,"NOAA, CO-OPS, COET",30,Operational,CO-OPS,GPS+GLO,Daily,https://geodesy.noaa.gov/CORS/ncn_station_pages/index.html?stationID=N240,https://geodesy.noaa.gov/DataAvailability/DAP.jsp?SiteID=N240&NOD=20,https://geodesy.noaa.gov/cgi-cors/CorsSidebarSelect.prl?site=N240&option=Logfile,9/26/2020,-66.1163888889,18.4588888889
N300,"NOAA, CO-OPS, COET",30,Operational,CO-OPS,GPS+GLO,Daily,https://geodesy.noaa.gov/CORS/ncn_station_pages/index.html?stationID=N300,https://geodesy.noaa.gov/DataAvailability/DAP.jsp?SiteID=N300&NOD=20,https://geodesy.noaa.gov/cgi-cors/CorsSidebarSelect.prl?site=N300&option=Logfile,8/24/2021,-80.1616666667,25.7311111111
N301,"NOAA, CO-OPS, COET",30,Operational,CO-OPS,GPS,Daily,https://geodesy.noaa.gov/CORS/ncn_station_pages/index.html?stationID=N301,https://geodesy.noaa.gov/DataAvailability/DAP.jsp?SiteID=N301&NOD=20,https://geodesy.noaa.gov/cgi-cors/CorsSidebarSelect.prl?site=N301&option=Logfile,4/30/2021,-94.7916666667,29.3102777778
N302,"NOAA, CO-OPS, COET",30,Operational,CO-OPS,GPS+GLO,Daily,https://geodesy.noaa.gov/CORS/ncn_station_pages/index.html?stationID=N302,https://geodesy.noaa.gov/DataAvailability/DAP.jsp?SiteID=N302&NOD=20,https://geodesy.noaa.gov/cgi-cors/CorsSidebarSelect.prl?site=N302&option=Logfile,5/8/2021,-87.2111111111,30.4036111111
N303,"NOAA, CO-OPS, COET",30,Non-Operational,CO-OPS,GPS+GLO,Daily,https://geodesy.noaa.gov/CORS/ncn_station_pages/index.html?stationID=N303,https://geodesy.noaa.gov/DataAvailability/DAP.jsp?SiteID=N303&NOD=20,https://geodesy.noaa.gov/cgi-cors/CorsSidebarSelect.prl?site=N303&option=Logfile,10/19/2024,-89.6728134944,29.86681755
N304,"NOAA, CO-OPS, COET",30,Operational,CO-OPS,GPS,Daily,https://geodesy.noaa.gov/CORS/ncn_station_pages/index.html?stationID=N304,https://geodesy.noaa.gov/DataAvailability/DAP.jsp?SiteID=N304&NOD=20,https://geodesy.noaa.gov/cgi-cors/CorsSidebarSelect.prl?site=N304&option=Logfile,5/3/2024,-89.6729019556,29.8668206722
N551,"NOAA, CO-OPS, COET",30,Operational,CO-OPS,GPS+GLO,Daily,https://geodesy.noaa.gov/CORS/ncn_station_pages/index.html?stationID=N551,https://geodesy.noaa.gov/DataAvailability/DAP.jsp?SiteID=N551&NOD=20,https://geodesy.noaa.gov/cgi-cors/CorsSidebarSelect.prl?site=N551&option=Logfile,10/10/2023,-117.2569444444,32.8666666667
NAS0,UNAVCO_NON-PBO,15,Non-Operational,UNAVPS,GPS,Daily,https://geodesy.noaa.gov/CORS/ncn_station_pages/index.html?stationID=NAS0,https://geodesy.noaa.gov/DataAvailability/DAP.jsp?SiteID=NAS0&NOD=20,https://geodesy.noaa.gov/cgi-cors/CorsSidebarSelect.prl?site=NAS0&option=Logfile,11/30/2011,-77.4622222222,25.0525
NC77,North Carolina Geodetic Survey,1,Operational,NCGS,GPS+GAL+GLO,Hourly,https://geodesy.noaa.gov/CORS/ncn_station_pages/index.html?stationID=NC77,https://geodesy.noaa.gov/DataAvailability/DAP.jsp?SiteID=NC77&NOD=20,https://geodesy.noaa.gov/cgi-cors/CorsSidebarSelect.prl?site=NC77&option=Logfile,5/8/2003,-80.9161111111,35.1225
NCAL,North Carolina Geodetic Survey,1,Operational,NCGS,GPS+GAL+GLO,Hourly,https://geodesy.noaa.gov/CORS/ncn_station_pages/index.html?stationID=NCAL,https://geodesy.noaa.gov/DataAvailability/DAP.jsp?SiteID=NCAL&NOD=20,https://geodesy.noaa.gov/cgi-cors/CorsSidebarSelect.prl?site=NCAL&option=Logfile,5/6/2004,-80.2133333333,35.3380555556
NCBC,North Carolina Geodetic Survey,1,Operational,NCGS,GPS+GAL+GLO,Hourly,https://geodesy.noaa.gov/CORS/ncn_station_pages/index.html?stationID=NCBC,https://geodesy.noaa.gov/DataAvailability/DAP.jsp?SiteID=NCBC&NOD=20,https://geodesy.noaa.gov/cgi-cors/CorsSidebarSelect.prl?site=NCBC&option=Logfile,4/22/2009,-83.5063888889,35.3725
NCBT,North Carolina Geodetic Survey,1,Operational,NCGS,GPS+GAL+GLO,Hourly,https://geodesy.noaa.gov/CORS/ncn_station_pages/index.html?stationID=NCBT,https://geodesy.noaa.gov/DataAvailability/DAP.jsp?SiteID=NCBT&NOD=20,https://geodesy.noaa.gov/cgi-cors/CorsSidebarSelect.prl?site=NCBT&option=Logfile,1/20/2023,-82.8944444444,35.4725
NCBU,North Carolina Geodetic Survey,1,Operational,NCGS,GPS+GAL+GLO,Hourly,https://geodesy.noaa.gov/CORS/ncn_station_pages/index.html?stationID=NCBU,https://geodesy.noaa.gov/DataAvailability/DAP.jsp?SiteID=NCBU&NOD=20,https://geodesy.noaa.gov/cgi-cors/CorsSidebarSelect.prl?site=NCBU&option=Logfile,11/6/2003,-79.4366666667,36.0913888889
NCBX,North Carolina Geodetic Survey,1,Operational,NCGS,GPS+GAL+GLO,Hourly,https://geodesy.noaa.gov/CORS/ncn_station_pages/index.html?stationID=NCBX,https://geodesy.noaa.gov/DataAvailability/DAP.jsp?SiteID=NCBX&NOD=20,https://geodesy.noaa.gov/cgi-cors/CorsSidebarSelect.prl?site=NCBX&option=Logfile,12/1/2010,-75.5516666667,35.2661111111
NCCA,North Carolina Geodetic Survey,1,Operational,NCGS,GPS+GAL+GLO,Hourly,https://geodesy.noaa.gov/CORS/ncn_station_pages/index.html?stationID=NCCA,https://geodesy.noaa.gov/DataAvailability/DAP.jsp?SiteID=NCCA&NOD=20,https://geodesy.noaa.gov/cgi-cors/CorsSidebarSelect.prl?site=NCCA&option=Logfile,5/18/2004,-79.3847222222,35.3416666667
NCCH,North Carolina Geodetic Survey,1,Operational,NCGS,GPS+GAL+GLO,Hourly,https://geodesy.noaa.gov/CORS/ncn_station_pages/index.html?stationID=NCCH,https://geodesy.noaa.gov/DataAvailability/DAP.jsp?SiteID=NCCH&NOD=20,https://geodesy.noaa.gov/cgi-cors/CorsSidebarSelect.prl?site=NCCH&option=Logfile,7/29/2008,-77.8747222222,34.3444444444
NCCI,North Carolina Geodetic Survey,1,Operational,NCGS,GPS+GAL+GLO,Hourly,https://geodesy.noaa.gov/CORS/ncn_station_pages/index.html?stationID=NCCI,https://geodesy.noaa.gov/DataAvailability/DAP.jsp?SiteID=NCCI&NOD=20,https://geodesy.noaa.gov/cgi-cors/CorsSidebarSelect.prl?site=NCCI&option=Logfile,4/26/2009,-76.3152777778,35.0175
NCCO,North Carolina Geodetic Survey,1,Operational,NCGS,GPS+GAL+GLO,Hourly,https://geodesy.noaa.gov/CORS/ncn_station_pages/index.html?stationID=NCCO,https://geodesy.noaa.gov/DataAvailability/DAP.jsp?SiteID=NCCO&NOD=20,https://geodesy.noaa.gov/cgi-cors/CorsSidebarSelect.prl?site=NCCO&option=Logfile,7/23/2003,-80.5641666667,35.3763888889
NCCR,North Carolina Geodetic Survey,1,Operational,NCGS,GPS+GAL+GLO,Hourly,https://geodesy.noaa.gov/CORS/ncn_station_pages/index.html?stationID=NCCR,https://geodesy.noaa.gov/DataAvailability/DAP.jsp?SiteID=NCCR&NOD=20,https://geodesy.noaa.gov/cgi-cors/CorsSidebarSelect.prl?site=NCCR&option=Logfile,11/25/2008,-76.4736111111,35.9155555556
NCD4,North Carolina Geodetic Survey,1,Operational,NCGS,GPS+GAL+GLO,Hourly,https://geodesy.noaa.gov/CORS/ncn_station_pages/index.html?stationID=NCD4,https://geodesy.noaa.gov/DataAvailability/DAP.jsp?SiteID=NCD4&NOD=20,https://geodesy.noaa.gov/cgi-cors/CorsSidebarSelect.prl?site=NCD4&option=Logfile,5/13/2024,-75.751335925,36.1816777083
NCEC,North Carolina Geodetic Survey,1,Operational,NCGS,GPS+GAL+GLO,Hourly,https://geodesy.noaa.gov/CORS/ncn_station_pages/index.html?stationID=NCEC,https://geodesy.noaa.gov/DataAvailability/DAP.jsp?SiteID=NCEC&NOD=20,https://geodesy.noaa.gov/cgi-cors/CorsSidebarSelect.prl?site=NCEC&option=Logfile,3/19/2010,-77.3652777778,35.605
NCEL,North Carolina Geodetic Survey,1,Operational,NCGS,GPS+GAL+GLO,Hourly,https://geodesy.noaa.gov/CORS/ncn_station_pages/index.html?stationID=NCEL,https://geodesy.noaa.gov/DataAvailability/DAP.jsp?SiteID=NCEL&NOD=20,https://geodesy.noaa.gov/cgi-cors/CorsSidebarSelect.prl?site=NCEL&option=Logfile,2/15/2010,-76.2580555556,36.3411111111
NCET,North Carolina Geodetic Survey,1,Operational,NCGS,GPS+GAL+GLO,Hourly,https://geodesy.noaa.gov/CORS/ncn_station_pages/index.html?stationID=NCET,https://geodesy.noaa.gov/DataAvailability/DAP.jsp?SiteID=NCET&NOD=20,https://geodesy.noaa.gov/cgi-cors/CorsSidebarSelect.prl?site=NCET&option=Logfile,6/28/2006,-78.5197222222,34.6536111111
NCFA,North Carolina Geodetic Survey,1,Operational,NCGS,GPS+GAL+GLO,Hourly,https://geodesy.noaa.gov/CORS/ncn_station_pages/index.html?stationID=NCFA,https://geodesy.noaa.gov/DataAvailability/DAP.jsp?SiteID=NCFA&NOD=20,https://geodesy.noaa.gov/cgi-cors/CorsSidebarSelect.prl?site=NCFA&option=Logfile,10/6/2005,-78.8705555556,35.0338888889
NCFF,North Carolina Geodetic Survey,1,Operational,NCGS,GPS+GAL+GLO,Hourly,https://geodesy.noaa.gov/CORS/ncn_station_pages/index.html?stationID=NCFF,https://geodesy.noaa.gov/DataAvailability/DAP.jsp?SiteID=NCFF&NOD=20,https://geodesy.noaa.gov/cgi-cors/CorsSidebarSelect.prl?site=NCFF&option=Logfile,8/17/2010,-77.9383333333,33.9605555556
NCFR,North Carolina Geodetic Survey,1,Operational,NCGS,GPS+GAL+GLO,Hourly,https://geodesy.noaa.gov/CORS/ncn_station_pages/index.html?stationID=NCFR,https://geodesy.noaa.gov/DataAvailability/DAP.jsp?SiteID=NCFR&NOD=20,https://geodesy.noaa.gov/cgi-cors/CorsSidebarSelect.prl?site=NCFR&option=Logfile,8/3/2025,-83.4339903139,35.1632881056
NCGA,North Carolina Geodetic Survey,1,Operational,NCGS,GPS+GAL+GLO,Hourly,https://geodesy.noaa.gov/CORS/ncn_station_pages/index.html?stationID=NCGA,https://geodesy.noaa.gov/DataAvailability/DAP.jsp?SiteID=NCGA&NOD=20,https://geodesy.noaa.gov/cgi-cors/CorsSidebarSelect.prl?site=NCGA&option=Logfile,2/16/2010,-76.7211111111,36.4366666667
NCGO,North Carolina Geodetic Survey,1,Operational,NCGS,GPS+GAL+GLO,Hourly,https://geodesy.noaa.gov/CORS/ncn_station_pages/index.html?stationID=NCGO,https://geodesy.noaa.gov/DataAvailability/DAP.jsp?SiteID=NCGO&NOD=20,https://geodesy.noaa.gov/cgi-cors/CorsSidebarSelect.prl?site=NCGO&option=Logfile,7/2/2008,-78.0583333333,35.4211111111
NCHE,North Carolina Geodetic Survey,1,Operational,NCGS,GPS+GAL+GLO,Hourly,https://geodesy.noaa.gov/CORS/ncn_station_pages/index.html?stationID=NCHE,https://geodesy.noaa.gov/DataAvailability/DAP.jsp?SiteID=NCHE&NOD=20,https://geodesy.noaa.gov/cgi-cors/CorsSidebarSelect.prl?site=NCHE&option=Logfile,11/26/2008,-82.5011111111,35.3558333333
NCHI,North Carolina Geodetic Survey,1,Operational,NCGS,GPS+GAL+GLO,Hourly,https://geodesy.noaa.gov/CORS/ncn_station_pages/index.html?stationID=NCHI,https://geodesy.noaa.gov/DataAvailability/DAP.jsp?SiteID=NCHI&NOD=20,https://geodesy.noaa.gov/cgi-cors/CorsSidebarSelect.prl?site=NCHI&option=Logfile,8/6/2010,-81.3083333333,35.7419444444
NCJA,North Carolina Geodetic Survey,1,Operational,NCGS,GPS+GAL+GLO,Hourly,https://geodesy.noaa.gov/CORS/ncn_station_pages/index.html?stationID=NCJA,https://geodesy.noaa.gov/DataAvailability/DAP.jsp?SiteID=NCJA&NOD=20,https://geodesy.noaa.gov/cgi-cors/CorsSidebarSelect.prl?site=NCJA&option=Logfile,8/23/2005,-77.4375,36.4083333333
NCJL,North Carolina Geodetic Survey,1,Operational,NCGS,GPS+GAL+GLO,Hourly,https://geodesy.noaa.gov/CORS/ncn_station_pages/index.html?stationID=NCJL,https://geodesy.noaa.gov/DataAvailability/DAP.jsp?SiteID=NCJL&NOD=20,https://geodesy.noaa.gov/cgi-cors/CorsSidebarSelect.prl?site=NCJL&option=Logfile,7/16/2009,-79.0341666667,35.7811111111
NCJV,North Carolina Geodetic Survey,1,Operational,NCGS,GPS+GAL+GLO,Hourly,https://geodesy.noaa.gov/CORS/ncn_station_pages/index.html?stationID=NCJV,https://geodesy.noaa.gov/DataAvailability/DAP.jsp?SiteID=NCJV&NOD=20,https://geodesy.noaa.gov/cgi-cors/CorsSidebarSelect.prl?site=NCJV&option=Logfile,7/19/2008,-77.4530555556,34.7461111111
NCKN,North Carolina Geodetic Survey,1,Operational,NCGS,GPS+GAL+GLO,Hourly,https://geodesy.noaa.gov/CORS/ncn_station_pages/index.html?stationID=NCKN,https://geodesy.noaa.gov/DataAvailability/DAP.jsp?SiteID=NCKN&NOD=20,https://geodesy.noaa.gov/cgi-cors/CorsSidebarSelect.prl?site=NCKN&option=Logfile,7/1/2006,-77.9802777778,34.9416666667
NCLE,North Carolina Geodetic Survey,1,Operational,NCGS,GPS+GAL+GLO,Hourly,https://geodesy.noaa.gov/CORS/ncn_station_pages/index.html?stationID=NCLE,https://geodesy.noaa.gov/DataAvailability/DAP.jsp?SiteID=NCLE&NOD=20,https://geodesy.noaa.gov/cgi-cors/CorsSidebarSelect.prl?site=NCLE&option=Logfile,5/6/2004,-80.2294444444,35.8147222222
NCLL,North Carolina Geodetic Survey,1,Operational,NCGS,GPS+GAL+GLO,Hourly,https://geodesy.noaa.gov/CORS/ncn_station_pages/index.html?stationID=NCLL,https://geodesy.noaa.gov/DataAvailability/DAP.jsp?SiteID=NCLL&NOD=20,https://geodesy.noaa.gov/cgi-cors/CorsSidebarSelect.prl?site=NCLL&option=Logfile,3/30/2020,-78.8111111111,35.42
NCLU,North Carolina Geodetic Survey,1,Operational,NCGS,GPS+GAL+GLO,Hourly,https://geodesy.noaa.gov/CORS/ncn_station_pages/index.html?stationID=NCLU,https://geodesy.noaa.gov/DataAvailability/DAP.jsp?SiteID=NCLU&NOD=20,https://geodesy.noaa.gov/cgi-cors/CorsSidebarSelect.prl?site=NCLU&option=Logfile,7/1/2006,-79.0775,34.6266666667
NCMG,North Carolina Geodetic Survey,1,Operational,NCGS,GPS+GAL+GLO,Hourly,https://geodesy.noaa.gov/CORS/ncn_station_pages/index.html?stationID=NCMG,https://geodesy.noaa.gov/DataAvailability/DAP.jsp?SiteID=NCMG&NOD=20,https://geodesy.noaa.gov/cgi-cors/CorsSidebarSelect.prl?site=NCMG&option=Logfile,9/23/2005,-81.6566666667,35.7075
NCMO,North Carolina Geodetic Survey,1,Operational,NCGS,GPS+GAL+GLO,Hourly,https://geodesy.noaa.gov/CORS/ncn_station_pages/index.html?stationID=NCMO,https://geodesy.noaa.gov/DataAvailability/DAP.jsp?SiteID=NCMO&NOD=20,https://geodesy.noaa.gov/cgi-cors/CorsSidebarSelect.prl?site=NCMO&option=Logfile,5/12/2005,-80.8033333333,35.5794444444
NCMR,North Carolina Geodetic Survey,1,Operational,NCGS,GPS+GAL+GLO,Hourly,https://geodesy.noaa.gov/CORS/ncn_station_pages/index.html?stationID=NCMR,https://geodesy.noaa.gov/DataAvailability/DAP.jsp?SiteID=NCMR&NOD=20,https://geodesy.noaa.gov/cgi-cors/CorsSidebarSelect.prl?site=NCMR&option=Logfile,5/8/2003,-80.5236111111,34.9816666667
NCMU,North Carolina Geodetic Survey,1,Operational,NCGS,GPS+GAL+GLO,Hourly,https://geodesy.noaa.gov/CORS/ncn_station_pages/index.html?stationID=NCMU,https://geodesy.noaa.gov/DataAvailability/DAP.jsp?SiteID=NCMU&NOD=20,https://geodesy.noaa.gov/cgi-cors/CorsSidebarSelect.prl?site=NCMU&option=Logfile,2/19/2009,-83.9663888889,35.0683333333
NCNA,North Carolina Geodetic Survey,1,Operational,NCGS,GPS+GAL+GLO,Hourly,https://geodesy.noaa.gov/CORS/ncn_station_pages/index.html?stationID=NCNA,https://geodesy.noaa.gov/DataAvailability/DAP.jsp?SiteID=NCNA&NOD=20,https://geodesy.noaa.gov/cgi-cors/CorsSidebarSelect.prl?site=NCNA&option=Logfile,11/7/2008,-78.0197222222,35.9691666667
NCNB,North Carolina Geodetic Survey,1,Operational,NCGS,GPS+GAL+GLO,Hourly,https://geodesy.noaa.gov/CORS/ncn_station_pages/index.html?stationID=NCNB,https://geodesy.noaa.gov/DataAvailability/DAP.jsp?SiteID=NCNB&NOD=20,https://geodesy.noaa.gov/cgi-cors/CorsSidebarSelect.prl?site=NCNB&option=Logfile,3/20/2012,-77.1038888889,35.1127777778
NCNE,North Carolina Geodetic Survey,1,Operational,NCGS,GPS+GAL+GLO,Hourly,https://geodesy.noaa.gov/CORS/ncn_station_pages/index.html?stationID=NCNE,https://geodesy.noaa.gov/DataAvailability/DAP.jsp?SiteID=NCNE&NOD=20,https://geodesy.noaa.gov/cgi-cors/CorsSidebarSelect.prl?site=NCNE&option=Logfile,9/8/2010,-81.9111111111,36.0775
NCNW,North Carolina Geodetic Survey,1,Operational,NCGS,GPS+GAL+GLO,Hourly,https://geodesy.noaa.gov/CORS/ncn_station_pages/index.html?stationID=NCNW,https://geodesy.noaa.gov/DataAvailability/DAP.jsp?SiteID=NCNW&NOD=20,https://geodesy.noaa.gov/cgi-cors/CorsSidebarSelect.prl?site=NCNW&option=Logfile,4/30/2008,-81.1325,36.1663888889
NCPO,North Carolina Geodetic Survey,1,Operational,NCGS,GPS+GAL+GLO,Hourly,https://geodesy.noaa.gov/CORS/ncn_station_pages/index.html?stationID=NCPO,https://geodesy.noaa.gov/DataAvailability/DAP.jsp?SiteID=NCPO&NOD=20,https://geodesy.noaa.gov/cgi-cors/CorsSidebarSelect.prl?site=NCPO&option=Logfile,9/10/2004,-80.1769444444,34.9925
NCRB,North Carolina Geodetic Survey,1,Operational,NCGS,GPS+GLO,Hourly,https://geodesy.noaa.gov/CORS/ncn_station_pages/index.html?stationID=NCRB,https://geodesy.noaa.gov/DataAvailability/DAP.jsp?SiteID=NCRB&NOD=20,https://geodesy.noaa.gov/cgi-cors/CorsSidebarSelect.prl?site=NCRB&option=Logfile,9/7/2010,-83.7966666667,35.3208333333
NCRD,North Carolina Geodetic Survey,1,Operational,NCGS,GPS+GAL+GLO,Hourly,https://geodesy.noaa.gov/CORS/ncn_station_pages/index.html?stationID=NCRD,https://geodesy.noaa.gov/DataAvailability/DAP.jsp?SiteID=NCRD&NOD=20,https://geodesy.noaa.gov/cgi-cors/CorsSidebarSelect.prl?site=NCRD&option=Logfile,2/23/2004,-78.5788888889,35.7636111111
NCRE,North Carolina Geodetic Survey,1,Operational,NCGS,GPS+GAL+GLO,Hourly,https://geodesy.noaa.gov/CORS/ncn_station_pages/index.html?stationID=NCRE,https://geodesy.noaa.gov/DataAvailability/DAP.jsp?SiteID=NCRE&NOD=20,https://geodesy.noaa.gov/cgi-cors/CorsSidebarSelect.prl?site=NCRE&option=Logfile,8/7/2010,-79.6655555556,36.3616666667
NCRO,North Carolina Geodetic Survey,1,Operational,NCGS,GPS+GAL+GLO,Hourly,https://geodesy.noaa.gov/CORS/ncn_station_pages/index.html?stationID=NCRO,https://geodesy.noaa.gov/DataAvailability/DAP.jsp?SiteID=NCRO&NOD=20,https://geodesy.noaa.gov/cgi-cors/CorsSidebarSelect.prl?site=NCRO&option=Logfile,9/17/2010,-79.7963888889,34.9644444444
NCRT,North Carolina Geodetic Survey,1,Operational,NCGS,GPS+GAL+GLO,Hourly,https://geodesy.noaa.gov/CORS/ncn_station_pages/index.html?stationID=NCRT,https://geodesy.noaa.gov/DataAvailability/DAP.jsp?SiteID=NCRT&NOD=20,https://geodesy.noaa.gov/cgi-cors/CorsSidebarSelect.prl?site=NCRT&option=Logfile,6/8/2020,-75.4691666667,35.5952777778
NCRX,North Carolina Geodetic Survey,1,Operational,NCGS,GPS+GAL+GLO,Hourly,https://geodesy.noaa.gov/CORS/ncn_station_pages/index.html?stationID=NCRX,https://geodesy.noaa.gov/DataAvailability/DAP.jsp?SiteID=NCRX&NOD=20,https://geodesy.noaa.gov/cgi-cors/CorsSidebarSelect.prl?site=NCRX&option=Logfile,8/3/2010,-78.9983333333,36.3911111111
NCSA,North Carolina Geodetic Survey,1,Operational,NCGS,GPS+GAL+GLO,Hourly,https://geodesy.noaa.gov/CORS/ncn_station_pages/index.html?stationID=NCSA,https://geodesy.noaa.gov/DataAvailability/DAP.jsp?SiteID=NCSA&NOD=20,https://geodesy.noaa.gov/cgi-cors/CorsSidebarSelect.prl?site=NCSA&option=Logfile,12/30/2011,-80.4322222222,35.7113888889
NCSF,North Carolina Geodetic Survey,1,Operational,NCGS,GPS+GAL+GLO,Hourly,https://geodesy.noaa.gov/CORS/ncn_station_pages/index.html?stationID=NCSF,https://geodesy.noaa.gov/DataAvailability/DAP.jsp?SiteID=NCSF&NOD=20,https://geodesy.noaa.gov/cgi-cors/CorsSidebarSelect.prl?site=NCSF&option=Logfile,8/5/2008,-78.3361111111,35.5636111111
NCSH,North Carolina Geodetic Survey,1,Operational,NCGS,GPS+GAL+GLO,Hourly,https://geodesy.noaa.gov/CORS/ncn_station_pages/index.html?stationID=NCSH,https://geodesy.noaa.gov/DataAvailability/DAP.jsp?SiteID=NCSH&NOD=20,https://geodesy.noaa.gov/cgi-cors/CorsSidebarSelect.prl?site=NCSH&option=Logfile,9/10/2004,-81.4911111111,35.2813888889
NCSL,North Carolina Geodetic Survey,1,Operational,NCGS,GPS+GAL+GLO,Hourly,https://geodesy.noaa.gov/CORS/ncn_station_pages/index.html?stationID=NCSL,https://geodesy.noaa.gov/DataAvailability/DAP.jsp?SiteID=NCSL&NOD=20,https://geodesy.noaa.gov/cgi-cors/CorsSidebarSelect.prl?site=NCSL&option=Logfile,2/26/2007,-78.39,33.9825
NCSO,North Carolina Geodetic Survey,1,Operational,NCGS,GPS+GAL+GLO,Hourly,https://geodesy.noaa.gov/CORS/ncn_station_pages/index.html?stationID=NCSO,https://geodesy.noaa.gov/DataAvailability/DAP.jsp?SiteID=NCSO&NOD=20,https://geodesy.noaa.gov/cgi-cors/CorsSidebarSelect.prl?site=NCSO&option=Logfile,7/9/2018,-76.3252777778,35.3944444444
NCSP,North Carolina Geodetic Survey,1,Operational,NCGS,GPS+GAL+GLO,Hourly,https://geodesy.noaa.gov/CORS/ncn_station_pages/index.html?stationID=NCSP,https://geodesy.noaa.gov/DataAvailability/DAP.jsp?SiteID=NCSP&NOD=20,https://geodesy.noaa.gov/cgi-cors/CorsSidebarSelect.prl?site=NCSP&option=Logfile,4/24/2008,-81.9158333333,35.3652777778
NCSR,North Carolina Geodetic Survey,1,Operational,NCGS,GPS+GAL+GLO,Hourly,https://geodesy.noaa.gov/CORS/ncn_station_pages/index.html?stationID=NCSR,https://geodesy.noaa.gov/DataAvailability/DAP.jsp?SiteID=NCSR&NOD=20,https://geodesy.noaa.gov/cgi-cors/CorsSidebarSelect.prl?site=NCSR&option=Logfile,2/11/2009,-81.1144444444,36.4975
NCST,North Carolina Geodetic Survey,1,Operational,NCGS,GPS+GAL+GLO,Hourly,https://geodesy.noaa.gov/CORS/ncn_station_pages/index.html?stationID=NCST,https://geodesy.noaa.gov/DataAvailability/DAP.jsp?SiteID=NCST&NOD=20,https://geodesy.noaa.gov/cgi-cors/CorsSidebarSelect.prl?site=NCST&option=Logfile,10/15/2008,-80.8486111111,35.8552777778
NCSW,North Carolina Geodetic Survey,1,Operational,NCGS,GPS+GAL+GLO,Hourly,https://geodesy.noaa.gov/CORS/ncn_station_pages/index.html?stationID=NCSW,https://geodesy.noaa.gov/DataAvailability/DAP.jsp?SiteID=NCSW&NOD=20,https://geodesy.noaa.gov/cgi-cors/CorsSidebarSelect.prl?site=NCSW&option=Logfile,3/30/2004,-82.4233333333,35.5961111111
NCSY,North Carolina Geodetic Survey,1,Operational,NCGS,GPS+GAL+GLO,Hourly,https://geodesy.noaa.gov/CORS/ncn_station_pages/index.html?stationID=NCSY,https://geodesy.noaa.gov/DataAvailability/DAP.jsp?SiteID=NCSY&NOD=20,https://geodesy.noaa.gov/cgi-cors/CorsSidebarSelect.prl?site=NCSY&option=Logfile,5/16/2005,-83.2063888889,35.3477777778
NCTA,North Carolina Geodetic Survey,1,Operational,NCGS,GPS+GAL+GLO,Hourly,https://geodesy.noaa.gov/CORS/ncn_station_pages/index.html?stationID=NCTA,https://geodesy.noaa.gov/DataAvailability/DAP.jsp?SiteID=NCTA&NOD=20,https://geodesy.noaa.gov/cgi-cors/CorsSidebarSelect.prl?site=NCTA&option=Logfile,10/24/2008,-77.5725,35.8822222222
NCTR,North Carolina Geodetic Survey,1,Operational,NCGS,GPS+GAL+GLO,Hourly,https://geodesy.noaa.gov/CORS/ncn_station_pages/index.html?stationID=NCTR,https://geodesy.noaa.gov/DataAvailability/DAP.jsp?SiteID=NCTR&NOD=20,https://geodesy.noaa.gov/cgi-cors/CorsSidebarSelect.prl?site=NCTR&option=Logfile,4/21/2008,-79.87,35.3669444444
NCWA,North Carolina Geodetic Survey,1,Operational,NCGS,GPS+GAL+GLO,Hourly,https://geodesy.noaa.gov/CORS/ncn_station_pages/index.html?stationID=NCWA,https://geodesy.noaa.gov/DataAvailability/DAP.jsp?SiteID=NCWA&NOD=20,https://geodesy.noaa.gov/cgi-cors/CorsSidebarSelect.prl?site=NCWA&option=Logfile,10/23/2008,-77.0586111111,35.5594444444
NCWC,North Carolina Geodetic Survey,1,Operational,NCGS,GPS+GAL+GLO,Hourly,https://geodesy.noaa.gov/CORS/ncn_station_pages/index.html?stationID=NCWC,https://geodesy.noaa.gov/DataAvailability/DAP.jsp?SiteID=NCWC&NOD=20,https://geodesy.noaa.gov/cgi-cors/CorsSidebarSelect.prl?site=NCWC&option=Logfile,2/19/2009,-80.1847222222,36.3719444444
NCWH,North Carolina Geodetic Survey,1,Operational,NCGS,GPS+GAL+GLO,Hourly,https://geodesy.noaa.gov/CORS/ncn_station_pages/index.html?stationID=NCWH,https://geodesy.noaa.gov/DataAvailability/DAP.jsp?SiteID=NCWH&NOD=20,https://geodesy.noaa.gov/cgi-cors/CorsSidebarSelect.prl?site=NCWH&option=Logfile,12/23/2007,-78.7163888889,34.2802777778
NCWJ,North Carolina Geodetic Survey,1,Operational,NCGS,GPS+GAL+GLO,Hourly,https://geodesy.noaa.gov/CORS/ncn_station_pages/index.html?stationID=NCWJ,https://geodesy.noaa.gov/DataAvailability/DAP.jsp?SiteID=NCWJ&NOD=20,https://geodesy.noaa.gov/cgi-cors/CorsSidebarSelect.prl?site=NCWJ&option=Logfile,3/21/2009,-81.4783333333,36.3927777778
NCWL,North Carolina Geodetic Survey,1,Operational,NCGS,GPS+GAL+GLO,Hourly,https://geodesy.noaa.gov/CORS/ncn_station_pages/index.html?stationID=NCWL,https://geodesy.noaa.gov/DataAvailability/DAP.jsp?SiteID=NCWL&NOD=20,https://geodesy.noaa.gov/cgi-cors/CorsSidebarSelect.prl?site=NCWL&option=Logfile,10/31/2008,-77.9325,35.7072222222
NCWM,North Carolina Geodetic Survey,1,Operational,NCGS,GPS+GAL+GLO,Hourly,https://geodesy.noaa.gov/CORS/ncn_station_pages/index.html?stationID=NCWM,https://geodesy.noaa.gov/DataAvailability/DAP.jsp?SiteID=NCWM&NOD=20,https://geodesy.noaa.gov/cgi-cors/CorsSidebarSelect.prl?site=NCWM&option=Logfile,4/27/2012,-77.035,35.8302777778
NCWR,North Carolina Geodetic Survey,1,Operational,NCGS,GPS+GAL+GLO,Hourly,https://geodesy.noaa.gov/CORS/ncn_station_pages/index.html?stationID=NCWR,https://geodesy.noaa.gov/DataAvailability/DAP.jsp?SiteID=NCWR&NOD=20,https://geodesy.noaa.gov/cgi-cors/CorsSidebarSelect.prl?site=NCWR&option=Logfile,7/29/2010,-78.1702777778,36.3947222222
NCZO,North Carolina Geodetic Survey,1,Operational,NCGS,GPS+GAL+GLO,Hourly,https://geodesy.noaa.gov/CORS/ncn_station_pages/index.html?stationID=NCZO,https://geodesy.noaa.gov/DataAvailability/DAP.jsp?SiteID=NCZO&NOD=20,https://geodesy.noaa.gov/cgi-cors/CorsSidebarSelect.prl?site=NCZO&option=Logfile,2/16/2010,-79.7647222222,35.6302777778
NDAS,Trimble,1,Operational,TRIM,GPS+GLO,Hourly,https://geodesy.noaa.gov/CORS/ncn_station_pages/index.html?stationID=NDAS,https://geodesy.noaa.gov/DataAvailability/DAP.jsp?SiteID=NDAS&NOD=20,https://geodesy.noaa.gov/cgi-cors/CorsSidebarSelect.prl?site=NDAS&option=Logfile,2/20/2015,-99.3797222222,46.0333333333
NDCA,SmartNet North America,15,Operational,SMRTNT,GPS+GLO,Hourly,https://geodesy.noaa.gov/CORS/ncn_station_pages/index.html?stationID=NDCA,https://geodesy.noaa.gov/DataAvailability/DAP.jsp?SiteID=NDCA&NOD=20,https://geodesy.noaa.gov/cgi-cors/CorsSidebarSelect.prl?site=NDCA&option=Logfile,12/7/2019,-99.1186111111,47.4661111111
NDCO,Trimble,1,Operational,TRIM,GPS+GAL+GLO,Hourly,https://geodesy.noaa.gov/CORS/ncn_station_pages/index.html?stationID=NDCO,https://geodesy.noaa.gov/DataAvailability/DAP.jsp?SiteID=NDCO&NOD=20,https://geodesy.noaa.gov/cgi-cors/CorsSidebarSelect.prl?site=NDCO&option=Logfile,7/4/2015,-98.1183333333,47.4480555556
NDDI,Trimble,1,Operational,TRIM,GPS+GLO,Hourly,https://geodesy.noaa.gov/CORS/ncn_station_pages/index.html?stationID=NDDI,https://geodesy.noaa.gov/DataAvailability/DAP.jsp?SiteID=NDDI&NOD=20,https://geodesy.noaa.gov/cgi-cors/CorsSidebarSelect.prl?site=NDDI&option=Logfile,10/1/2016,-102.7433333333,46.8847222222
NDEL,Trimble,1,Operational,TRIM,GPS+GAL+GLO,Hourly,https://geodesy.noaa.gov/CORS/ncn_station_pages/index.html?stationID=NDEL,https://geodesy.noaa.gov/DataAvailability/DAP.jsp?SiteID=NDEL&NOD=20,https://geodesy.noaa.gov/cgi-cors/CorsSidebarSelect.prl?site=NDEL&option=Logfile,3/7/2015,-98.5230555556,46.0027777778
NDFA,Trimble,1,Operational,TRIM,GPS+GAL+GLO,Hourly,https://geodesy.noaa.gov/CORS/ncn_station_pages/index.html?stationID=NDFA,https://geodesy.noaa.gov/DataAvailability/DAP.jsp?SiteID=NDFA&NOD=20,https://geodesy.noaa.gov/cgi-cors/CorsSidebarSelect.prl?site=NDFA&option=Logfile,12/10/2014,-96.8372222222,46.8288888889
NDFO,Trimble,1,Operational,TRIM,GPS+GLO,Hourly,https://geodesy.noaa.gov/CORS/ncn_station_pages/index.html?stationID=NDFO,https://geodesy.noaa.gov/DataAvailability/DAP.jsp?SiteID=NDFO&NOD=20,https://geodesy.noaa.gov/cgi-cors/CorsSidebarSelect.prl?site=NDFO&option=Logfile,5/12/2015,-97.6405555556,46.1041666667
NDGR,Trimble,1,Operational,TRIM,GPS+GAL+GLO,Hourly,https://geodesy.noaa.gov/CORS/ncn_station_pages/index.html?stationID=NDGR,https://geodesy.noaa.gov/DataAvailability/DAP.jsp?SiteID=NDGR&NOD=20,https://geodesy.noaa.gov/cgi-cors/CorsSidebarSelect.prl?site=NDGR&option=Logfile,7/18/2016,-103.9330555556,48.6205555556
NDHI,Trimble,1,Operational,TRIM,GPS+GAL+GLO,Hourly,https://geodesy.noaa.gov/CORS/ncn_station_pages/index.html?stationID=NDHI,https://geodesy.noaa.gov/DataAvailability/DAP.jsp?SiteID=NDHI&NOD=20,https://geodesy.noaa.gov/cgi-cors/CorsSidebarSelect.prl?site=NDHI&option=Logfile,3/7/2015,-97.0541666667,47.4047222222
NDMB,US Air Force,1,Non-Operational,USAF,GPS+GLO,Hourly,https://geodesy.noaa.gov/CORS/ncn_station_pages/index.html?stationID=NDMB,https://geodesy.noaa.gov/DataAvailability/DAP.jsp?SiteID=NDMB&NOD=20,https://geodesy.noaa.gov/cgi-cors/CorsSidebarSelect.prl?site=NDMB&option=Logfile,6/29/2006,-101.33,48.4161111111
NDMU,Trimble,1,Operational,TRIM,GPS+GLO,Hourly,https://geodesy.noaa.gov/CORS/ncn_station_pages/index.html?stationID=NDMU,https://geodesy.noaa.gov/DataAvailability/DAP.jsp?SiteID=NDMU&NOD=20,https://geodesy.noaa.gov/cgi-cors/CorsSidebarSelect.prl?site=NDMU&option=Logfile,10/1/2016,-98.8352777778,48.6663888889
NDST,Trimble,1,Operational,TRIM,GPS+GLO,Hourly,https://geodesy.noaa.gov/CORS/ncn_station_pages/index.html?stationID=NDST,https://geodesy.noaa.gov/DataAvailability/DAP.jsp?SiteID=NDST&NOD=20,https://geodesy.noaa.gov/cgi-cors/CorsSidebarSelect.prl?site=NDST&option=Logfile,5/11/2015,-99.9155555556,46.8497222222
NEAH,UNAVCO-PBO,1,Operational,UNAVPB,GPS+GAL+GLO,Hourly,https://geodesy.noaa.gov/CORS/ncn_station_pages/index.html?stationID=NEAH,https://geodesy.noaa.gov/DataAvailability/DAP.jsp?SiteID=NEAH&NOD=20,https://geodesy.noaa.gov/cgi-cors/CorsSidebarSelect.prl?site=NEAH&option=Logfile,2/27/1998,-124.6249070694,48.2978547694
NEAL,NEBRASKA DEPARTMENT OF TRANSPORTATION,1,Operational,NDOT,GPS+GAL+GLO,Hourly,https://geodesy.noaa.gov/CORS/ncn_station_pages/index.html?stationID=NEAL,https://geodesy.noaa.gov/DataAvailability/DAP.jsp?SiteID=NEAL&NOD=20,https://geodesy.noaa.gov/cgi-cors/CorsSidebarSelect.prl?site=NEAL&option=Logfile,9/6/2014,-97.9805555556,41.675
NEAP,NEBRASKA DEPARTMENT OF TRANSPORTATION,1,Operational,NDOT,GPS+GLO,Hourly,https://geodesy.noaa.gov/CORS/ncn_station_pages/index.html?stationID=NEAP,https://geodesy.noaa.gov/DataAvailability/DAP.jsp?SiteID=NEAP&NOD=20,https://geodesy.noaa.gov/cgi-cors/CorsSidebarSelect.prl?site=NEAP&option=Logfile,9/21/2010,-99.9052777778,40.3058333333
NEBK,NEBRASKA DEPARTMENT OF TRANSPORTATION,1,Operational,NDOT,GPS+GLO,Hourly,https://geodesy.noaa.gov/CORS/ncn_station_pages/index.html?stationID=NEBK,https://geodesy.noaa.gov/DataAvailability/DAP.jsp?SiteID=NEBK&NOD=20,https://geodesy.noaa.gov/cgi-cors/CorsSidebarSelect.prl?site=NEBK&option=Logfile,3/11/2016,-101.5308333333,40.0613888889
NEBS,NEBRASKA DEPARTMENT OF TRANSPORTATION,1,Operational,NDOT,GPS+GLO,Hourly,https://geodesy.noaa.gov/CORS/ncn_station_pages/index.html?stationID=NEBS,https://geodesy.noaa.gov/DataAvailability/DAP.jsp?SiteID=NEBS&NOD=20,https://geodesy.noaa.gov/cgi-cors/CorsSidebarSelect.prl?site=NEBS&option=Logfile,1/1/2024,-102.0725,41.0508333333
NECH,NEBRASKA DEPARTMENT OF TRANSPORTATION,1,Operational,NDOT,GPS+GLO,Hourly,https://geodesy.noaa.gov/CORS/ncn_station_pages/index.html?stationID=NECH,https://geodesy.noaa.gov/DataAvailability/DAP.jsp?SiteID=NECH&NOD=20,https://geodesy.noaa.gov/cgi-cors/CorsSidebarSelect.prl?site=NECH&option=Logfile,3/19/2023,-103.0666666667,42.8311111111
NEDR,NEBRASKA DEPARTMENT OF TRANSPORTATION,1,Operational,NDOT,GPS+GAL+GLO,Hourly,https://geodesy.noaa.gov/CORS/ncn_station_pages/index.html?stationID=NEDR,https://geodesy.noaa.gov/DataAvailability/DAP.jsp?SiteID=NEDR&NOD=20,https://geodesy.noaa.gov/cgi-cors/CorsSidebarSelect.prl?site=NEDR&option=Logfile,10/30/2003,-96.7002777778,40.7725
NEFR,NEBRASKA DEPARTMENT OF TRANSPORTATION,1,Operational,NDOT,GPS+GLO,Hourly,https://geodesy.noaa.gov/CORS/ncn_station_pages/index.html?stationID=NEFR,https://geodesy.noaa.gov/DataAvailability/DAP.jsp?SiteID=NEFR&NOD=20,https://geodesy.noaa.gov/cgi-cors/CorsSidebarSelect.prl?site=NEFR&option=Logfile,2/16/2012,-97.1705555556,40.1480555556
NEGI,City of Grand Island Utility Department,5,Operational,GUID,GPS+GLO,Hourly,https://geodesy.noaa.gov/CORS/ncn_station_pages/index.html?stationID=NEGI,https://geodesy.noaa.gov/DataAvailability/DAP.jsp?SiteID=NEGI&NOD=20,https://geodesy.noaa.gov/cgi-cors/CorsSidebarSelect.prl?site=NEGI&option=Logfile,3/2/2004,-98.3280555556,40.9222222222
NEGO,NEBRASKA DEPARTMENT OF TRANSPORTATION,1,Operational,NDOT,GPS+GAL+GLO,Hourly,https://geodesy.noaa.gov/CORS/ncn_station_pages/index.html?stationID=NEGO,https://geodesy.noaa.gov/DataAvailability/DAP.jsp?SiteID=NEGO&NOD=20,https://geodesy.noaa.gov/cgi-cors/CorsSidebarSelect.prl?site=NEGO&option=Logfile,10/3/2016,-100.1658333333,40.92
NEGR,NEBRASKA DEPARTMENT OF TRANSPORTATION,1,Operational,NDOT,GPS+GAL+GLO,Hourly,https://geodesy.noaa.gov/CORS/ncn_station_pages/index.html?stationID=NEGR,https://geodesy.noaa.gov/DataAvailability/DAP.jsp?SiteID=NEGR&NOD=20,https://geodesy.noaa.gov/cgi-cors/CorsSidebarSelect.prl?site=NEGR&option=Logfile,4/21/2023,-103.6433333333,41.8094444444
NEHA,SmartNet North America,15,Operational,SMRTNT,GPS+GLO,Hourly,https://geodesy.noaa.gov/CORS/ncn_station_pages/index.html?stationID=NEHA,https://geodesy.noaa.gov/DataAvailability/DAP.jsp?SiteID=NEHA&NOD=20,https://geodesy.noaa.gov/cgi-cors/CorsSidebarSelect.prl?site=NEHA&option=Logfile,8/18/2014,-97.2772222222,42.6119444444
NEHR,NEBRASKA DEPARTMENT OF TRANSPORTATION,1,Operational,NDOT,GPS+GAL+GLO,Hourly,https://geodesy.noaa.gov/CORS/ncn_station_pages/index.html?stationID=NEHR,https://geodesy.noaa.gov/DataAvailability/DAP.jsp?SiteID=NEHR&NOD=20,https://geodesy.noaa.gov/cgi-cors/CorsSidebarSelect.prl?site=NEHR&option=Logfile,5/21/2024,-103.8961474889,42.690350725
NEHY,NEBRASKA DEPARTMENT OF TRANSPORTATION,1,Operational,NDOT,GPS+GAL+GLO,Hourly,https://geodesy.noaa.gov/CORS/ncn_station_pages/index.html?stationID=NEHY,https://geodesy.noaa.gov/DataAvailability/DAP.jsp?SiteID=NEHY&NOD=20,https://geodesy.noaa.gov/cgi-cors/CorsSidebarSelect.prl?site=NEHY&option=Logfile,11/26/2023,-101.7463888889,41.9988888889
NEKB,NEBRASKA DEPARTMENT OF TRANSPORTATION,1,Operational,NDOT,GPS+GLO,Hourly,https://geodesy.noaa.gov/CORS/ncn_station_pages/index.html?stationID=NEKB,https://geodesy.noaa.gov/DataAvailability/DAP.jsp?SiteID=NEKB&NOD=20,https://geodesy.noaa.gov/cgi-cors/CorsSidebarSelect.prl?site=NEKB&option=Logfile,12/13/2023,-103.6688888889,41.2191666667
NELL,NEBRASKA DEPARTMENT OF TRANSPORTATION,1,Operational,NDOT,GPS+GAL,Hourly,https://geodesy.noaa.gov/CORS/ncn_station_pages/index.html?stationID=NELL,https://geodesy.noaa.gov/DataAvailability/DAP.jsp?SiteID=NELL&NOD=20,https://geodesy.noaa.gov/cgi-cors/CorsSidebarSelect.prl?site=NELL&option=Logfile,8/15/2023,-102.8419444444,42.0922222222
NELY,NEBRASKA DEPARTMENT OF TRANSPORTATION,1,Operational,NDOT,GPS+GAL+GLO,Hourly,https://geodesy.noaa.gov/CORS/ncn_station_pages/index.html?stationID=NELY,https://geodesy.noaa.gov/DataAvailability/DAP.jsp?SiteID=NELY&NOD=20,https://geodesy.noaa.gov/cgi-cors/CorsSidebarSelect.prl?site=NELY&option=Logfile,6/25/2010,-96.4591666667,41.9380555556
NEMC,NEBRASKA DEPARTMENT OF TRANSPORTATION,1,Operational,NDOT,GPS+GAL+GLO,Hourly,https://geodesy.noaa.gov/CORS/ncn_station_pages/index.html?stationID=NEMC,https://geodesy.noaa.gov/DataAvailability/DAP.jsp?SiteID=NEMC&NOD=20,https://geodesy.noaa.gov/cgi-cors/CorsSidebarSelect.prl?site=NEMC&option=Logfile,10/23/2010,-100.5780555556,40.1991666667
NEMM,NEBRASKA DEPARTMENT OF TRANSPORTATION,1,Operational,NDOT,GPS+GAL+GLO,Hourly,https://geodesy.noaa.gov/CORS/ncn_station_pages/index.html?stationID=NEMM,https://geodesy.noaa.gov/DataAvailability/DAP.jsp?SiteID=NEMM&NOD=20,https://geodesy.noaa.gov/cgi-cors/CorsSidebarSelect.prl?site=NEMM&option=Logfile,2/26/2025,-101.6971716694,42.9229980833
NENC,NEBRASKA DEPARTMENT OF TRANSPORTATION,1,Operational,NDOT,GPS+GAL+GLO,Hourly,https://geodesy.noaa.gov/CORS/ncn_station_pages/index.html?stationID=NENC,https://geodesy.noaa.gov/DataAvailability/DAP.jsp?SiteID=NENC&NOD=20,https://geodesy.noaa.gov/cgi-cors/CorsSidebarSelect.prl?site=NENC&option=Logfile,10/7/2023,-95.8819444444,40.6544444444
NENF,Seiler Instruments,5,Non-Operational,SEILER,GPS+GLO,Daily,https://geodesy.noaa.gov/CORS/ncn_station_pages/index.html?stationID=NENF,https://geodesy.noaa.gov/DataAvailability/DAP.jsp?SiteID=NENF&NOD=20,https://geodesy.noaa.gov/cgi-cors/CorsSidebarSelect.prl?site=NENF&option=Logfile,10/9/2010,-97.4108333333,42.0369444444
NEOM,NEBRASKA DEPARTMENT OF TRANSPORTATION,1,Operational,NDOT,GPS+GLO,Hourly,https://geodesy.noaa.gov/CORS/ncn_station_pages/index.html?stationID=NEOM,https://geodesy.noaa.gov/DataAvailability/DAP.jsp?SiteID=NEOM&NOD=20,https://geodesy.noaa.gov/cgi-cors/CorsSidebarSelect.prl?site=NEOM&option=Logfile,5/25/2010,-96.0802777778,41.2155555556
NEOR,Seiler Instruments,1,Operational,SEILER,GPS+GAL+GLO,Hourly,https://geodesy.noaa.gov/CORS/ncn_station_pages/index.html?stationID=NEOR,https://geodesy.noaa.gov/DataAvailability/DAP.jsp?SiteID=NEOR&NOD=20,https://geodesy.noaa.gov/cgi-cors/CorsSidebarSelect.prl?site=NEOR&option=Logfile,7/8/2014,-98.9166666667,41.595
NEPC,NEBRASKA DEPARTMENT OF TRANSPORTATION,1,Operational,NDOT,GPS+GAL+GLO,Hourly,https://geodesy.noaa.gov/CORS/ncn_station_pages/index.html?stationID=NEPC,https://geodesy.noaa.gov/DataAvailability/DAP.jsp?SiteID=NEPC&NOD=20,https://geodesy.noaa.gov/cgi-cors/CorsSidebarSelect.prl?site=NEPC&option=Logfile,8/23/2015,-96.1591666667,40.1113888889
NERC,NEBRASKA DEPARTMENT OF TRANSPORTATION,1,Operational,NDOT,GPS+GLO,Hourly,https://geodesy.noaa.gov/CORS/ncn_station_pages/index.html?stationID=NERC,https://geodesy.noaa.gov/DataAvailability/DAP.jsp?SiteID=NERC&NOD=20,https://geodesy.noaa.gov/cgi-cors/CorsSidebarSelect.prl?site=NERC&option=Logfile,12/1/2011,-98.5180555556,40.0755555556
NESI,NEBRASKA DEPARTMENT OF TRANSPORTATION,1,Operational,NDOT,GPS+GAL+GLO,Hourly,https://geodesy.noaa.gov/CORS/ncn_station_pages/index.html?stationID=NESI,https://geodesy.noaa.gov/DataAvailability/DAP.jsp?SiteID=NESI&NOD=20,https://geodesy.noaa.gov/cgi-cors/CorsSidebarSelect.prl?site=NESI&option=Logfile,9/20/2025,-103.0071618167,41.1128543167
NEST,NEBRASKA DEPARTMENT OF TRANSPORTATION,1,Operational,NDOT,GPS+GAL+GLO,Hourly,https://geodesy.noaa.gov/CORS/ncn_station_pages/index.html?stationID=NEST,https://geodesy.noaa.gov/DataAvailability/DAP.jsp?SiteID=NEST&NOD=20,https://geodesy.noaa.gov/cgi-cors/CorsSidebarSelect.prl?site=NEST&option=Logfile,10/8/2016,-100.5013888889,41.48
NESU,NEBRASKA DEPARTMENT OF TRANSPORTATION,1,Operational,NDOT,GPS+GAL+GLO,Hourly,https://geodesy.noaa.gov/CORS/ncn_station_pages/index.html?stationID=NESU,https://geodesy.noaa.gov/DataAvailability/DAP.jsp?SiteID=NESU&NOD=20,https://geodesy.noaa.gov/cgi-cors/CorsSidebarSelect.prl?site=NESU&option=Logfile,11/22/2024,-101.0962192583,41.13821475
NETP,Harris Galveston Coastal Subsidence District,30,Operational,HGCSD,GPS+GAL+GLO,Hourly,https://geodesy.noaa.gov/CORS/ncn_station_pages/index.html?stationID=NETP,https://geodesy.noaa.gov/DataAvailability/DAP.jsp?SiteID=NETP&NOD=20,https://geodesy.noaa.gov/cgi-cors/CorsSidebarSelect.prl?site=NETP&option=Logfile,2/19/2002,-95.3341666667,29.7911111111
NEVL,NEBRASKA DEPARTMENT OF TRANSPORTATION,1,Operational,NDOT,GPS+GAL+GLO,Hourly,https://geodesy.noaa.gov/CORS/ncn_station_pages/index.html?stationID=NEVL,https://geodesy.noaa.gov/DataAvailability/DAP.jsp?SiteID=NEVL&NOD=20,https://geodesy.noaa.gov/cgi-cors/CorsSidebarSelect.prl?site=NEVL&option=Logfile,2/4/2025,-100.5578036389,42.858175725
NEYK,NEBRASKA DEPARTMENT OF TRANSPORTATION,1,Operational,NDOT,GPS+GLO,Hourly,https://geodesy.noaa.gov/CORS/ncn_station_pages/index.html?stationID=NEYK,https://geodesy.noaa.gov/DataAvailability/DAP.jsp?SiteID=NEYK&NOD=20,https://geodesy.noaa.gov/cgi-cors/CorsSidebarSelect.prl?site=NEYK&option=Logfile,6/26/2010,-97.5938888889,40.8430555556
NHCO,New Hampshire Department of Transportation,5,Non-Operational,NHDOT,GPS+GLO,Hourly,https://geodesy.noaa.gov/CORS/ncn_station_pages/index.html?stationID=NHCO,https://geodesy.noaa.gov/DataAvailability/DAP.jsp?SiteID=NHCO&NOD=20,https://geodesy.noaa.gov/cgi-cors/CorsSidebarSelect.prl?site=NHCO&option=Logfile,6/4/2010,-71.5197222222,43.2127777778
NHUN,University of New Hampshire FIT,1,Operational,UNHFIT,GPS+GAL+GLO,Hourly,https://geodesy.noaa.gov/CORS/ncn_station_pages/index.html?stationID=NHUN,https://geodesy.noaa.gov/DataAvailability/DAP.jsp?SiteID=NHUN&NOD=20,https://geodesy.noaa.gov/cgi-cors/CorsSidebarSelect.prl?site=NHUN&option=Logfile,6/1/2006,-70.9516666667,43.1425
NJCM,SmartNet North America,15,Operational,SMRTNT,GPS+GLO,Hourly,https://geodesy.noaa.gov/CORS/ncn_station_pages/index.html?stationID=NJCM,https://geodesy.noaa.gov/DataAvailability/DAP.jsp?SiteID=NJCM&NOD=20,https://geodesy.noaa.gov/cgi-cors/CorsSidebarSelect.prl?site=NJCM&option=Logfile,1/30/2007,-74.8027777778,39.1005555556
NJGC,SmartNet North America,15,Operational,SMRTNT,GPS+GLO,Hourly,https://geodesy.noaa.gov/CORS/ncn_station_pages/index.html?stationID=NJGC,https://geodesy.noaa.gov/DataAvailability/DAP.jsp?SiteID=NJGC&NOD=20,https://geodesy.noaa.gov/cgi-cors/CorsSidebarSelect.prl?site=NJGC&option=Logfile,10/10/2003,-75.1197222222,39.7811111111
NJHC,SmartNet North America,15,Operational,SMRTNT,GPS+GLO,Hourly,https://geodesy.noaa.gov/CORS/ncn_station_pages/index.html?stationID=NJHC,https://geodesy.noaa.gov/DataAvailability/DAP.jsp?SiteID=NJHC&NOD=20,https://geodesy.noaa.gov/cgi-cors/CorsSidebarSelect.prl?site=NJHC&option=Logfile,5/16/2008,-74.9011111111,40.5013888889
NJI2,SmartNet North America,15,Operational,SMRTNT,GPS+GLO,Hourly,https://geodesy.noaa.gov/CORS/ncn_station_pages/index.html?stationID=NJI2,https://geodesy.noaa.gov/DataAvailability/DAP.jsp?SiteID=NJI2&NOD=20,https://geodesy.noaa.gov/cgi-cors/CorsSidebarSelect.prl?site=NJI2&option=Logfile,5/18/2001,-74.1775,40.7413888889
NJNT,SmartNet North America,15,Operational,SMRTNT,GPS+GLO,Hourly,https://geodesy.noaa.gov/CORS/ncn_station_pages/index.html?stationID=NJNT,https://geodesy.noaa.gov/DataAvailability/DAP.jsp?SiteID=NJNT&NOD=20,https://geodesy.noaa.gov/cgi-cors/CorsSidebarSelect.prl?site=NJNT&option=Logfile,11/22/2008,-74.0363888889,40.2091666667
NJOC,SmartNet North America,15,Operational,SMRTNT,GPS+GLO,Hourly,https://geodesy.noaa.gov/CORS/ncn_station_pages/index.html?stationID=NJOC,https://geodesy.noaa.gov/DataAvailability/DAP.jsp?SiteID=NJOC&NOD=20,https://geodesy.noaa.gov/cgi-cors/CorsSidebarSelect.prl?site=NJOC&option=Logfile,7/1/2006,-74.1933333333,39.9527777778
NJSC,SmartNet North America,15,Operational,SMRTNT,GPS+GLO,Hourly,https://geodesy.noaa.gov/CORS/ncn_station_pages/index.html?stationID=NJSC,https://geodesy.noaa.gov/DataAvailability/DAP.jsp?SiteID=NJSC&NOD=20,https://geodesy.noaa.gov/cgi-cors/CorsSidebarSelect.prl?site=NJSC&option=Logfile,5/16/2008,-74.7525,41.0586111111
NJTP,SmartNet North America,15,Operational,SMRTNT,GPS+GLO,Hourly,https://geodesy.noaa.gov/CORS/ncn_station_pages/index.html?stationID=NJTP,https://geodesy.noaa.gov/DataAvailability/DAP.jsp?SiteID=NJTP&NOD=20,https://geodesy.noaa.gov/cgi-cors/CorsSidebarSelect.prl?site=NJTP&option=Logfile,1/30/2007,-74.4677777778,40.5402777778
NJTR,SmartNet North America,15,Operational,SMRTNT,GPS+GLO,Hourly,https://geodesy.noaa.gov/CORS/ncn_station_pages/index.html?stationID=NJTR,https://geodesy.noaa.gov/DataAvailability/DAP.jsp?SiteID=NJTR&NOD=20,https://geodesy.noaa.gov/cgi-cors/CorsSidebarSelect.prl?site=NJTR&option=Logfile,7/28/2004,-74.7966666667,40.2575
NJWC,SmartNet North America,15,Operational,SMRTNT,GPS+GLO,Hourly,https://geodesy.noaa.gov/CORS/ncn_station_pages/index.html?stationID=NJWC,https://geodesy.noaa.gov/DataAvailability/DAP.jsp?SiteID=NJWC&NOD=20,https://geodesy.noaa.gov/cgi-cors/CorsSidebarSelect.prl?site=NJWC&option=Logfile,11/22/2008,-75.0811111111,40.8008333333
NLIB,Jet Propulsion Laboratory,30,Operational,JPL,GPS+GAL+GLO,Hourly,https://geodesy.noaa.gov/CORS/ncn_station_pages/index.html?stationID=NLIB,https://geodesy.noaa.gov/DataAvailability/DAP.jsp?SiteID=NLIB&NOD=20,https://geodesy.noaa.gov/cgi-cors/CorsSidebarSelect.prl?site=NLIB&option=Logfile,9/24/1995,-91.5747222222,41.7713888889
NMDE,New Mexico Department of Transportation,5,Operational,NMDOT,GPS+GLO,Hourly,https://geodesy.noaa.gov/CORS/ncn_station_pages/index.html?stationID=NMDE,https://geodesy.noaa.gov/DataAvailability/DAP.jsp?SiteID=NMDE&NOD=20,https://geodesy.noaa.gov/cgi-cors/CorsSidebarSelect.prl?site=NMDE&option=Logfile,11/28/2007,-107.7258333333,32.2672222222
NMGR,New Mexico Department of Transportation,5,Operational,NMDOT,GPS,Hourly,https://geodesy.noaa.gov/CORS/ncn_station_pages/index.html?stationID=NMGR,https://geodesy.noaa.gov/DataAvailability/DAP.jsp?SiteID=NMGR&NOD=20,https://geodesy.noaa.gov/cgi-cors/CorsSidebarSelect.prl?site=NMGR&option=Logfile,4/29/2006,-107.93,35.2163888889
NMRO,New Mexico Department of Transportation,5,Operational,NMDOT,GPS+GLO,Hourly,https://geodesy.noaa.gov/CORS/ncn_station_pages/index.html?stationID=NMRO,https://geodesy.noaa.gov/DataAvailability/DAP.jsp?SiteID=NMRO&NOD=20,https://geodesy.noaa.gov/cgi-cors/CorsSidebarSelect.prl?site=NMRO&option=Logfile,7/15/2004,-104.5888888889,33.3947222222
NMSF,New Mexico Department of Transportation,5,Operational,NMDOT,GPS,Hourly,https://geodesy.noaa.gov/CORS/ncn_station_pages/index.html?stationID=NMSF,https://geodesy.noaa.gov/DataAvailability/DAP.jsp?SiteID=NMSF&NOD=20,https://geodesy.noaa.gov/cgi-cors/CorsSidebarSelect.prl?site=NMSF&option=Logfile,1/23/2003,-105.9583333333,35.6736111111
NMSU,New Mexico State University,1,Operational,NMSU,GPS+GAL+GLO,Hourly,https://geodesy.noaa.gov/CORS/ncn_station_pages/index.html?stationID=NMSU,https://geodesy.noaa.gov/DataAvailability/DAP.jsp?SiteID=NMSU&NOD=20,https://geodesy.noaa.gov/cgi-cors/CorsSidebarSelect.prl?site=NMSU&option=Logfile,8/31/2010,-106.7444444444,32.2741666667
NMTU,SmartNet North America,15,Operational,SMRTNT,GPS+GLO,Hourly,https://geodesy.noaa.gov/CORS/ncn_station_pages/index.html?stationID=NMTU,https://geodesy.noaa.gov/DataAvailability/DAP.jsp?SiteID=NMTU&NOD=20,https://geodesy.noaa.gov/cgi-cors/CorsSidebarSelect.prl?site=NMTU&option=Logfile,4/21/2020,-103.7152777778,35.1741666667
NOCO,"US Geological Survey, Pasadena/SCIGN",15,Operational,USGSPA,GPS+GAL+GLO,Daily,https://geodesy.noaa.gov/CORS/ncn_station_pages/index.html?stationID=NOCO,https://geodesy.noaa.gov/DataAvailability/DAP.jsp?SiteID=NOCO&NOD=20,https://geodesy.noaa.gov/cgi-cors/CorsSidebarSelect.prl?site=NOCO&option=Logfile,7/22/2008,-117.5694444444,33.9194444444
NOMT,Montana Department of Transportation,1,Operational,MTDOT,GPS+GAL+GLO,Hourly,https://geodesy.noaa.gov/CORS/ncn_station_pages/index.html?stationID=NOMT,https://geodesy.noaa.gov/DataAvailability/DAP.jsp?SiteID=NOMT&NOD=20,https://geodesy.noaa.gov/cgi-cors/CorsSidebarSelect.prl?site=NOMT&option=Logfile,5/5/2010,-111.6297222222,45.5966666667
NOR1,Michigan Department of Transportation,1,Operational,MIDT,GPS+GLO,Hourly,https://geodesy.noaa.gov/CORS/ncn_station_pages/index.html?stationID=NOR1,https://geodesy.noaa.gov/DataAvailability/DAP.jsp?SiteID=NOR1&NOD=20,https://geodesy.noaa.gov/cgi-cors/CorsSidebarSelect.prl?site=NOR1&option=Logfile,8/31/2001,-85.4369444444,44.2555555556
NOR3,Michigan Department of Transportation,1,Operational,MIDT,GPS+GLO,Hourly,https://geodesy.noaa.gov/CORS/ncn_station_pages/index.html?stationID=NOR3,https://geodesy.noaa.gov/DataAvailability/DAP.jsp?SiteID=NOR3&NOD=20,https://geodesy.noaa.gov/cgi-cors/CorsSidebarSelect.prl?site=NOR3&option=Logfile,8/31/2001,-83.5686111111,45.0683333333
NPRI,NGS Stations CORS,1,Suspended,NGSSTA,GPS+GLO,Hourly,https://geodesy.noaa.gov/CORS/ncn_station_pages/index.html?stationID=NPRI,https://geodesy.noaa.gov/DataAvailability/DAP.jsp?SiteID=NPRI&NOD=20,https://geodesy.noaa.gov/cgi-cors/CorsSidebarSelect.prl?site=NPRI&option=Logfile,11/15/1999,-71.3275378194,41.5098469833
NVAG,SmartNet North America,15,Operational,SMRTNT,GPS+GLO,Hourly,https://geodesy.noaa.gov/CORS/ncn_station_pages/index.html?stationID=NVAG,https://geodesy.noaa.gov/DataAvailability/DAP.jsp?SiteID=NVAG&NOD=20,https://geodesy.noaa.gov/cgi-cors/CorsSidebarSelect.prl?site=NVAG&option=Logfile,7/29/2019,-116.4636111111,36.4483333333
NVBM,Las Vegas Valley Water District,1,Operational,LVVWD,GPS+GAL+GLO,Hourly,https://geodesy.noaa.gov/CORS/ncn_station_pages/index.html?stationID=NVBM,https://geodesy.noaa.gov/DataAvailability/DAP.jsp?SiteID=NVBM&NOD=20,https://geodesy.noaa.gov/cgi-cors/CorsSidebarSelect.prl?site=NVBM&option=Logfile,11/2/2007,-115.1575,35.9697222222
NVCA,Las Vegas Valley Water District,1,Operational,LVVWD,GPS+GAL+GLO,Hourly,https://geodesy.noaa.gov/CORS/ncn_station_pages/index.html?stationID=NVCA,https://geodesy.noaa.gov/DataAvailability/DAP.jsp?SiteID=NVCA&NOD=20,https://geodesy.noaa.gov/cgi-cors/CorsSidebarSelect.prl?site=NVCA&option=Logfile,8/24/2007,-115.1719444444,36.2197222222
NVLA,Las Vegas Valley Water District,1,Operational,LVVWD,GPS+GAL+GLO,Hourly,https://geodesy.noaa.gov/CORS/ncn_station_pages/index.html?stationID=NVLA,https://geodesy.noaa.gov/DataAvailability/DAP.jsp?SiteID=NVLA&NOD=20,https://geodesy.noaa.gov/cgi-cors/CorsSidebarSelect.prl?site=NVLA&option=Logfile,2/12/2010,-114.5797222222,35.1705555556
NVLM,Las Vegas Valley Water District,1,Operational,LVVWD,GPS+GAL+GLO,Hourly,https://geodesy.noaa.gov/CORS/ncn_station_pages/index.html?stationID=NVLM,https://geodesy.noaa.gov/DataAvailability/DAP.jsp?SiteID=NVLM&NOD=20,https://geodesy.noaa.gov/cgi-cors/CorsSidebarSelect.prl?site=NVLM&option=Logfile,6/28/2006,-114.8130555556,36.0694444444
NVPI,Las Vegas Valley Water District,1,Operational,LVVWD,GPS+GAL+GLO,Hourly,https://geodesy.noaa.gov/CORS/ncn_station_pages/index.html?stationID=NVPI,https://geodesy.noaa.gov/DataAvailability/DAP.jsp?SiteID=NVPI&NOD=20,https://geodesy.noaa.gov/cgi-cors/CorsSidebarSelect.prl?site=NVPI&option=Logfile,2/24/2011,-114.4508333333,37.9369444444
NVPO,Las Vegas Valley Water District,1,Non-Operational,LVVWD,GPS+GAL+GLO,Hourly,https://geodesy.noaa.gov/CORS/ncn_station_pages/index.html?stationID=NVPO,https://geodesy.noaa.gov/DataAvailability/DAP.jsp?SiteID=NVPO&NOD=20,https://geodesy.noaa.gov/cgi-cors/CorsSidebarSelect.prl?site=NVPO&option=Logfile,2/20/2007,-115.4955555556,35.9561111111
NVSV,Las Vegas Valley Water District,1,Operational,LVVWD,GPS+GAL+GLO,Hourly,https://geodesy.noaa.gov/CORS/ncn_station_pages/index.html?stationID=NVSV,https://geodesy.noaa.gov/DataAvailability/DAP.jsp?SiteID=NVSV&NOD=20,https://geodesy.noaa.gov/cgi-cors/CorsSidebarSelect.prl?site=NVSV&option=Logfile,2/10/2010,-114.4025,38.9166666667
NVTP,Las Vegas Valley Water District,1,Operational,LVVWD,GPS+GAL+GLO,Hourly,https://geodesy.noaa.gov/CORS/ncn_station_pages/index.html?stationID=NVTP,https://geodesy.noaa.gov/DataAvailability/DAP.jsp?SiteID=NVTP&NOD=20,https://geodesy.noaa.gov/cgi-cors/CorsSidebarSelect.prl?site=NVTP&option=Logfile,11/2/2007,-115.3288888889,36.0991666667
NVWS,Las Vegas Valley Water District,1,Operational,LVVWD,GPS+GAL+GLO,Hourly,https://geodesy.noaa.gov/CORS/ncn_station_pages/index.html?stationID=NVWS,https://geodesy.noaa.gov/DataAvailability/DAP.jsp?SiteID=NVWS&NOD=20,https://geodesy.noaa.gov/cgi-cors/CorsSidebarSelect.prl?site=NVWS&option=Logfile,3/11/2014,-114.7152777778,36.7247222222
NWBG,City of Newberg Oregon,5,Operational,CTYNBG,GPS+GLO,Hourly,https://geodesy.noaa.gov/CORS/ncn_station_pages/index.html?stationID=NWBG,https://geodesy.noaa.gov/DataAvailability/DAP.jsp?SiteID=NWBG&NOD=20,https://geodesy.noaa.gov/cgi-cors/CorsSidebarSelect.prl?site=NWBG&option=Logfile,2/1/2005,-122.9752777778,45.3
NYBH,New York State Department of Transportation,5,Operational,NYDT,GPS+GLO,Hourly,https://geodesy.noaa.gov/CORS/ncn_station_pages/index.html?stationID=NYBH,https://geodesy.noaa.gov/DataAvailability/DAP.jsp?SiteID=NYBH&NOD=20,https://geodesy.noaa.gov/cgi-cors/CorsSidebarSelect.prl?site=NYBH&option=Logfile,4/22/2006,-75.8272222222,42.1097222222
NYBP,NGS Stations CORS,1,Operational,NGSSTA,GPS+GAL+GLO,Hourly,https://geodesy.noaa.gov/CORS/ncn_station_pages/index.html?stationID=NYBP,https://geodesy.noaa.gov/DataAvailability/DAP.jsp?SiteID=NYBP&NOD=20,https://geodesy.noaa.gov/cgi-cors/CorsSidebarSelect.prl?site=NYBP&option=Logfile,4/23/2010,-74.0141666667,40.7008333333
NYBR,SmartNet North America,15,Operational,SMRTNT,GPS+GLO,Hourly,https://geodesy.noaa.gov/CORS/ncn_station_pages/index.html?stationID=NYBR,https://geodesy.noaa.gov/DataAvailability/DAP.jsp?SiteID=NYBR&NOD=20,https://geodesy.noaa.gov/cgi-cors/CorsSidebarSelect.prl?site=NYBR&option=Logfile,4/6/2011,-74.0011111111,40.6886111111
NYBT,New York State Department of Transportation,5,Operational,NYDT,GPS+GLO,Hourly,https://geodesy.noaa.gov/CORS/ncn_station_pages/index.html?stationID=NYBT,https://geodesy.noaa.gov/DataAvailability/DAP.jsp?SiteID=NYBT&NOD=20,https://geodesy.noaa.gov/cgi-cors/CorsSidebarSelect.prl?site=NYBT&option=Logfile,4/22/2006,-78.1222222222,42.9880555556
NYCI,New York State Department of Transportation,5,Operational,NYDT,GPS+GLO,Hourly,https://geodesy.noaa.gov/CORS/ncn_station_pages/index.html?stationID=NYCI,https://geodesy.noaa.gov/DataAvailability/DAP.jsp?SiteID=NYCI&NOD=20,https://geodesy.noaa.gov/cgi-cors/CorsSidebarSelect.prl?site=NYCI&option=Logfile,4/25/2006,-73.1975,40.7605555556
NYCL,New York State Department of Transportation,5,Operational,NYDT,GPS+GLO,Hourly,https://geodesy.noaa.gov/CORS/ncn_station_pages/index.html?stationID=NYCL,https://geodesy.noaa.gov/DataAvailability/DAP.jsp?SiteID=NYCL&NOD=20,https://geodesy.noaa.gov/cgi-cors/CorsSidebarSelect.prl?site=NYCL&option=Logfile,4/22/2006,-76.2111111111,42.5841666667
NYCP,New York State Department of Transportation,5,Operational,NYDT,GPS+GLO,Hourly,https://geodesy.noaa.gov/CORS/ncn_station_pages/index.html?stationID=NYCP,https://geodesy.noaa.gov/DataAvailability/DAP.jsp?SiteID=NYCP&NOD=20,https://geodesy.noaa.gov/cgi-cors/CorsSidebarSelect.prl?site=NYCP&option=Logfile,4/22/2006,-77.1433333333,42.1877777778
NYCS,New York State Department of Transportation,5,Operational,NYDT,GPS+GLO,Hourly,https://geodesy.noaa.gov/CORS/ncn_station_pages/index.html?stationID=NYCS,https://geodesy.noaa.gov/DataAvailability/DAP.jsp?SiteID=NYCS&NOD=20,https://geodesy.noaa.gov/cgi-cors/CorsSidebarSelect.prl?site=NYCS&option=Logfile,10/3/2008,-74.4861111111,42.6672222222
NYDV,New York State Department of Transportation,5,Operational,NYDT,GPS+GLO,Hourly,https://geodesy.noaa.gov/CORS/ncn_station_pages/index.html?stationID=NYDV,https://geodesy.noaa.gov/DataAvailability/DAP.jsp?SiteID=NYDV&NOD=20,https://geodesy.noaa.gov/cgi-cors/CorsSidebarSelect.prl?site=NYDV&option=Logfile,8/30/2006,-77.6977777778,42.5488888889
NYET,New York State Department of Transportation,5,Operational,NYDT,GPS+GLO,Hourly,https://geodesy.noaa.gov/CORS/ncn_station_pages/index.html?stationID=NYET,https://geodesy.noaa.gov/DataAvailability/DAP.jsp?SiteID=NYET&NOD=20,https://geodesy.noaa.gov/cgi-cors/CorsSidebarSelect.prl?site=NYET&option=Logfile,4/25/2006,-73.5402777778,44.2094444444
NYFD,New York State Department of Transportation,5,Operational,NYDT,GPS+GLO,Hourly,https://geodesy.noaa.gov/CORS/ncn_station_pages/index.html?stationID=NYFD,https://geodesy.noaa.gov/DataAvailability/DAP.jsp?SiteID=NYFD&NOD=20,https://geodesy.noaa.gov/cgi-cors/CorsSidebarSelect.prl?site=NYFD&option=Logfile,8/30/2006,-79.3394444444,42.4280555556
NYFS,New York State Department of Transportation,5,Operational,NYDT,GPS+GLO,Hourly,https://geodesy.noaa.gov/CORS/ncn_station_pages/index.html?stationID=NYFS,https://geodesy.noaa.gov/DataAvailability/DAP.jsp?SiteID=NYFS&NOD=20,https://geodesy.noaa.gov/cgi-cors/CorsSidebarSelect.prl?site=NYFS&option=Logfile,4/22/2006,-78.1436111111,42.2044444444
NYFV,New York State Department of Transportation,5,Operational,NYDT,GPS+GLO,Hourly,https://geodesy.noaa.gov/CORS/ncn_station_pages/index.html?stationID=NYFV,https://geodesy.noaa.gov/DataAvailability/DAP.jsp?SiteID=NYFV&NOD=20,https://geodesy.noaa.gov/cgi-cors/CorsSidebarSelect.prl?site=NYFV&option=Logfile,4/24/2006,-74.3533333333,42.9391666667
NYHB,New York State Department of Transportation,5,Operational,NYDT,GPS+GLO,Hourly,https://geodesy.noaa.gov/CORS/ncn_station_pages/index.html?stationID=NYHB,https://geodesy.noaa.gov/DataAvailability/DAP.jsp?SiteID=NYHB&NOD=20,https://geodesy.noaa.gov/cgi-cors/CorsSidebarSelect.prl?site=NYHB&option=Logfile,4/22/2006,-78.8463888889,42.7172222222
NYHC,New York State Department of Transportation,5,Operational,NYDT,GPS+GLO,Hourly,https://geodesy.noaa.gov/CORS/ncn_station_pages/index.html?stationID=NYHC,https://geodesy.noaa.gov/DataAvailability/DAP.jsp?SiteID=NYHC&NOD=20,https://geodesy.noaa.gov/cgi-cors/CorsSidebarSelect.prl?site=NYHC&option=Logfile,4/22/2006,-75.2925,41.9583333333
NYHL,New York State Department of Transportation,5,Operational,NYDT,GPS+GLO,Hourly,https://geodesy.noaa.gov/CORS/ncn_station_pages/index.html?stationID=NYHL,https://geodesy.noaa.gov/DataAvailability/DAP.jsp?SiteID=NYHL&NOD=20,https://geodesy.noaa.gov/cgi-cors/CorsSidebarSelect.prl?site=NYHL&option=Logfile,10/3/2008,-75.4491666667,44.3086111111
NYHS,New York State Department of Transportation,5,Operational,NYDT,GPS+GLO,Hourly,https://geodesy.noaa.gov/CORS/ncn_station_pages/index.html?stationID=NYHS,https://geodesy.noaa.gov/DataAvailability/DAP.jsp?SiteID=NYHS&NOD=20,https://geodesy.noaa.gov/cgi-cors/CorsSidebarSelect.prl?site=NYHS&option=Logfile,4/22/2006,-73.7575,42.2522222222
NYIL,New York State Department of Transportation,5,Operational,NYDT,GPS+GLO,Hourly,https://geodesy.noaa.gov/CORS/ncn_station_pages/index.html?stationID=NYIL,https://geodesy.noaa.gov/DataAvailability/DAP.jsp?SiteID=NYIL&NOD=20,https://geodesy.noaa.gov/cgi-cors/CorsSidebarSelect.prl?site=NYIL&option=Logfile,10/3/2008,-74.2775,43.7825
NYKT,New York State Department of Transportation,5,Operational,NYDT,GPS+GLO,Hourly,https://geodesy.noaa.gov/CORS/ncn_station_pages/index.html?stationID=NYKT,https://geodesy.noaa.gov/DataAvailability/DAP.jsp?SiteID=NYKT&NOD=20,https://geodesy.noaa.gov/cgi-cors/CorsSidebarSelect.prl?site=NYKT&option=Logfile,4/22/2006,-74.0311111111,41.9369444444
NYLC,New York State Department of Transportation,5,Operational,NYDT,GPS+GLO,Hourly,https://geodesy.noaa.gov/CORS/ncn_station_pages/index.html?stationID=NYLC,https://geodesy.noaa.gov/DataAvailability/DAP.jsp?SiteID=NYLC&NOD=20,https://geodesy.noaa.gov/cgi-cors/CorsSidebarSelect.prl?site=NYLC&option=Logfile,4/22/2006,-73.6513888889,41.4808333333
NYLP,New York State Department of Transportation,5,Operational,NYDT,GPS+GLO,Hourly,https://geodesy.noaa.gov/CORS/ncn_station_pages/index.html?stationID=NYLP,https://geodesy.noaa.gov/DataAvailability/DAP.jsp?SiteID=NYLP&NOD=20,https://geodesy.noaa.gov/cgi-cors/CorsSidebarSelect.prl?site=NYLP&option=Logfile,4/22/2006,-78.7536111111,43.165
NYLV,New York State Department of Transportation,5,Operational,NYDT,GPS+GLO,Hourly,https://geodesy.noaa.gov/CORS/ncn_station_pages/index.html?stationID=NYLV,https://geodesy.noaa.gov/DataAvailability/DAP.jsp?SiteID=NYLV&NOD=20,https://geodesy.noaa.gov/cgi-cors/CorsSidebarSelect.prl?site=NYLV&option=Logfile,4/22/2006,-75.4852777778,43.7963888889
NYMD,New York State Department of Transportation,5,Operational,NYDT,GPS+GLO,Hourly,https://geodesy.noaa.gov/CORS/ncn_station_pages/index.html?stationID=NYMD,https://geodesy.noaa.gov/DataAvailability/DAP.jsp?SiteID=NYMD&NOD=20,https://geodesy.noaa.gov/cgi-cors/CorsSidebarSelect.prl?site=NYMD&option=Logfile,4/22/2006,-74.4427777778,41.4066666667
NYML,New York State Department of Transportation,5,Operational,NYDT,GPS+GLO,Hourly,https://geodesy.noaa.gov/CORS/ncn_station_pages/index.html?stationID=NYML,https://geodesy.noaa.gov/DataAvailability/DAP.jsp?SiteID=NYML&NOD=20,https://geodesy.noaa.gov/cgi-cors/CorsSidebarSelect.prl?site=NYML&option=Logfile,4/22/2006,-74.2880555556,44.8708333333
NYMX,New York State Department of Transportation,5,Operational,NYDT,GPS+GLO,Hourly,https://geodesy.noaa.gov/CORS/ncn_station_pages/index.html?stationID=NYMX,https://geodesy.noaa.gov/DataAvailability/DAP.jsp?SiteID=NYMX&NOD=20,https://geodesy.noaa.gov/cgi-cors/CorsSidebarSelect.prl?site=NYMX&option=Logfile,4/22/2006,-76.2316666667,43.47
NYNB,New York State Department of Transportation,5,Operational,NYDT,GPS+GLO,Hourly,https://geodesy.noaa.gov/CORS/ncn_station_pages/index.html?stationID=NYNB,https://geodesy.noaa.gov/DataAvailability/DAP.jsp?SiteID=NYNB&NOD=20,https://geodesy.noaa.gov/cgi-cors/CorsSidebarSelect.prl?site=NYNB&option=Logfile,10/4/2008,-74.0252777778,41.495
NYON,New York State Department of Transportation,5,Operational,NYDT,GPS+GLO,Hourly,https://geodesy.noaa.gov/CORS/ncn_station_pages/index.html?stationID=NYON,https://geodesy.noaa.gov/DataAvailability/DAP.jsp?SiteID=NYON&NOD=20,https://geodesy.noaa.gov/cgi-cors/CorsSidebarSelect.prl?site=NYON&option=Logfile,4/22/2006,-75.1116666667,42.44
NYPB,New York State Department of Transportation,5,Operational,NYDT,GPS+GLO,Hourly,https://geodesy.noaa.gov/CORS/ncn_station_pages/index.html?stationID=NYPB,https://geodesy.noaa.gov/DataAvailability/DAP.jsp?SiteID=NYPB&NOD=20,https://geodesy.noaa.gov/cgi-cors/CorsSidebarSelect.prl?site=NYPB&option=Logfile,4/22/2006,-73.4538888889,44.6805555556
NYPD,New York State Department of Transportation,5,Operational,NYDT,GPS+GLO,Hourly,https://geodesy.noaa.gov/CORS/ncn_station_pages/index.html?stationID=NYPD,https://geodesy.noaa.gov/DataAvailability/DAP.jsp?SiteID=NYPD&NOD=20,https://geodesy.noaa.gov/cgi-cors/CorsSidebarSelect.prl?site=NYPD&option=Logfile,4/22/2006,-75.0416666667,44.6525
NYPF,New York State Department of Transportation,5,Operational,NYDT,GPS+GLO,Hourly,https://geodesy.noaa.gov/CORS/ncn_station_pages/index.html?stationID=NYPF,https://geodesy.noaa.gov/DataAvailability/DAP.jsp?SiteID=NYPF&NOD=20,https://geodesy.noaa.gov/cgi-cors/CorsSidebarSelect.prl?site=NYPF&option=Logfile,4/22/2006,-77.5252777778,43.0930555556
NYRB,New York State Department of Transportation,5,Operational,NYDT,GPS+GLO,Hourly,https://geodesy.noaa.gov/CORS/ncn_station_pages/index.html?stationID=NYRB,https://geodesy.noaa.gov/DataAvailability/DAP.jsp?SiteID=NYRB&NOD=20,https://geodesy.noaa.gov/cgi-cors/CorsSidebarSelect.prl?site=NYRB&option=Logfile,10/4/2008,-74.0783333333,44.3036111111
NYRH,New York State Department of Transportation,5,Operational,NYDT,GPS+GLO,Hourly,https://geodesy.noaa.gov/CORS/ncn_station_pages/index.html?stationID=NYRH,https://geodesy.noaa.gov/DataAvailability/DAP.jsp?SiteID=NYRH&NOD=20,https://geodesy.noaa.gov/cgi-cors/CorsSidebarSelect.prl?site=NYRH&option=Logfile,8/30/2006,-72.7138888889,40.9233333333
NYRM,New York State Department of Transportation,5,Operational,NYDT,GPS+GLO,Hourly,https://geodesy.noaa.gov/CORS/ncn_station_pages/index.html?stationID=NYRM,https://geodesy.noaa.gov/DataAvailability/DAP.jsp?SiteID=NYRM&NOD=20,https://geodesy.noaa.gov/cgi-cors/CorsSidebarSelect.prl?site=NYRM&option=Logfile,4/22/2006,-75.4869444444,43.1777777778
NYSB,New York State Department of Transportation,5,Operational,NYDT,GPS+GLO,Hourly,https://geodesy.noaa.gov/CORS/ncn_station_pages/index.html?stationID=NYSB,https://geodesy.noaa.gov/DataAvailability/DAP.jsp?SiteID=NYSB&NOD=20,https://geodesy.noaa.gov/cgi-cors/CorsSidebarSelect.prl?site=NYSB&option=Logfile,10/4/2008,-75.5130555556,42.6791666667
NYSM,New York State Department of Transportation,5,Operational,NYDT,GPS+GLO,Hourly,https://geodesy.noaa.gov/CORS/ncn_station_pages/index.html?stationID=NYSM,https://geodesy.noaa.gov/DataAvailability/DAP.jsp?SiteID=NYSM&NOD=20,https://geodesy.noaa.gov/cgi-cors/CorsSidebarSelect.prl?site=NYSM&option=Logfile,4/22/2006,-78.7472222222,42.1919444444
NYST,New York State Department of Transportation,5,Operational,NYDT,GPS+GLO,Hourly,https://geodesy.noaa.gov/CORS/ncn_station_pages/index.html?stationID=NYST,https://geodesy.noaa.gov/DataAvailability/DAP.jsp?SiteID=NYST&NOD=20,https://geodesy.noaa.gov/cgi-cors/CorsSidebarSelect.prl?site=NYST&option=Logfile,4/22/2006,-73.8041666667,43.0613888889
NYVH,New York State Department of Transportation,5,Operational,NYDT,GPS+GLO,Hourly,https://geodesy.noaa.gov/CORS/ncn_station_pages/index.html?stationID=NYVH,https://geodesy.noaa.gov/DataAvailability/DAP.jsp?SiteID=NYVH&NOD=20,https://geodesy.noaa.gov/cgi-cors/CorsSidebarSelect.prl?site=NYVH&option=Logfile,4/22/2006,-73.8177777778,41.0822222222
NYWG,New York State Department of Transportation,5,Operational,NYDT,GPS+BDS+GAL+GLO,Hourly,https://geodesy.noaa.gov/CORS/ncn_station_pages/index.html?stationID=NYWG,https://geodesy.noaa.gov/DataAvailability/DAP.jsp?SiteID=NYWG&NOD=20,https://geodesy.noaa.gov/cgi-cors/CorsSidebarSelect.prl?site=NYWG&option=Logfile,10/14/2008,-76.8758333333,42.3508333333
NYWL,New York State Department of Transportation,5,Operational,NYDT,GPS+GLO,Hourly,https://geodesy.noaa.gov/CORS/ncn_station_pages/index.html?stationID=NYWL,https://geodesy.noaa.gov/DataAvailability/DAP.jsp?SiteID=NYWL&NOD=20,https://geodesy.noaa.gov/cgi-cors/CorsSidebarSelect.prl?site=NYWL&option=Logfile,4/22/2006,-76.8519444444,42.8986111111
NYWT,New York State Department of Transportation,5,Operational,NYDT,GPS+GLO,Hourly,https://geodesy.noaa.gov/CORS/ncn_station_pages/index.html?stationID=NYWT,https://geodesy.noaa.gov/DataAvailability/DAP.jsp?SiteID=NYWT&NOD=20,https://geodesy.noaa.gov/cgi-cors/CorsSidebarSelect.prl?site=NYWT&option=Logfile,4/22/2006,-75.9208333333,44.0280555556
NYWV,New York State Department of Transportation,5,Operational,NYDT,GPS+GLO,Hourly,https://geodesy.noaa.gov/CORS/ncn_station_pages/index.html?stationID=NYWV,https://geodesy.noaa.gov/DataAvailability/DAP.jsp?SiteID=NYWV&NOD=20,https://geodesy.noaa.gov/cgi-cors/CorsSidebarSelect.prl?site=NYWV&option=Logfile,10/14/2008,-76.5213888889,42.0122222222
OAKH,Louisiana State University,15,Operational,LASU,GPS+GAL+GLO,Hourly,https://geodesy.noaa.gov/CORS/ncn_station_pages/index.html?stationID=OAKH,https://geodesy.noaa.gov/DataAvailability/DAP.jsp?SiteID=OAKH&NOD=20,https://geodesy.noaa.gov/cgi-cors/CorsSidebarSelect.prl?site=OAKH&option=Logfile,4/8/2004,-92.6569444444,30.8152777778
OAX2,"Instituto Nacional de Estadistica, Geografia e Informatica, Mexico",15,Operational,INEGI,GPS+GAL+GLO,Hourly,https://geodesy.noaa.gov/CORS/ncn_station_pages/index.html?stationID=OAX2,https://geodesy.noaa.gov/DataAvailability/DAP.jsp?SiteID=OAX2&NOD=20,https://geodesy.noaa.gov/cgi-cors/CorsSidebarSelect.prl?site=OAX2&option=Logfile,9/22/2005,-96.7166666667,17.0783333333
OCEN,City of Seattle Washington,1,Operational,WA1960,GPS+GAL+GLO,Daily,https://geodesy.noaa.gov/CORS/ncn_station_pages/index.html?stationID=OCEN,https://geodesy.noaa.gov/DataAvailability/DAP.jsp?SiteID=OCEN&NOD=20,https://geodesy.noaa.gov/cgi-cors/CorsSidebarSelect.prl?site=OCEN&option=Logfile,2/22/2016,-124.1594444444,46.9522222222
OGNY,"NOAA, CO-OPS, COET",30,Operational,CO-OPS,GPS+GLO,Daily,https://geodesy.noaa.gov/CORS/ncn_station_pages/index.html?stationID=OGNY,https://geodesy.noaa.gov/DataAvailability/DAP.jsp?SiteID=OGNY&NOD=20,https://geodesy.noaa.gov/cgi-cors/CorsSidebarSelect.prl?site=OGNY&option=Logfile,1/1/2025,-75.4976967528,44.6978985222
OHAB,Ohio Department of Transportation,1,Operational,OHDT,GPS+GAL+GLO,Hourly,https://geodesy.noaa.gov/CORS/ncn_station_pages/index.html?stationID=OHAB,https://geodesy.noaa.gov/DataAvailability/DAP.jsp?SiteID=OHAB&NOD=20,https://geodesy.noaa.gov/cgi-cors/CorsSidebarSelect.prl?site=OHAB&option=Logfile,1/20/2023,-80.5502777778,41.925
OHAD,Ohio Department of Transportation,1,Operational,OHDT,GPS+GAL+GLO,Hourly,https://geodesy.noaa.gov/CORS/ncn_station_pages/index.html?stationID=OHAD,https://geodesy.noaa.gov/DataAvailability/DAP.jsp?SiteID=OHAD&NOD=20,https://geodesy.noaa.gov/cgi-cors/CorsSidebarSelect.prl?site=OHAD&option=Logfile,9/6/2006,-83.5561111111,38.7858333333
OHAL,Ohio Department of Transportation,1,Operational,OHDT,GPS+GAL+GLO,Hourly,https://geodesy.noaa.gov/CORS/ncn_station_pages/index.html?stationID=OHAL,https://geodesy.noaa.gov/DataAvailability/DAP.jsp?SiteID=OHAL&NOD=20,https://geodesy.noaa.gov/cgi-cors/CorsSidebarSelect.prl?site=OHAL&option=Logfile,8/18/2006,-84.1069444444,40.7691666667
OHCB,Ohio Department of Transportation,1,Operational,OHDT,GPS+GAL+GLO,Hourly,https://geodesy.noaa.gov/CORS/ncn_station_pages/index.html?stationID=OHCB,https://geodesy.noaa.gov/DataAvailability/DAP.jsp?SiteID=OHCB&NOD=20,https://geodesy.noaa.gov/cgi-cors/CorsSidebarSelect.prl?site=OHCB&option=Logfile,7/27/2021,-80.8297222222,40.7763888889
OHCD,"NOAA, Center for Operational Oceanographic Products and Services",1,Operational,COOPS,GPS+GAL+GLO,Hourly,https://geodesy.noaa.gov/CORS/ncn_station_pages/index.html?stationID=OHCD,https://geodesy.noaa.gov/DataAvailability/DAP.jsp?SiteID=OHCD&NOD=20,https://geodesy.noaa.gov/cgi-cors/CorsSidebarSelect.prl?site=OHCD&option=Logfile,1/28/2006,-81.635,41.5405555556
OHCL,Ohio Department of Transportation,1,Operational,OHDT,GPS+GAL+GLO,Hourly,https://geodesy.noaa.gov/CORS/ncn_station_pages/index.html?stationID=OHCL,https://geodesy.noaa.gov/DataAvailability/DAP.jsp?SiteID=OHCL&NOD=20,https://geodesy.noaa.gov/cgi-cors/CorsSidebarSelect.prl?site=OHCL&option=Logfile,8/18/2006,-83.8377777778,39.9438888889
OHCS,Ohio Department of Transportation,1,Operational,OHDT,GPS+GAL+GLO,Hourly,https://geodesy.noaa.gov/CORS/ncn_station_pages/index.html?stationID=OHCS,https://geodesy.noaa.gov/DataAvailability/DAP.jsp?SiteID=OHCS&NOD=20,https://geodesy.noaa.gov/cgi-cors/CorsSidebarSelect.prl?site=OHCS&option=Logfile,7/3/2021,-81.8427777778,40.2975
OHDF,Ohio Department of Transportation,1,Operational,OHDT,GPS+GAL+GLO,Hourly,https://geodesy.noaa.gov/CORS/ncn_station_pages/index.html?stationID=OHDF,https://geodesy.noaa.gov/DataAvailability/DAP.jsp?SiteID=OHDF&NOD=20,https://geodesy.noaa.gov/cgi-cors/CorsSidebarSelect.prl?site=OHDF&option=Logfile,7/3/2021,-84.4288888889,41.3338888889
OHDR,Ohio Department of Transportation,1,Operational,OHDT,GPS+GAL+GLO,Hourly,https://geodesy.noaa.gov/CORS/ncn_station_pages/index.html?stationID=OHDR,https://geodesy.noaa.gov/DataAvailability/DAP.jsp?SiteID=OHDR&NOD=20,https://geodesy.noaa.gov/cgi-cors/CorsSidebarSelect.prl?site=OHDR&option=Logfile,8/18/2006,-84.6097222222,40.0994444444
OHDT,Ohio Department of Transportation,1,Operational,OHDT,GPS+GAL+GLO,Hourly,https://geodesy.noaa.gov/CORS/ncn_station_pages/index.html?stationID=OHDT,https://geodesy.noaa.gov/DataAvailability/DAP.jsp?SiteID=OHDT&NOD=20,https://geodesy.noaa.gov/cgi-cors/CorsSidebarSelect.prl?site=OHDT&option=Logfile,8/18/2006,-84.1805555556,39.7647222222
OHFH,"NOAA, Center for Operational Oceanographic Products and Services",1,Operational,COOPS,GPS+BDS+GAL+GLO+SBAS,Hourly,https://geodesy.noaa.gov/CORS/ncn_station_pages/index.html?stationID=OHFH,https://geodesy.noaa.gov/DataAvailability/DAP.jsp?SiteID=OHFH&NOD=20,https://geodesy.noaa.gov/cgi-cors/CorsSidebarSelect.prl?site=OHFH&option=Logfile,9/19/2014,-81.2808333333,41.7597222222
OHFN,Ohio Department of Transportation,1,Operational,OHDT,GPS+GAL+GLO,Hourly,https://geodesy.noaa.gov/CORS/ncn_station_pages/index.html?stationID=OHFN,https://geodesy.noaa.gov/DataAvailability/DAP.jsp?SiteID=OHFN&NOD=20,https://geodesy.noaa.gov/cgi-cors/CorsSidebarSelect.prl?site=OHFN&option=Logfile,8/28/2006,-84.1347222222,41.5580555556
OHFY,Ohio Department of Transportation,1,Operational,OHDT,GPS+GAL+GLO,Hourly,https://geodesy.noaa.gov/CORS/ncn_station_pages/index.html?stationID=OHFY,https://geodesy.noaa.gov/DataAvailability/DAP.jsp?SiteID=OHFY&NOD=20,https://geodesy.noaa.gov/cgi-cors/CorsSidebarSelect.prl?site=OHFY&option=Logfile,9/1/2021,-83.4761111111,39.5258333333
OHHA,Ohio Department of Transportation,1,Operational,OHDT,GPS+GAL+GLO,Hourly,https://geodesy.noaa.gov/CORS/ncn_station_pages/index.html?stationID=OHHA,https://geodesy.noaa.gov/DataAvailability/DAP.jsp?SiteID=OHHA&NOD=20,https://geodesy.noaa.gov/cgi-cors/CorsSidebarSelect.prl?site=OHHA&option=Logfile,6/28/2006,-83.6758333333,41.0408333333
OHHI,Ohio Department of Transportation,1,Operational,OHDT,GPS+GAL+GLO,Hourly,https://geodesy.noaa.gov/CORS/ncn_station_pages/index.html?stationID=OHHI,https://geodesy.noaa.gov/DataAvailability/DAP.jsp?SiteID=OHHI&NOD=20,https://geodesy.noaa.gov/cgi-cors/CorsSidebarSelect.prl?site=OHHI&option=Logfile,8/18/2006,-83.5972222222,39.2
OHHO,Ohio Department of Transportation,1,Operational,OHDT,GPS+GAL+GLO,Hourly,https://geodesy.noaa.gov/CORS/ncn_station_pages/index.html?stationID=OHHO,https://geodesy.noaa.gov/DataAvailability/DAP.jsp?SiteID=OHHO&NOD=20,https://geodesy.noaa.gov/cgi-cors/CorsSidebarSelect.prl?site=OHHO&option=Logfile,8/28/2006,-82.4436111111,39.5352777778
OHHU,Ohio Department of Transportation,1,Operational,OHDT,GPS+GAL+GLO,Hourly,https://geodesy.noaa.gov/CORS/ncn_station_pages/index.html?stationID=OHHU,https://geodesy.noaa.gov/DataAvailability/DAP.jsp?SiteID=OHHU&NOD=20,https://geodesy.noaa.gov/cgi-cors/CorsSidebarSelect.prl?site=OHHU&option=Logfile,8/28/2006,-82.5611111111,41.1766666667
OHJF,Ohio Department of Transportation,1,Operational,OHDT,GPS+GAL+GLO,Hourly,https://geodesy.noaa.gov/CORS/ncn_station_pages/index.html?stationID=OHJF,https://geodesy.noaa.gov/DataAvailability/DAP.jsp?SiteID=OHJF&NOD=20,https://geodesy.noaa.gov/cgi-cors/CorsSidebarSelect.prl?site=OHJF&option=Logfile,7/3/2021,-80.7213888889,40.4044444444
OHLA,Ohio Department of Transportation,1,Operational,OHDT,GPS+GAL+GLO,Hourly,https://geodesy.noaa.gov/CORS/ncn_station_pages/index.html?stationID=OHLA,https://geodesy.noaa.gov/DataAvailability/DAP.jsp?SiteID=OHLA&NOD=20,https://geodesy.noaa.gov/cgi-cors/CorsSidebarSelect.prl?site=OHLA&option=Logfile,8/6/2008,-81.2863888889,41.7263888889
OHLC,Ohio Department of Transportation,1,Operational,OHDT,GPS+GAL+GLO,Hourly,https://geodesy.noaa.gov/CORS/ncn_station_pages/index.html?stationID=OHLC,https://geodesy.noaa.gov/DataAvailability/DAP.jsp?SiteID=OHLC&NOD=20,https://geodesy.noaa.gov/cgi-cors/CorsSidebarSelect.prl?site=OHLC&option=Logfile,1/29/2013,-83.5261111111,41.7211111111
OHLI,Ohio Department of Transportation,1,Operational,OHDT,GPS+GAL+GLO,Hourly,https://geodesy.noaa.gov/CORS/ncn_station_pages/index.html?stationID=OHLI,https://geodesy.noaa.gov/DataAvailability/DAP.jsp?SiteID=OHLI&NOD=20,https://geodesy.noaa.gov/cgi-cors/CorsSidebarSelect.prl?site=OHLI&option=Logfile,8/18/2006,-82.4141666667,39.9525
OHLN,Berkeley Seismological Laboratory,1,Operational,BSL,GPS+GLO,Daily,https://geodesy.noaa.gov/CORS/ncn_station_pages/index.html?stationID=OHLN,https://geodesy.noaa.gov/DataAvailability/DAP.jsp?SiteID=OHLN&NOD=20,https://geodesy.noaa.gov/cgi-cors/CorsSidebarSelect.prl?site=OHLN&option=Logfile,4/1/2002,-122.2727777778,38.0061111111
OHLO,Ohio Department of Transportation,1,Operational,OHDT,GPS+GAL+GLO,Hourly,https://geodesy.noaa.gov/CORS/ncn_station_pages/index.html?stationID=OHLO,https://geodesy.noaa.gov/DataAvailability/DAP.jsp?SiteID=OHLO&NOD=20,https://geodesy.noaa.gov/cgi-cors/CorsSidebarSelect.prl?site=OHLO&option=Logfile,8/28/2006,-82.2327777778,41.2933333333
OHMA,Ohio Department of Transportation,1,Operational,OHDT,GPS+GAL+GLO,Hourly,https://geodesy.noaa.gov/CORS/ncn_station_pages/index.html?stationID=OHMA,https://geodesy.noaa.gov/DataAvailability/DAP.jsp?SiteID=OHMA&NOD=20,https://geodesy.noaa.gov/cgi-cors/CorsSidebarSelect.prl?site=OHMA&option=Logfile,10/2/2010,-83.0819444444,40.6136111111
OHME,Ohio Department of Transportation,1,Operational,OHDT,GPS+GAL+GLO,Hourly,https://geodesy.noaa.gov/CORS/ncn_station_pages/index.html?stationID=OHME,https://geodesy.noaa.gov/DataAvailability/DAP.jsp?SiteID=OHME&NOD=20,https://geodesy.noaa.gov/cgi-cors/CorsSidebarSelect.prl?site=OHME&option=Logfile,7/3/2021,-81.1016666667,39.7772222222
OHMH,"NOAA, Center for Operational Oceanographic Products and Services",1,Operational,COOPS,GPS+GAL+GLO,Hourly,https://geodesy.noaa.gov/CORS/ncn_station_pages/index.html?stationID=OHMH,https://geodesy.noaa.gov/DataAvailability/DAP.jsp?SiteID=OHMH&NOD=20,https://geodesy.noaa.gov/cgi-cors/CorsSidebarSelect.prl?site=OHMH&option=Logfile,12/16/2004,-82.7313888889,41.5436111111
OHMN,Ohio Department of Transportation,1,Operational,OHDT,GPS+GAL+GLO,Hourly,https://geodesy.noaa.gov/CORS/ncn_station_pages/index.html?stationID=OHMN,https://geodesy.noaa.gov/DataAvailability/DAP.jsp?SiteID=OHMN&NOD=20,https://geodesy.noaa.gov/cgi-cors/CorsSidebarSelect.prl?site=OHMN&option=Logfile,8/18/2006,-80.7725,41.0233333333
OHMR,Ohio Department of Transportation,1,Operational,OHDT,GPS+GAL+GLO,Hourly,https://geodesy.noaa.gov/CORS/ncn_station_pages/index.html?stationID=OHMR,https://geodesy.noaa.gov/DataAvailability/DAP.jsp?SiteID=OHMR&NOD=20,https://geodesy.noaa.gov/cgi-cors/CorsSidebarSelect.prl?site=OHMR&option=Logfile,8/28/2006,-84.6305555556,40.5458333333
OHPR,Ohio Department of Transportation,1,Operational,OHDT,GPS+GAL+GLO,Hourly,https://geodesy.noaa.gov/CORS/ncn_station_pages/index.html?stationID=OHPR,https://geodesy.noaa.gov/DataAvailability/DAP.jsp?SiteID=OHPR&NOD=20,https://geodesy.noaa.gov/cgi-cors/CorsSidebarSelect.prl?site=OHPR&option=Logfile,8/18/2006,-84.5747222222,39.7405555556
OHRI,Ohio Department of Transportation,1,Operational,OHDT,GPS+GAL+GLO,Hourly,https://geodesy.noaa.gov/CORS/ncn_station_pages/index.html?stationID=OHRI,https://geodesy.noaa.gov/DataAvailability/DAP.jsp?SiteID=OHRI&NOD=20,https://geodesy.noaa.gov/cgi-cors/CorsSidebarSelect.prl?site=OHRI&option=Logfile,8/28/2006,-82.5605555556,40.7680555556
OHRS,Ohio Department of Transportation,1,Operational,OHDT,GPS+GAL+GLO,Hourly,https://geodesy.noaa.gov/CORS/ncn_station_pages/index.html?stationID=OHRS,https://geodesy.noaa.gov/DataAvailability/DAP.jsp?SiteID=OHRS&NOD=20,https://geodesy.noaa.gov/cgi-cors/CorsSidebarSelect.prl?site=OHRS&option=Logfile,10/6/2021,-83.0211111111,39.3652777778
OHSB,Ohio Department of Transportation,1,Operational,OHDT,GPS+GAL+GLO,Hourly,https://geodesy.noaa.gov/CORS/ncn_station_pages/index.html?stationID=OHSB,https://geodesy.noaa.gov/DataAvailability/DAP.jsp?SiteID=OHSB&NOD=20,https://geodesy.noaa.gov/cgi-cors/CorsSidebarSelect.prl?site=OHSB&option=Logfile,9/7/2011,-82.8297222222,41.6363888889
OHUN,Ohio Department of Transportation,1,Operational,OHDT,GPS+GAL+GLO,Hourly,https://geodesy.noaa.gov/CORS/ncn_station_pages/index.html?stationID=OHUN,https://geodesy.noaa.gov/DataAvailability/DAP.jsp?SiteID=OHUN&NOD=20,https://geodesy.noaa.gov/cgi-cors/CorsSidebarSelect.prl?site=OHUN&option=Logfile,6/28/2006,-83.3608333333,40.2327777778
OHWI,Ohio Department of Transportation,1,Operational,OHDT,GPS+GAL+GLO,Hourly,https://geodesy.noaa.gov/CORS/ncn_station_pages/index.html?stationID=OHWI,https://geodesy.noaa.gov/DataAvailability/DAP.jsp?SiteID=OHWI&NOD=20,https://geodesy.noaa.gov/cgi-cors/CorsSidebarSelect.prl?site=OHWI&option=Logfile,8/28/2006,-84.5575,41.5816666667
OHWS,Ohio Department of Transportation,1,Operational,OHDT,GPS+GAL+GLO,Hourly,https://geodesy.noaa.gov/CORS/ncn_station_pages/index.html?stationID=OHWS,https://geodesy.noaa.gov/DataAvailability/DAP.jsp?SiteID=OHWS&NOD=20,https://geodesy.noaa.gov/cgi-cors/CorsSidebarSelect.prl?site=OHWS&option=Logfile,10/6/2021,-81.4175,39.4261111111
OHWY,Ohio Department of Transportation,1,Operational,OHDT,GPS+GAL+GLO,Hourly,https://geodesy.noaa.gov/CORS/ncn_station_pages/index.html?stationID=OHWY,https://geodesy.noaa.gov/DataAvailability/DAP.jsp?SiteID=OHWY&NOD=20,https://geodesy.noaa.gov/cgi-cors/CorsSidebarSelect.prl?site=OHWY&option=Logfile,6/26/2021,-81.8958333333,40.8197222222
OHZP,Ohio Department of Transportation,1,Operational,OHDT,GPS+GAL+GLO,Hourly,https://geodesy.noaa.gov/CORS/ncn_station_pages/index.html?stationID=OHZP,https://geodesy.noaa.gov/DataAvailability/DAP.jsp?SiteID=OHZP&NOD=20,https://geodesy.noaa.gov/cgi-cors/CorsSidebarSelect.prl?site=OHZP&option=Logfile,3/1/2022,-81.5105555556,41.0761111111
OKAD,Oklahoma Department of Transportation,1,Operational,OKDOT,GPS+GLO,Hourly,https://geodesy.noaa.gov/CORS/ncn_station_pages/index.html?stationID=OKAD,https://geodesy.noaa.gov/DataAvailability/DAP.jsp?SiteID=OKAD&NOD=20,https://geodesy.noaa.gov/cgi-cors/CorsSidebarSelect.prl?site=OKAD&option=Logfile,9/3/2002,-96.7380555556,34.8002777778
OKAK,Oklahoma Department of Transportation,1,Operational,OKDOT,GPS+GLO,Hourly,https://geodesy.noaa.gov/CORS/ncn_station_pages/index.html?stationID=OKAK,https://geodesy.noaa.gov/DataAvailability/DAP.jsp?SiteID=OKAK&NOD=20,https://geodesy.noaa.gov/cgi-cors/CorsSidebarSelect.prl?site=OKAK&option=Logfile,4/17/2024,-98.2154142139,35.0712958333
OKAL,Oklahoma Department of Transportation,1,Operational,OKDOT,GPS+GAL+GLO,Hourly,https://geodesy.noaa.gov/CORS/ncn_station_pages/index.html?stationID=OKAL,https://geodesy.noaa.gov/DataAvailability/DAP.jsp?SiteID=OKAL&NOD=20,https://geodesy.noaa.gov/cgi-cors/CorsSidebarSelect.prl?site=OKAL&option=Logfile,1/13/2005,-99.3291666667,34.6322222222
OKAN,Oklahoma Department of Transportation,1,Operational,OKDOT,GPS+GAL+GLO,Hourly,https://geodesy.noaa.gov/CORS/ncn_station_pages/index.html?stationID=OKAN,https://geodesy.noaa.gov/DataAvailability/DAP.jsp?SiteID=OKAN&NOD=20,https://geodesy.noaa.gov/cgi-cors/CorsSidebarSelect.prl?site=OKAN&option=Logfile,8/19/2002,-95.6211111111,34.195
OKAR,Oklahoma Department of Transportation,1,Operational,OKDOT,GPS+GAL+GLO,Hourly,https://geodesy.noaa.gov/CORS/ncn_station_pages/index.html?stationID=OKAR,https://geodesy.noaa.gov/DataAvailability/DAP.jsp?SiteID=OKAR&NOD=20,https://geodesy.noaa.gov/cgi-cors/CorsSidebarSelect.prl?site=OKAR&option=Logfile,12/4/2005,-97.1691666667,34.1683333333
OKBF,Oklahoma Department of Transportation,1,Operational,OKDOT,GPS+GAL+GLO+SBAS,Hourly,https://geodesy.noaa.gov/CORS/ncn_station_pages/index.html?stationID=OKBF,https://geodesy.noaa.gov/DataAvailability/DAP.jsp?SiteID=OKBF&NOD=20,https://geodesy.noaa.gov/cgi-cors/CorsSidebarSelect.prl?site=OKBF&option=Logfile,12/6/2004,-99.6411111111,36.8277777778
OKCB,Florida Department of Transportation,1,Operational,FLDT,GPS+BDS+GAL+GLO,Hourly,https://geodesy.noaa.gov/CORS/ncn_station_pages/index.html?stationID=OKCB,https://geodesy.noaa.gov/DataAvailability/DAP.jsp?SiteID=OKCB&NOD=20,https://geodesy.noaa.gov/cgi-cors/CorsSidebarSelect.prl?site=OKCB&option=Logfile,12/6/2002,-80.8552777778,27.2658333333
OKCL,Oklahoma Department of Transportation,1,Operational,OKDOT,GPS+GAL+GLO,Hourly,https://geodesy.noaa.gov/CORS/ncn_station_pages/index.html?stationID=OKCL,https://geodesy.noaa.gov/DataAvailability/DAP.jsp?SiteID=OKCL&NOD=20,https://geodesy.noaa.gov/cgi-cors/CorsSidebarSelect.prl?site=OKCL&option=Logfile,1/17/2003,-98.9713888889,35.4830555556
OKDN,Oklahoma Department of Transportation,1,Operational,OKDOT,GPS+GAL+GLO,Hourly,https://geodesy.noaa.gov/CORS/ncn_station_pages/index.html?stationID=OKDN,https://geodesy.noaa.gov/DataAvailability/DAP.jsp?SiteID=OKDN&NOD=20,https://geodesy.noaa.gov/cgi-cors/CorsSidebarSelect.prl?site=OKDN&option=Logfile,1/13/2005,-97.9663888889,34.4791666667
OKDT,Oklahoma Department of Transportation,1,Operational,OKDOT,GPS+GLO,Hourly,https://geodesy.noaa.gov/CORS/ncn_station_pages/index.html?stationID=OKDT,https://geodesy.noaa.gov/DataAvailability/DAP.jsp?SiteID=OKDT&NOD=20,https://geodesy.noaa.gov/cgi-cors/CorsSidebarSelect.prl?site=OKDT&option=Logfile,5/31/2002,-97.5075,35.49
OKEE,Michigan Department of Transportation,1,Suspended,MIDT,GPS+GAL+GLO,Hourly,https://geodesy.noaa.gov/CORS/ncn_station_pages/index.html?stationID=OKEE,https://geodesy.noaa.gov/DataAvailability/DAP.jsp?SiteID=OKEE&NOD=20,https://geodesy.noaa.gov/cgi-cors/CorsSidebarSelect.prl?site=OKEE&option=Logfile,6/21/2002,-82.5948723444,42.9138627278
OKGM,Oklahoma Department of Transportation,1,Operational,OKDOT,GPS+GAL+GLO,Hourly,https://geodesy.noaa.gov/CORS/ncn_station_pages/index.html?stationID=OKGM,https://geodesy.noaa.gov/DataAvailability/DAP.jsp?SiteID=OKGM&NOD=20,https://geodesy.noaa.gov/cgi-cors/CorsSidebarSelect.prl?site=OKGM&option=Logfile,12/21/2004,-101.4791666667,36.6744444444
OKHN,SmartNet North America,15,Operational,SMRTNT,GPS+GLO,Hourly,https://geodesy.noaa.gov/CORS/ncn_station_pages/index.html?stationID=OKHN,https://geodesy.noaa.gov/DataAvailability/DAP.jsp?SiteID=OKHN&NOD=20,https://geodesy.noaa.gov/cgi-cors/CorsSidebarSelect.prl?site=OKHN&option=Logfile,4/6/2018,-98.0330555556,36.1458333333
OKHV,Oklahoma Department of Transportation,1,Operational,OKDOT,GPS+GAL+GLO,Hourly,https://geodesy.noaa.gov/CORS/ncn_station_pages/index.html?stationID=OKHV,https://geodesy.noaa.gov/DataAvailability/DAP.jsp?SiteID=OKHV&NOD=20,https://geodesy.noaa.gov/cgi-cors/CorsSidebarSelect.prl?site=OKHV&option=Logfile,8/6/2003,-94.6180555556,34.9130555556
OKLW,Oklahoma Department of Transportation,1,Operational,OKDOT,GPS+GAL+GLO,Hourly,https://geodesy.noaa.gov/CORS/ncn_station_pages/index.html?stationID=OKLW,https://geodesy.noaa.gov/DataAvailability/DAP.jsp?SiteID=OKLW&NOD=20,https://geodesy.noaa.gov/cgi-cors/CorsSidebarSelect.prl?site=OKLW&option=Logfile,8/31/2002,-98.4097222222,34.5727777778
OKMC,Oklahoma Department of Transportation,1,Operational,OKDOT,GPS+GAL+GLO,Hourly,https://geodesy.noaa.gov/CORS/ncn_station_pages/index.html?stationID=OKMC,https://geodesy.noaa.gov/DataAvailability/DAP.jsp?SiteID=OKMC&NOD=20,https://geodesy.noaa.gov/cgi-cors/CorsSidebarSelect.prl?site=OKMC&option=Logfile,11/13/2019,-95.7255555556,35.0008333333
OKMU,Oklahoma Department of Transportation,1,Operational,OKDOT,GPS+GAL+GLO,Hourly,https://geodesy.noaa.gov/CORS/ncn_station_pages/index.html?stationID=OKMU,https://geodesy.noaa.gov/DataAvailability/DAP.jsp?SiteID=OKMU&NOD=20,https://geodesy.noaa.gov/cgi-cors/CorsSidebarSelect.prl?site=OKMU&option=Logfile,8/19/2002,-95.4013888889,35.7166666667
OKPR,Oklahoma Department of Transportation,1,Operational,OKDOT,GPS+GAL+GLO,Hourly,https://geodesy.noaa.gov/CORS/ncn_station_pages/index.html?stationID=OKPR,https://geodesy.noaa.gov/DataAvailability/DAP.jsp?SiteID=OKPR&NOD=20,https://geodesy.noaa.gov/cgi-cors/CorsSidebarSelect.prl?site=OKPR&option=Logfile,12/28/2004,-97.3216666667,36.2761111111
OKSA,Oklahoma Department of Transportation,1,Operational,OKDOT,GPS+GAL,Hourly,https://geodesy.noaa.gov/CORS/ncn_station_pages/index.html?stationID=OKSA,https://geodesy.noaa.gov/DataAvailability/DAP.jsp?SiteID=OKSA&NOD=20,https://geodesy.noaa.gov/cgi-cors/CorsSidebarSelect.prl?site=OKSA&option=Logfile,12/19/2023,-99.6530555556,35.2488888889
OKTE,Oklahoma Department of Transportation,1,Operational,OKDOT,GPS+GLO,Hourly,https://geodesy.noaa.gov/CORS/ncn_station_pages/index.html?stationID=OKTE,https://geodesy.noaa.gov/DataAvailability/DAP.jsp?SiteID=OKTE&NOD=20,https://geodesy.noaa.gov/cgi-cors/CorsSidebarSelect.prl?site=OKTE&option=Logfile,8/19/2002,-96.8977777778,35.26
OKTU,Oklahoma Department of Transportation,1,Operational,OKDOT,GPS+GAL+GLO,Hourly,https://geodesy.noaa.gov/CORS/ncn_station_pages/index.html?stationID=OKTU,https://geodesy.noaa.gov/DataAvailability/DAP.jsp?SiteID=OKTU&NOD=20,https://geodesy.noaa.gov/cgi-cors/CorsSidebarSelect.prl?site=OKTU&option=Logfile,8/19/2002,-95.8541666667,36.2105555556
ORES,UNAVCO-PBO,15,Operational,UNAVPB,GPS,Daily,https://geodesy.noaa.gov/CORS/ncn_station_pages/index.html?stationID=ORES,https://geodesy.noaa.gov/DataAvailability/DAP.jsp?SiteID=ORES&NOD=20,https://geodesy.noaa.gov/cgi-cors/CorsSidebarSelect.prl?site=ORES&option=Logfile,3/23/2011,-120.2783333333,34.7388888889
ORMD,Florida Department of Transportation,1,Operational,FLDT,GPS+GAL+GLO,Hourly,https://geodesy.noaa.gov/CORS/ncn_station_pages/index.html?stationID=ORMD,https://geodesy.noaa.gov/DataAvailability/DAP.jsp?SiteID=ORMD&NOD=20,https://geodesy.noaa.gov/cgi-cors/CorsSidebarSelect.prl?site=ORMD&option=Logfile,4/1/2003,-81.1088888889,29.2980555556
ORSB,NGS Stations CORS,1,Non-Operational,NGSSTA,GPS+BDS+GAL+GLO+QZSS,Hourly,https://geodesy.noaa.gov/CORS/ncn_station_pages/index.html?stationID=ORSB,https://geodesy.noaa.gov/DataAvailability/DAP.jsp?SiteID=ORSB&NOD=20,https://geodesy.noaa.gov/cgi-cors/CorsSidebarSelect.prl?site=ORSB&option=Logfile,10/13/2012,-124.0486111111,44.625
ORVB,Berkeley Seismological Laboratory,1,Operational,BSL,GPS+GLO,Daily,https://geodesy.noaa.gov/CORS/ncn_station_pages/index.html?stationID=ORVB,https://geodesy.noaa.gov/DataAvailability/DAP.jsp?SiteID=ORVB&NOD=20,https://geodesy.noaa.gov/cgi-cors/CorsSidebarSelect.prl?site=ORVB&option=Logfile,4/4/2012,-121.5002777778,39.5544444444
OSPA,"NOAA, Center for Operational Oceanographic Products and Services",1,Operational,COOPS,GPS+GAL+GLO,Hourly,https://geodesy.noaa.gov/CORS/ncn_station_pages/index.html?stationID=OSPA,https://geodesy.noaa.gov/DataAvailability/DAP.jsp?SiteID=OSPA&NOD=20,https://geodesy.noaa.gov/cgi-cors/CorsSidebarSelect.prl?site=OSPA&option=Logfile,5/10/2002,-76.5113888889,43.4647222222
OTZ1,Federal Aviation Administration,1,Operational,FAA,GPS,Daily,https://geodesy.noaa.gov/CORS/ncn_station_pages/index.html?stationID=OTZ1,https://geodesy.noaa.gov/DataAvailability/DAP.jsp?SiteID=OTZ1&NOD=20,https://geodesy.noaa.gov/cgi-cors/CorsSidebarSelect.prl?site=OTZ1&option=Logfile,4/25/2008,-162.6111111111,66.8872222222
OZST,UNAVCO-PBO,15,Operational,UNAVPB,GPS+GAL+GLO,Daily,https://geodesy.noaa.gov/CORS/ncn_station_pages/index.html?stationID=OZST,https://geodesy.noaa.gov/DataAvailability/DAP.jsp?SiteID=OZST&NOD=20,https://geodesy.noaa.gov/cgi-cors/CorsSidebarSelect.prl?site=OZST&option=Logfile,7/15/2009,-119.3533333333,34.6833333333
P001,UNAVCO-PBO,15,Operational,UNAVPB,GPS+GLO,Daily,https://geodesy.noaa.gov/CORS/ncn_station_pages/index.html?stationID=P001,https://geodesy.noaa.gov/DataAvailability/DAP.jsp?SiteID=P001&NOD=20,https://geodesy.noaa.gov/cgi-cors/CorsSidebarSelect.prl?site=P001&option=Logfile,5/5/2010,-112.8016666667,31.9491666667
P003,UNAVCO-PBO,15,Operational,UNAVPB,GPS+GAL+GLO,Hourly,https://geodesy.noaa.gov/CORS/ncn_station_pages/index.html?stationID=P003,https://geodesy.noaa.gov/DataAvailability/DAP.jsp?SiteID=P003&NOD=20,https://geodesy.noaa.gov/cgi-cors/CorsSidebarSelect.prl?site=P003&option=Logfile,8/28/2006,-114.0047222222,32.7225
P006,UNAVCO-PBO,15,Operational,UNAVPB,GPS+BDS+GAL+GLO+QZSS+SBAS,Daily,https://geodesy.noaa.gov/CORS/ncn_station_pages/index.html?stationID=P006,https://geodesy.noaa.gov/DataAvailability/DAP.jsp?SiteID=P006&NOD=20,https://geodesy.noaa.gov/cgi-cors/CorsSidebarSelect.prl?site=P006&option=Logfile,9/20/2007,-114.4566666667,36.1541666667
P007,UNAVCO-PBO,15,Operational,UNAVPB,GPS+GAL+GLO,Daily,https://geodesy.noaa.gov/CORS/ncn_station_pages/index.html?stationID=P007,https://geodesy.noaa.gov/DataAvailability/DAP.jsp?SiteID=P007&NOD=20,https://geodesy.noaa.gov/cgi-cors/CorsSidebarSelect.prl?site=P007&option=Logfile,5/5/2010,-114.8194444444,41.7241666667
P008,UNAVCO-PBO,15,Operational,UNAVPB,GPS+GAL+GLO,Daily,https://geodesy.noaa.gov/CORS/ncn_station_pages/index.html?stationID=P008,https://geodesy.noaa.gov/DataAvailability/DAP.jsp?SiteID=P008&NOD=20,https://geodesy.noaa.gov/cgi-cors/CorsSidebarSelect.prl?site=P008&option=Logfile,1/1/2014,-111.13,36.1427777778
P009,UNAVCO-PBO,15,Operational,UNAVPB,GPS+GAL+GLO,Hourly,https://geodesy.noaa.gov/CORS/ncn_station_pages/index.html?stationID=P009,https://geodesy.noaa.gov/DataAvailability/DAP.jsp?SiteID=P009&NOD=20,https://geodesy.noaa.gov/cgi-cors/CorsSidebarSelect.prl?site=P009&option=Logfile,8/28/2006,-112.2225,38.4797222222
P011,UNAVCO-PBO,15,Operational,UNAVPB,GPS+GAL+GLO,Hourly,https://geodesy.noaa.gov/CORS/ncn_station_pages/index.html?stationID=P011,https://geodesy.noaa.gov/DataAvailability/DAP.jsp?SiteID=P011&NOD=20,https://geodesy.noaa.gov/cgi-cors/CorsSidebarSelect.prl?site=P011&option=Logfile,8/28/2006,-109.5191666667,36.1497222222
P012,UNAVCO-PBO,15,Operational,UNAVPB,GPS+GAL+GLO,Hourly,https://geodesy.noaa.gov/CORS/ncn_station_pages/index.html?stationID=P012,https://geodesy.noaa.gov/DataAvailability/DAP.jsp?SiteID=P012&NOD=20,https://geodesy.noaa.gov/cgi-cors/CorsSidebarSelect.prl?site=P012&option=Logfile,8/28/2006,-109.3336111111,38.0972222222
P013,UNAVCO-PBO,15,Operational,UNAVPB,GPS+GAL+GLO,Daily,https://geodesy.noaa.gov/CORS/ncn_station_pages/index.html?stationID=P013,https://geodesy.noaa.gov/DataAvailability/DAP.jsp?SiteID=P013&NOD=20,https://geodesy.noaa.gov/cgi-cors/CorsSidebarSelect.prl?site=P013&option=Logfile,5/5/2010,-117.3297222222,41.4286111111
P014,UNAVCO-PBO,15,Operational,UNAVPB,GPS+GAL+GLO,Daily,https://geodesy.noaa.gov/CORS/ncn_station_pages/index.html?stationID=P014,https://geodesy.noaa.gov/DataAvailability/DAP.jsp?SiteID=P014&NOD=20,https://geodesy.noaa.gov/cgi-cors/CorsSidebarSelect.prl?site=P014&option=Logfile,5/5/2010,-111.0983333333,31.9727777778
P015,UNAVCO-PBO,15,Operational,UNAVPB,GPS+GAL+GLO,Hourly,https://geodesy.noaa.gov/CORS/ncn_station_pages/index.html?stationID=P015,https://geodesy.noaa.gov/DataAvailability/DAP.jsp?SiteID=P015&NOD=20,https://geodesy.noaa.gov/cgi-cors/CorsSidebarSelect.prl?site=P015&option=Logfile,5/15/2005,-110.0094444444,34.2636111111
P018,UNAVCO-PBO,15,Operational,UNAVPB,GPS+GAL+GLO,Daily,https://geodesy.noaa.gov/CORS/ncn_station_pages/index.html?stationID=P018,https://geodesy.noaa.gov/DataAvailability/DAP.jsp?SiteID=P018&NOD=20,https://geodesy.noaa.gov/cgi-cors/CorsSidebarSelect.prl?site=P018&option=Logfile,1/15/2014,-117.0644444444,42.9816666667
P020,UNAVCO-PBO,15,Operational,UNAVPB,GPS,Hourly,https://geodesy.noaa.gov/CORS/ncn_station_pages/index.html?stationID=P020,https://geodesy.noaa.gov/DataAvailability/DAP.jsp?SiteID=P020&NOD=20,https://geodesy.noaa.gov/cgi-cors/CorsSidebarSelect.prl?site=P020&option=Logfile,9/16/2004,-118.5655555556,47.0019444444
P023,UNAVCO-PBO,15,Operational,UNAVPB,GPS+GAL+GLO,Hourly,https://geodesy.noaa.gov/CORS/ncn_station_pages/index.html?stationID=P023,https://geodesy.noaa.gov/DataAvailability/DAP.jsp?SiteID=P023&NOD=20,https://geodesy.noaa.gov/cgi-cors/CorsSidebarSelect.prl?site=P023&option=Logfile,5/8/2010,-116.1027777778,44.8983333333
P025,UNAVCO-PBO,15,Operational,UNAVPB,GPS,Hourly,https://geodesy.noaa.gov/CORS/ncn_station_pages/index.html?stationID=P025,https://geodesy.noaa.gov/DataAvailability/DAP.jsp?SiteID=P025&NOD=20,https://geodesy.noaa.gov/cgi-cors/CorsSidebarSelect.prl?site=P025&option=Logfile,5/8/2010,-116.2875,48.7308333333
P026,UNAVCO-PBO,15,Operational,UNAVPB,GPS+GAL+GLO,Hourly,https://geodesy.noaa.gov/CORS/ncn_station_pages/index.html?stationID=P026,https://geodesy.noaa.gov/DataAvailability/DAP.jsp?SiteID=P026&NOD=20,https://geodesy.noaa.gov/cgi-cors/CorsSidebarSelect.prl?site=P026&option=Logfile,9/16/2004,-107.1947222222,32.6588888889
P027,UNAVCO-PBO,15,Operational,UNAVPB,GPS+GAL+GLO,Hourly,https://geodesy.noaa.gov/CORS/ncn_station_pages/index.html?stationID=P027,https://geodesy.noaa.gov/DataAvailability/DAP.jsp?SiteID=P027&NOD=20,https://geodesy.noaa.gov/cgi-cors/CorsSidebarSelect.prl?site=P027&option=Logfile,10/28/2008,-105.8038888889,32.8016666667
P028,UNAVCO-PBO,15,Operational,UNAVPB,GPS+GAL+GLO,Daily,https://geodesy.noaa.gov/CORS/ncn_station_pages/index.html?stationID=P028,https://geodesy.noaa.gov/DataAvailability/DAP.jsp?SiteID=P028&NOD=20,https://geodesy.noaa.gov/cgi-cors/CorsSidebarSelect.prl?site=P028&option=Logfile,8/10/2005,-107.9083333333,36.0316666667
P030,UNAVCO-PBO,15,Operational,UNAVPB,GPS+GAL+GLO,Hourly,https://geodesy.noaa.gov/CORS/ncn_station_pages/index.html?stationID=P030,https://geodesy.noaa.gov/DataAvailability/DAP.jsp?SiteID=P030&NOD=20,https://geodesy.noaa.gov/cgi-cors/CorsSidebarSelect.prl?site=P030&option=Logfile,12/11/2007,-110.5127777778,41.7497222222
P031,UNAVCO-PBO,15,Operational,UNAVPB,GPS+GAL+GLO,Hourly,https://geodesy.noaa.gov/CORS/ncn_station_pages/index.html?stationID=P031,https://geodesy.noaa.gov/DataAvailability/DAP.jsp?SiteID=P031&NOD=20,https://geodesy.noaa.gov/cgi-cors/CorsSidebarSelect.prl?site=P031&option=Logfile,8/28/2006,-107.9086111111,39.5152777778
P032,UNAVCO-PBO,15,Operational,UNAVPB,GPS+GAL+GLO,Daily,https://geodesy.noaa.gov/CORS/ncn_station_pages/index.html?stationID=P032,https://geodesy.noaa.gov/DataAvailability/DAP.jsp?SiteID=P032&NOD=20,https://geodesy.noaa.gov/cgi-cors/CorsSidebarSelect.prl?site=P032&option=Logfile,8/28/2006,-107.2558333333,41.7416666667
P033,UNAVCO-PBO,15,Operational,UNAVPB,GPS+GAL+GLO,Hourly,https://geodesy.noaa.gov/CORS/ncn_station_pages/index.html?stationID=P033,https://geodesy.noaa.gov/DataAvailability/DAP.jsp?SiteID=P033&NOD=20,https://geodesy.noaa.gov/cgi-cors/CorsSidebarSelect.prl?site=P033&option=Logfile,12/11/2007,-107.3875,43.9527777778
P034,UNAVCO-PBO,15,Operational,UNAVPB,GPS+GAL+GLO,Hourly,https://geodesy.noaa.gov/CORS/ncn_station_pages/index.html?stationID=P034,https://geodesy.noaa.gov/DataAvailability/DAP.jsp?SiteID=P034&NOD=20,https://geodesy.noaa.gov/cgi-cors/CorsSidebarSelect.prl?site=P034&option=Logfile,9/16/2004,-106.4591666667,34.9455555556
P035,UNAVCO-PBO,15,Operational,UNAVPB,GPS+GAL+GLO,Hourly,https://geodesy.noaa.gov/CORS/ncn_station_pages/index.html?stationID=P035,https://geodesy.noaa.gov/DataAvailability/DAP.jsp?SiteID=P035&NOD=20,https://geodesy.noaa.gov/cgi-cors/CorsSidebarSelect.prl?site=P035&option=Logfile,5/1/2005,-105.1833333333,34.6013888889
P036,UNAVCO-PBO,15,Operational,UNAVPB,GPS+GAL+GLO,Hourly,https://geodesy.noaa.gov/CORS/ncn_station_pages/index.html?stationID=P036,https://geodesy.noaa.gov/DataAvailability/DAP.jsp?SiteID=P036&NOD=20,https://geodesy.noaa.gov/cgi-cors/CorsSidebarSelect.prl?site=P036&option=Logfile,9/16/2004,-105.2936111111,36.42
P037,UNAVCO-PBO,15,Operational,UNAVPB,GPS+GAL+GLO,Hourly,https://geodesy.noaa.gov/CORS/ncn_station_pages/index.html?stationID=P037,https://geodesy.noaa.gov/DataAvailability/DAP.jsp?SiteID=P037&NOD=20,https://geodesy.noaa.gov/cgi-cors/CorsSidebarSelect.prl?site=P037&option=Logfile,9/16/2004,-105.1044444444,38.4216666667
P038,UNAVCO-PBO,15,Operational,UNAVPB,GPS+GAL+GLO,Hourly,https://geodesy.noaa.gov/CORS/ncn_station_pages/index.html?stationID=P038,https://geodesy.noaa.gov/DataAvailability/DAP.jsp?SiteID=P038&NOD=20,https://geodesy.noaa.gov/cgi-cors/CorsSidebarSelect.prl?site=P038&option=Logfile,5/1/2005,-103.4072222222,34.1472222222
P039,UNAVCO-PBO,15,Operational,UNAVPB,GPS+GAL+GLO,Hourly,https://geodesy.noaa.gov/CORS/ncn_station_pages/index.html?stationID=P039,https://geodesy.noaa.gov/DataAvailability/DAP.jsp?SiteID=P039&NOD=20,https://geodesy.noaa.gov/cgi-cors/CorsSidebarSelect.prl?site=P039&option=Logfile,5/1/2005,-103.1538888889,36.4480555556
P040,UNAVCO-PBO,15,Operational,UNAVPB,GPS+GAL+GLO,Hourly,https://geodesy.noaa.gov/CORS/ncn_station_pages/index.html?stationID=P040,https://geodesy.noaa.gov/DataAvailability/DAP.jsp?SiteID=P040&NOD=20,https://geodesy.noaa.gov/cgi-cors/CorsSidebarSelect.prl?site=P040&option=Logfile,5/1/2005,-102.6869444444,38.0713888889
P041,UNAVCO-PBO,15,Operational,UNAVPB,GPS+GAL+GLO,Hourly,https://geodesy.noaa.gov/CORS/ncn_station_pages/index.html?stationID=P041,https://geodesy.noaa.gov/DataAvailability/DAP.jsp?SiteID=P041&NOD=20,https://geodesy.noaa.gov/cgi-cors/CorsSidebarSelect.prl?site=P041&option=Logfile,9/16/2004,-105.1941666667,39.9494444444
P042,UNAVCO-PBO,15,Operational,UNAVPB,GPS+GAL+GLO,Hourly,https://geodesy.noaa.gov/CORS/ncn_station_pages/index.html?stationID=P042,https://geodesy.noaa.gov/DataAvailability/DAP.jsp?SiteID=P042&NOD=20,https://geodesy.noaa.gov/cgi-cors/CorsSidebarSelect.prl?site=P042&option=Logfile,5/1/2005,-104.9105555556,42.0513888889
P043,UNAVCO-PBO,15,Operational,UNAVPB,GPS+GAL+GLO,Hourly,https://geodesy.noaa.gov/CORS/ncn_station_pages/index.html?stationID=P043,https://geodesy.noaa.gov/DataAvailability/DAP.jsp?SiteID=P043&NOD=20,https://geodesy.noaa.gov/cgi-cors/CorsSidebarSelect.prl?site=P043&option=Logfile,8/28/2006,-104.1855555556,43.8811111111
P044,UNAVCO-PBO,15,Operational,UNAVPB,GPS+GAL+GLO,Hourly,https://geodesy.noaa.gov/CORS/ncn_station_pages/index.html?stationID=P044,https://geodesy.noaa.gov/DataAvailability/DAP.jsp?SiteID=P044&NOD=20,https://geodesy.noaa.gov/cgi-cors/CorsSidebarSelect.prl?site=P044&option=Logfile,5/1/2005,-103.2222222222,40.1716666667
P045,UNAVCO-PBO,15,Operational,UNAVPB,GPS+GAL+GLO,Daily,https://geodesy.noaa.gov/CORS/ncn_station_pages/index.html?stationID=P045,https://geodesy.noaa.gov/DataAvailability/DAP.jsp?SiteID=P045&NOD=20,https://geodesy.noaa.gov/cgi-cors/CorsSidebarSelect.prl?site=P045&option=Logfile,5/8/2010,-112.6169444444,45.3827777778
P046,UNAVCO-PBO,15,Operational,UNAVPB,GPS+GAL+GLO,Hourly,https://geodesy.noaa.gov/CORS/ncn_station_pages/index.html?stationID=P046,https://geodesy.noaa.gov/DataAvailability/DAP.jsp?SiteID=P046&NOD=20,https://geodesy.noaa.gov/cgi-cors/CorsSidebarSelect.prl?site=P046&option=Logfile,8/28/2006,-113.3316666667,47.0294444444
P047,UNAVCO-PBO,15,Operational,UNAVPB,GPS+GAL+GLO,Hourly,https://geodesy.noaa.gov/CORS/ncn_station_pages/index.html?stationID=P047,https://geodesy.noaa.gov/DataAvailability/DAP.jsp?SiteID=P047&NOD=20,https://geodesy.noaa.gov/cgi-cors/CorsSidebarSelect.prl?site=P047&option=Logfile,12/20/2017,-113.2197222222,48.4211111111
P049,UNAVCO-PBO,15,Operational,UNAVPB,GPS+GAL+GLO,Hourly,https://geodesy.noaa.gov/CORS/ncn_station_pages/index.html?stationID=P049,https://geodesy.noaa.gov/DataAvailability/DAP.jsp?SiteID=P049&NOD=20,https://geodesy.noaa.gov/cgi-cors/CorsSidebarSelect.prl?site=P049&option=Logfile,8/28/2006,-110.9061111111,47.3497222222
P050,UNAVCO-PBO,15,Operational,UNAVPB,GPS+GAL+GLO,Daily,https://geodesy.noaa.gov/CORS/ncn_station_pages/index.html?stationID=P050,https://geodesy.noaa.gov/DataAvailability/DAP.jsp?SiteID=P050&NOD=20,https://geodesy.noaa.gov/cgi-cors/CorsSidebarSelect.prl?site=P050&option=Logfile,8/28/2006,-111.2483333333,48.8094444444
P051,UNAVCO-PBO,15,Operational,UNAVPB,GPS+GAL+GLO,Daily,https://geodesy.noaa.gov/CORS/ncn_station_pages/index.html?stationID=P051,https://geodesy.noaa.gov/DataAvailability/DAP.jsp?SiteID=P051&NOD=20,https://geodesy.noaa.gov/cgi-cors/CorsSidebarSelect.prl?site=P051&option=Logfile,5/8/2010,-108.5461111111,45.8063888889
P052,UNAVCO-PBO,15,Operational,UNAVPB,GPS+GAL+GLO,Hourly,https://geodesy.noaa.gov/CORS/ncn_station_pages/index.html?stationID=P052,https://geodesy.noaa.gov/DataAvailability/DAP.jsp?SiteID=P052&NOD=20,https://geodesy.noaa.gov/cgi-cors/CorsSidebarSelect.prl?site=P052&option=Logfile,8/28/2006,-107.0186111111,47.3747222222
P053,UNAVCO-PBO,15,Operational,UNAVPB,GPS+GAL+GLO,Daily,https://geodesy.noaa.gov/CORS/ncn_station_pages/index.html?stationID=P053,https://geodesy.noaa.gov/DataAvailability/DAP.jsp?SiteID=P053&NOD=20,https://geodesy.noaa.gov/cgi-cors/CorsSidebarSelect.prl?site=P053&option=Logfile,5/8/2010,-107.7252777778,48.7258333333
P054,UNAVCO-PBO,15,Operational,UNAVPB,GPS+GAL+GLO,Daily,https://geodesy.noaa.gov/CORS/ncn_station_pages/index.html?stationID=P054,https://geodesy.noaa.gov/DataAvailability/DAP.jsp?SiteID=P054&NOD=20,https://geodesy.noaa.gov/cgi-cors/CorsSidebarSelect.prl?site=P054&option=Logfile,8/28/2006,-104.4413888889,45.8461111111
P055,UNAVCO-PBO,15,Operational,UNAVPB,GPS+GAL+GLO,Hourly,https://geodesy.noaa.gov/CORS/ncn_station_pages/index.html?stationID=P055,https://geodesy.noaa.gov/DataAvailability/DAP.jsp?SiteID=P055&NOD=20,https://geodesy.noaa.gov/cgi-cors/CorsSidebarSelect.prl?site=P055&option=Logfile,8/28/2006,-104.685,47.1166666667
P056,UNAVCO-PBO,15,Operational,UNAVPB,GPS+GAL+GLO,Daily,https://geodesy.noaa.gov/CORS/ncn_station_pages/index.html?stationID=P056,https://geodesy.noaa.gov/DataAvailability/DAP.jsp?SiteID=P056&NOD=20,https://geodesy.noaa.gov/cgi-cors/CorsSidebarSelect.prl?site=P056&option=Logfile,3/6/2012,-119.0627777778,36.0272222222
P057,UNAVCO-PBO,15,Non-Operational,UNAVPB,GPS+GAL+GLO,Daily,https://geodesy.noaa.gov/CORS/ncn_station_pages/index.html?stationID=P057,https://geodesy.noaa.gov/DataAvailability/DAP.jsp?SiteID=P057&NOD=20,https://geodesy.noaa.gov/cgi-cors/CorsSidebarSelect.prl?site=P057&option=Logfile,9/16/2004,-112.6230555556,41.7563888889
P059,UNAVCO-PBO,15,Operational,UNAVPB,GPS+GAL+GLO,Hourly,https://geodesy.noaa.gov/CORS/ncn_station_pages/index.html?stationID=P059,https://geodesy.noaa.gov/DataAvailability/DAP.jsp?SiteID=P059&NOD=20,https://geodesy.noaa.gov/cgi-cors/CorsSidebarSelect.prl?site=P059&option=Logfile,10/27/2006,-123.7261111111,38.9283333333
P060,UNAVCO-PBO,15,Operational,UNAVPB,GPS,Daily,https://geodesy.noaa.gov/CORS/ncn_station_pages/index.html?stationID=P060,https://geodesy.noaa.gov/DataAvailability/DAP.jsp?SiteID=P060&NOD=20,https://geodesy.noaa.gov/cgi-cors/CorsSidebarSelect.prl?site=P060&option=Logfile,3/29/2012,-122.4147222222,40.9975
P063,UNAVCO-PBO,15,Operational,UNAVPB,GPS+GAL+GLO,Daily,https://geodesy.noaa.gov/CORS/ncn_station_pages/index.html?stationID=P063,https://geodesy.noaa.gov/DataAvailability/DAP.jsp?SiteID=P063&NOD=20,https://geodesy.noaa.gov/cgi-cors/CorsSidebarSelect.prl?site=P063&option=Logfile,1/1/2014,-120.9461111111,44.9225
P066,UNAVCO-PBO,15,Operational,UNAVPB,GPS+GAL+GLO,Daily,https://geodesy.noaa.gov/CORS/ncn_station_pages/index.html?stationID=P066,https://geodesy.noaa.gov/DataAvailability/DAP.jsp?SiteID=P066&NOD=20,https://geodesy.noaa.gov/cgi-cors/CorsSidebarSelect.prl?site=P066&option=Logfile,6/1/2005,-116.1697222222,32.6163888889
P067,UNAVCO-PBO,15,Non-Operational,UNAVPB,GPS,Daily,https://geodesy.noaa.gov/CORS/ncn_station_pages/index.html?stationID=P067,https://geodesy.noaa.gov/DataAvailability/DAP.jsp?SiteID=P067&NOD=20,https://geodesy.noaa.gov/cgi-cors/CorsSidebarSelect.prl?site=P067&option=Logfile,9/16/2004,-121.0027777778,35.5516666667
P069,UNAVCO-PBO,15,Operational,UNAVPB,GPS+GAL+GLO,Daily,https://geodesy.noaa.gov/CORS/ncn_station_pages/index.html?stationID=P069,https://geodesy.noaa.gov/DataAvailability/DAP.jsp?SiteID=P069&NOD=20,https://geodesy.noaa.gov/cgi-cors/CorsSidebarSelect.prl?site=P069&option=Logfile,1/1/2021,-117.6047222222,39.2877777778
P070,UNAVCO-PBO,15,Operational,UNAVPB,GPS+GAL+GLO,Daily,https://geodesy.noaa.gov/CORS/ncn_station_pages/index.html?stationID=P070,https://geodesy.noaa.gov/DataAvailability/DAP.jsp?SiteID=P070&NOD=20,https://geodesy.noaa.gov/cgi-cors/CorsSidebarSelect.prl?site=P070&option=Logfile,10/28/2008,-104.6977777778,36.0447222222
P072,UNAVCO-PBO,15,Operational,UNAVPB,GPS+GAL+GLO+SBAS,Daily,https://geodesy.noaa.gov/CORS/ncn_station_pages/index.html?stationID=P072,https://geodesy.noaa.gov/DataAvailability/DAP.jsp?SiteID=P072&NOD=20,https://geodesy.noaa.gov/cgi-cors/CorsSidebarSelect.prl?site=P072&option=Logfile,1/1/2021,-116.7408333333,39.5213888889
P075,UNAVCO-PBO,15,Operational,UNAVPB,GPS,Daily,https://geodesy.noaa.gov/CORS/ncn_station_pages/index.html?stationID=P075,https://geodesy.noaa.gov/DataAvailability/DAP.jsp?SiteID=P075&NOD=20,https://geodesy.noaa.gov/cgi-cors/CorsSidebarSelect.prl?site=P075&option=Logfile,1/1/2021,-115.8886111111,39.3741666667
P082,UNAVCO-PBO,15,Operational,UNAVPB,GPS,Daily,https://geodesy.noaa.gov/CORS/ncn_station_pages/index.html?stationID=P082,https://geodesy.noaa.gov/DataAvailability/DAP.jsp?SiteID=P082&NOD=20,https://geodesy.noaa.gov/cgi-cors/CorsSidebarSelect.prl?site=P082&option=Logfile,3/17/2023,-113.505,39.2688888889
P083,UNAVCO-PBO,15,Operational,UNAVPB,GPS+BDS+GAL+GLO+QZSS+SBAS,Daily,https://geodesy.noaa.gov/CORS/ncn_station_pages/index.html?stationID=P083,https://geodesy.noaa.gov/DataAvailability/DAP.jsp?SiteID=P083&NOD=20,https://geodesy.noaa.gov/cgi-cors/CorsSidebarSelect.prl?site=P083&option=Logfile,1/1/2022,-117.4675,40.3205555556
P085,UNAVCO-PBO,15,Operational,UNAVPB,GPS,Daily,https://geodesy.noaa.gov/CORS/ncn_station_pages/index.html?stationID=P085,https://geodesy.noaa.gov/DataAvailability/DAP.jsp?SiteID=P085&NOD=20,https://geodesy.noaa.gov/cgi-cors/CorsSidebarSelect.prl?site=P085&option=Logfile,9/27/2006,-116.7361111111,40.4952777778
P091,UNAVCO-PBO,15,Operational,UNAVPB,GPS+GAL+GLO,Daily,https://geodesy.noaa.gov/CORS/ncn_station_pages/index.html?stationID=P091,https://geodesy.noaa.gov/DataAvailability/DAP.jsp?SiteID=P091&NOD=20,https://geodesy.noaa.gov/cgi-cors/CorsSidebarSelect.prl?site=P091&option=Logfile,1/1/2014,-117.5313888889,36.6141666667
P093,UNAVCO-PBO,15,Operational,UNAVPB,GPS+GAL+GLO,Daily,https://geodesy.noaa.gov/CORS/ncn_station_pages/index.html?stationID=P093,https://geodesy.noaa.gov/DataAvailability/DAP.jsp?SiteID=P093&NOD=20,https://geodesy.noaa.gov/cgi-cors/CorsSidebarSelect.prl?site=P093&option=Logfile,1/1/2011,-117.9938888889,36.6058333333
P094,UNAVCO-PBO,15,Operational,UNAVPB,GPS,Daily,https://geodesy.noaa.gov/CORS/ncn_station_pages/index.html?stationID=P094,https://geodesy.noaa.gov/DataAvailability/DAP.jsp?SiteID=P094&NOD=20,https://geodesy.noaa.gov/cgi-cors/CorsSidebarSelect.prl?site=P094&option=Logfile,3/6/2012,-117.7041666667,37.2008333333
P100,UNAVCO-PBO,15,Operational,UNAVPB,GPS,Daily,https://geodesy.noaa.gov/CORS/ncn_station_pages/index.html?stationID=P100,https://geodesy.noaa.gov/DataAvailability/DAP.jsp?SiteID=P100&NOD=20,https://geodesy.noaa.gov/cgi-cors/CorsSidebarSelect.prl?site=P100&option=Logfile,5/8/2010,-113.2941666667,41.8566666667
P105,UNAVCO-PBO,15,Operational,UNAVPB,GPS+GAL+GLO,Daily,https://geodesy.noaa.gov/CORS/ncn_station_pages/index.html?stationID=P105,https://geodesy.noaa.gov/DataAvailability/DAP.jsp?SiteID=P105&NOD=20,https://geodesy.noaa.gov/cgi-cors/CorsSidebarSelect.prl?site=P105&option=Logfile,5/1/2005,-112.5038888889,39.3875
P107,UNAVCO-PBO,15,Operational,UNAVPB,GPS+GAL+GLO,Daily,https://geodesy.noaa.gov/CORS/ncn_station_pages/index.html?stationID=P107,https://geodesy.noaa.gov/DataAvailability/DAP.jsp?SiteID=P107&NOD=20,https://geodesy.noaa.gov/cgi-cors/CorsSidebarSelect.prl?site=P107&option=Logfile,8/28/2006,-107.88,35.1319444444
P113,UNAVCO-PBO,15,Operational,UNAVPB,GPS+GAL+GLO,Daily,https://geodesy.noaa.gov/CORS/ncn_station_pages/index.html?stationID=P113,https://geodesy.noaa.gov/DataAvailability/DAP.jsp?SiteID=P113&NOD=20,https://geodesy.noaa.gov/cgi-cors/CorsSidebarSelect.prl?site=P113&option=Logfile,5/21/2010,-113.2777777778,40.6711111111
P120,UNAVCO-PBO,15,Operational,UNAVPB,GPS+GAL+GLO,Daily,https://geodesy.noaa.gov/CORS/ncn_station_pages/index.html?stationID=P120,https://geodesy.noaa.gov/DataAvailability/DAP.jsp?SiteID=P120&NOD=20,https://geodesy.noaa.gov/cgi-cors/CorsSidebarSelect.prl?site=P120&option=Logfile,10/28/2008,-105.6258333333,35.0072222222
P121,UNAVCO-PBO,15,Operational,UNAVPB,GPS+GAL+GLO,Daily,https://geodesy.noaa.gov/CORS/ncn_station_pages/index.html?stationID=P121,https://geodesy.noaa.gov/DataAvailability/DAP.jsp?SiteID=P121&NOD=20,https://geodesy.noaa.gov/cgi-cors/CorsSidebarSelect.prl?site=P121&option=Logfile,10/6/2004,-112.6980555556,41.8033333333
P122,UNAVCO-PBO,15,Operational,UNAVPB,GPS+GAL+GLO,Daily,https://geodesy.noaa.gov/CORS/ncn_station_pages/index.html?stationID=P122,https://geodesy.noaa.gov/DataAvailability/DAP.jsp?SiteID=P122&NOD=20,https://geodesy.noaa.gov/cgi-cors/CorsSidebarSelect.prl?site=P122&option=Logfile,12/18/2004,-112.3316666667,41.6352777778
P123,UNAVCO-PBO,15,Operational,UNAVPB,GPS+GAL+GLO,Daily,https://geodesy.noaa.gov/CORS/ncn_station_pages/index.html?stationID=P123,https://geodesy.noaa.gov/DataAvailability/DAP.jsp?SiteID=P123&NOD=20,https://geodesy.noaa.gov/cgi-cors/CorsSidebarSelect.prl?site=P123&option=Logfile,10/28/2008,-105.9108333333,36.635
P129,UNAVCO-PBO,15,Operational,UNAVPB,GPS+BDS+GAL+GLO+QZSS+SBAS,Daily,https://geodesy.noaa.gov/CORS/ncn_station_pages/index.html?stationID=P129,https://geodesy.noaa.gov/DataAvailability/DAP.jsp?SiteID=P129&NOD=20,https://geodesy.noaa.gov/cgi-cors/CorsSidebarSelect.prl?site=P129&option=Logfile,1/1/2022,-118.4494444444,39.1338888889
P132,UNAVCO-PBO,15,Operational,UNAVPB,GPS+GAL+GLO,Daily,https://geodesy.noaa.gov/CORS/ncn_station_pages/index.html?stationID=P132,https://geodesy.noaa.gov/DataAvailability/DAP.jsp?SiteID=P132&NOD=20,https://geodesy.noaa.gov/cgi-cors/CorsSidebarSelect.prl?site=P132&option=Logfile,11/11/2006,-118.0047222222,38.7286111111
P140,UNAVCO-PBO,15,Operational,UNAVPB,GPS+GAL+GLO,Daily,https://geodesy.noaa.gov/CORS/ncn_station_pages/index.html?stationID=P140,https://geodesy.noaa.gov/DataAvailability/DAP.jsp?SiteID=P140&NOD=20,https://geodesy.noaa.gov/cgi-cors/CorsSidebarSelect.prl?site=P140&option=Logfile,3/27/2011,-120.6930555556,38.8291666667
P143,UNAVCO-PBO,15,Operational,UNAVPB,GPS+GAL+GLO,Hourly,https://geodesy.noaa.gov/CORS/ncn_station_pages/index.html?stationID=P143,https://geodesy.noaa.gov/DataAvailability/DAP.jsp?SiteID=P143&NOD=20,https://geodesy.noaa.gov/cgi-cors/CorsSidebarSelect.prl?site=P143&option=Logfile,10/7/2008,-119.7647222222,38.76
P146,UNAVCO-PBO,15,Operational,UNAVPB,GPS+GAL+GLO,Daily,https://geodesy.noaa.gov/CORS/ncn_station_pages/index.html?stationID=P146,https://geodesy.noaa.gov/DataAvailability/DAP.jsp?SiteID=P146&NOD=20,https://geodesy.noaa.gov/cgi-cors/CorsSidebarSelect.prl?site=P146&option=Logfile,3/6/2012,-120.5372222222,39.3372222222
P148,UNAVCO-PBO,15,Operational,UNAVPB,GPS+GAL+GLO,Hourly,https://geodesy.noaa.gov/CORS/ncn_station_pages/index.html?stationID=P148,https://geodesy.noaa.gov/DataAvailability/DAP.jsp?SiteID=P148&NOD=20,https://geodesy.noaa.gov/cgi-cors/CorsSidebarSelect.prl?site=P148&option=Logfile,3/29/2012,-120.8058333333,40.4183333333
P149,UNAVCO-PBO,15,Non-Operational,UNAVPB,GPS+GAL+GLO,Daily,https://geodesy.noaa.gov/CORS/ncn_station_pages/index.html?stationID=P149,https://geodesy.noaa.gov/DataAvailability/DAP.jsp?SiteID=P149&NOD=20,https://geodesy.noaa.gov/cgi-cors/CorsSidebarSelect.prl?site=P149&option=Logfile,1/1/2011,-120.1047222222,39.6019444444
P150,UNAVCO-PBO,15,Operational,UNAVPB,GPS+GAL+GLO,Daily,https://geodesy.noaa.gov/CORS/ncn_station_pages/index.html?stationID=P150,https://geodesy.noaa.gov/DataAvailability/DAP.jsp?SiteID=P150&NOD=20,https://geodesy.noaa.gov/cgi-cors/CorsSidebarSelect.prl?site=P150&option=Logfile,3/6/2012,-120.0336111111,39.2922222222
P151,UNAVCO-PBO,15,Operational,UNAVPB,GPS+GAL+GLO,Daily,https://geodesy.noaa.gov/CORS/ncn_station_pages/index.html?stationID=P151,https://geodesy.noaa.gov/DataAvailability/DAP.jsp?SiteID=P151&NOD=20,https://geodesy.noaa.gov/cgi-cors/CorsSidebarSelect.prl?site=P151&option=Logfile,3/6/2012,-120.0772222222,40.2888888889
P154,UNAVCO-PBO,15,Operational,UNAVPB,GPS+GAL+GLO,Daily,https://geodesy.noaa.gov/CORS/ncn_station_pages/index.html?stationID=P154,https://geodesy.noaa.gov/DataAvailability/DAP.jsp?SiteID=P154&NOD=20,https://geodesy.noaa.gov/cgi-cors/CorsSidebarSelect.prl?site=P154&option=Logfile,3/6/2012,-123.36,41.8069444444
P157,UNAVCO-PBO,15,Operational,UNAVPB,GPS+GAL+GLO,Daily,https://geodesy.noaa.gov/CORS/ncn_station_pages/index.html?stationID=P157,https://geodesy.noaa.gov/DataAvailability/DAP.jsp?SiteID=P157&NOD=20,https://geodesy.noaa.gov/cgi-cors/CorsSidebarSelect.prl?site=P157&option=Logfile,1/1/2011,-124.3080555556,40.2475
P158,UNAVCO-PBO,15,Operational,UNAVPB,GPS+GAL+GLO,Hourly,https://geodesy.noaa.gov/CORS/ncn_station_pages/index.html?stationID=P158,https://geodesy.noaa.gov/DataAvailability/DAP.jsp?SiteID=P158&NOD=20,https://geodesy.noaa.gov/cgi-cors/CorsSidebarSelect.prl?site=P158&option=Logfile,6/4/2005,-124.1069444444,40.4222222222
P159,UNAVCO-PBO,15,Operational,UNAVPB,GPS+GAL+GLO,Daily,https://geodesy.noaa.gov/CORS/ncn_station_pages/index.html?stationID=P159,https://geodesy.noaa.gov/DataAvailability/DAP.jsp?SiteID=P159&NOD=20,https://geodesy.noaa.gov/cgi-cors/CorsSidebarSelect.prl?site=P159&option=Logfile,3/6/2012,-124.2827777778,40.5047222222
P162,UNAVCO-PBO,15,Operational,UNAVPB,GPS+GAL+GLO,Hourly,https://geodesy.noaa.gov/CORS/ncn_station_pages/index.html?stationID=P162,https://geodesy.noaa.gov/DataAvailability/DAP.jsp?SiteID=P162&NOD=20,https://geodesy.noaa.gov/cgi-cors/CorsSidebarSelect.prl?site=P162&option=Logfile,5/1/2005,-124.2369444444,40.6908333333
P164,UNAVCO-PBO,15,Operational,UNAVPB,GPS+GAL+GLO,Hourly,https://geodesy.noaa.gov/CORS/ncn_station_pages/index.html?stationID=P164,https://geodesy.noaa.gov/DataAvailability/DAP.jsp?SiteID=P164&NOD=20,https://geodesy.noaa.gov/cgi-cors/CorsSidebarSelect.prl?site=P164&option=Logfile,6/4/2005,-123.6933333333,40.1191666667
P165,UNAVCO-PBO,15,Operational,UNAVPB,GPS+GAL+GLO,Hourly,https://geodesy.noaa.gov/CORS/ncn_station_pages/index.html?stationID=P165,https://geodesy.noaa.gov/DataAvailability/DAP.jsp?SiteID=P165&NOD=20,https://geodesy.noaa.gov/cgi-cors/CorsSidebarSelect.prl?site=P165&option=Logfile,3/24/2011,-123.8530555556,40.2452777778
P168,UNAVCO-PBO,15,Operational,UNAVPB,GPS+GAL+GLO,Daily,https://geodesy.noaa.gov/CORS/ncn_station_pages/index.html?stationID=P168,https://geodesy.noaa.gov/DataAvailability/DAP.jsp?SiteID=P168&NOD=20,https://geodesy.noaa.gov/cgi-cors/CorsSidebarSelect.prl?site=P168&option=Logfile,3/6/2012,-123.8813888889,40.6686111111
P169,UNAVCO-PBO,15,Operational,UNAVPB,GPS+GAL+GLO,Hourly,https://geodesy.noaa.gov/CORS/ncn_station_pages/index.html?stationID=P169,https://geodesy.noaa.gov/DataAvailability/DAP.jsp?SiteID=P169&NOD=20,https://geodesy.noaa.gov/cgi-cors/CorsSidebarSelect.prl?site=P169&option=Logfile,11/7/2004,-123.9675,40.7911111111
P170,UNAVCO-PBO,15,Operational,UNAVPB,GPS+GAL+GLO,Hourly,https://geodesy.noaa.gov/CORS/ncn_station_pages/index.html?stationID=P170,https://geodesy.noaa.gov/DataAvailability/DAP.jsp?SiteID=P170&NOD=20,https://geodesy.noaa.gov/cgi-cors/CorsSidebarSelect.prl?site=P170&option=Logfile,11/7/2004,-123.8630555556,40.88
P171,UNAVCO-PBO,15,Operational,UNAVPB,GPS+GLO,Daily,https://geodesy.noaa.gov/CORS/ncn_station_pages/index.html?stationID=P171,https://geodesy.noaa.gov/DataAvailability/DAP.jsp?SiteID=P171&NOD=20,https://geodesy.noaa.gov/cgi-cors/CorsSidebarSelect.prl?site=P171&option=Logfile,5/1/2005,-121.7925,36.4852777778
P172,UNAVCO-PBO,15,Operational,UNAVPB,GPS+GAL+GLO,Daily,https://geodesy.noaa.gov/CORS/ncn_station_pages/index.html?stationID=P172,https://geodesy.noaa.gov/DataAvailability/DAP.jsp?SiteID=P172&NOD=20,https://geodesy.noaa.gov/cgi-cors/CorsSidebarSelect.prl?site=P172&option=Logfile,3/23/2011,-121.7672222222,36.2280555556
P173,UNAVCO-PBO,15,Operational,UNAVPB,GPS+GAL+GLO,Hourly,https://geodesy.noaa.gov/CORS/ncn_station_pages/index.html?stationID=P173,https://geodesy.noaa.gov/DataAvailability/DAP.jsp?SiteID=P173&NOD=20,https://geodesy.noaa.gov/cgi-cors/CorsSidebarSelect.prl?site=P173&option=Logfile,1/1/2011,-121.2902777778,35.9455555556
P176,UNAVCO-PBO,15,Operational,UNAVPB,GPS+GAL+GLO,Daily,https://geodesy.noaa.gov/CORS/ncn_station_pages/index.html?stationID=P176,https://geodesy.noaa.gov/DataAvailability/DAP.jsp?SiteID=P176&NOD=20,https://geodesy.noaa.gov/cgi-cors/CorsSidebarSelect.prl?site=P176&option=Logfile,3/6/2012,-122.3569444444,37.4716666667
P181,UNAVCO-PBO,15,Operational,UNAVPB,GPS+GLO,Daily,https://geodesy.noaa.gov/CORS/ncn_station_pages/index.html?stationID=P181,https://geodesy.noaa.gov/DataAvailability/DAP.jsp?SiteID=P181&NOD=20,https://geodesy.noaa.gov/cgi-cors/CorsSidebarSelect.prl?site=P181&option=Logfile,6/23/2006,-122.3766666667,37.9144444444
P183,UNAVCO-PBO,15,Operational,UNAVPB,GPS+GLO,Daily,https://geodesy.noaa.gov/CORS/ncn_station_pages/index.html?stationID=P183,https://geodesy.noaa.gov/DataAvailability/DAP.jsp?SiteID=P183&NOD=20,https://geodesy.noaa.gov/cgi-cors/CorsSidebarSelect.prl?site=P183&option=Logfile,3/6/2012,-123.0686111111,38.3136111111
P185,UNAVCO-PBO,15,Operational,UNAVPB,GPS+GAL+GLO,Hourly,https://geodesy.noaa.gov/CORS/ncn_station_pages/index.html?stationID=P185,https://geodesy.noaa.gov/DataAvailability/DAP.jsp?SiteID=P185&NOD=20,https://geodesy.noaa.gov/cgi-cors/CorsSidebarSelect.prl?site=P185&option=Logfile,3/6/2012,-123.7491666667,39.2611111111
P188,UNAVCO-PBO,15,Operational,UNAVPB,GPS+GAL+GLO,Daily,https://geodesy.noaa.gov/CORS/ncn_station_pages/index.html?stationID=P188,https://geodesy.noaa.gov/DataAvailability/DAP.jsp?SiteID=P188&NOD=20,https://geodesy.noaa.gov/cgi-cors/CorsSidebarSelect.prl?site=P188&option=Logfile,3/3/2011,-123.2294444444,38.6677777778
P190,UNAVCO-PBO,15,Operational,UNAVPB,GPS+GAL+GLO,Daily,https://geodesy.noaa.gov/CORS/ncn_station_pages/index.html?stationID=P190,https://geodesy.noaa.gov/DataAvailability/DAP.jsp?SiteID=P190&NOD=20,https://geodesy.noaa.gov/cgi-cors/CorsSidebarSelect.prl?site=P190&option=Logfile,3/29/2012,-123.2038888889,39.2419444444
P192,UNAVCO-PBO,15,Operational,UNAVPB,GPS+GAL+GLO,Daily,https://geodesy.noaa.gov/CORS/ncn_station_pages/index.html?stationID=P192,https://geodesy.noaa.gov/DataAvailability/DAP.jsp?SiteID=P192&NOD=20,https://geodesy.noaa.gov/cgi-cors/CorsSidebarSelect.prl?site=P192&option=Logfile,3/6/2012,-123.105,39.3197222222
P196,UNAVCO-PBO,15,Operational,UNAVPB,GPS+GAL+GLO,Daily,https://geodesy.noaa.gov/CORS/ncn_station_pages/index.html?stationID=P196,https://geodesy.noaa.gov/DataAvailability/DAP.jsp?SiteID=P196&NOD=20,https://geodesy.noaa.gov/cgi-cors/CorsSidebarSelect.prl?site=P196&option=Logfile,3/23/2011,-122.7425,38.2980555556
P198,UNAVCO-PBO,15,Operational,UNAVPB,GPS+GAL+GLO,Daily,https://geodesy.noaa.gov/CORS/ncn_station_pages/index.html?stationID=P198,https://geodesy.noaa.gov/DataAvailability/DAP.jsp?SiteID=P198&NOD=20,https://geodesy.noaa.gov/cgi-cors/CorsSidebarSelect.prl?site=P198&option=Logfile,5/1/2005,-122.6072222222,38.2597222222
P206,UNAVCO-PBO,15,Operational,UNAVPB,GPS+GLO,Daily,https://geodesy.noaa.gov/CORS/ncn_station_pages/index.html?stationID=P206,https://geodesy.noaa.gov/DataAvailability/DAP.jsp?SiteID=P206&NOD=20,https://geodesy.noaa.gov/cgi-cors/CorsSidebarSelect.prl?site=P206&option=Logfile,7/22/2008,-122.5755555556,38.7777777778
P210,UNAVCO-PBO,15,Operational,UNAVPB,GPS+GAL+GLO,Daily,https://geodesy.noaa.gov/CORS/ncn_station_pages/index.html?stationID=P210,https://geodesy.noaa.gov/DataAvailability/DAP.jsp?SiteID=P210&NOD=20,https://geodesy.noaa.gov/cgi-cors/CorsSidebarSelect.prl?site=P210&option=Logfile,4/4/2007,-121.7316666667,36.8161111111
P217,UNAVCO-PBO,15,Operational,UNAVPB,GPS+GAL+GLO,Daily,https://geodesy.noaa.gov/CORS/ncn_station_pages/index.html?stationID=P217,https://geodesy.noaa.gov/DataAvailability/DAP.jsp?SiteID=P217&NOD=20,https://geodesy.noaa.gov/cgi-cors/CorsSidebarSelect.prl?site=P217&option=Logfile,3/10/2012,-121.6505555556,37.1044444444
P222,UNAVCO-PBO,15,Operational,UNAVPB,GPS+GAL+GLO,Daily,https://geodesy.noaa.gov/CORS/ncn_station_pages/index.html?stationID=P222,https://geodesy.noaa.gov/DataAvailability/DAP.jsp?SiteID=P222&NOD=20,https://geodesy.noaa.gov/cgi-cors/CorsSidebarSelect.prl?site=P222&option=Logfile,5/1/2005,-122.0830555556,37.5391666667
P224,UNAVCO-PBO,15,Operational,UNAVPB,GPS+GAL+GLO,Daily,https://geodesy.noaa.gov/CORS/ncn_station_pages/index.html?stationID=P224,https://geodesy.noaa.gov/DataAvailability/DAP.jsp?SiteID=P224&NOD=20,https://geodesy.noaa.gov/cgi-cors/CorsSidebarSelect.prl?site=P224&option=Logfile,5/1/2005,-122.2188888889,37.8638888889
P225,UNAVCO-PBO,15,Operational,UNAVPB,GPS+GAL+GLO,Daily,https://geodesy.noaa.gov/CORS/ncn_station_pages/index.html?stationID=P225,https://geodesy.noaa.gov/DataAvailability/DAP.jsp?SiteID=P225&NOD=20,https://geodesy.noaa.gov/cgi-cors/CorsSidebarSelect.prl?site=P225&option=Logfile,10/27/2005,-122.0580555556,37.7136111111
P230,UNAVCO-PBO,15,Operational,UNAVPB,GPS+GLO,Daily,https://geodesy.noaa.gov/CORS/ncn_station_pages/index.html?stationID=P230,https://geodesy.noaa.gov/DataAvailability/DAP.jsp?SiteID=P230&NOD=20,https://geodesy.noaa.gov/cgi-cors/CorsSidebarSelect.prl?site=P230&option=Logfile,5/1/2005,-121.7863888889,37.8188888889
P231,UNAVCO-PBO,15,Operational,UNAVPB,GPS+GLO,Daily,https://geodesy.noaa.gov/CORS/ncn_station_pages/index.html?stationID=P231,https://geodesy.noaa.gov/DataAvailability/DAP.jsp?SiteID=P231&NOD=20,https://geodesy.noaa.gov/cgi-cors/CorsSidebarSelect.prl?site=P231&option=Logfile,3/10/2012,-121.9052777778,36.6216666667
P237,UNAVCO-PBO,15,Operational,UNAVPB,GPS+GAL+GLO,Daily,https://geodesy.noaa.gov/CORS/ncn_station_pages/index.html?stationID=P237,https://geodesy.noaa.gov/DataAvailability/DAP.jsp?SiteID=P237&NOD=20,https://geodesy.noaa.gov/cgi-cors/CorsSidebarSelect.prl?site=P237&option=Logfile,1/1/2011,-121.3866666667,36.6369444444
P242,UNAVCO-PBO,15,Operational,UNAVPB,GPS+GAL+GLO,Daily,https://geodesy.noaa.gov/CORS/ncn_station_pages/index.html?stationID=P242,https://geodesy.noaa.gov/DataAvailability/DAP.jsp?SiteID=P242&NOD=20,https://geodesy.noaa.gov/cgi-cors/CorsSidebarSelect.prl?site=P242&option=Logfile,5/1/2005,-121.4630555556,36.9538888889
P245,UNAVCO-PBO,15,Operational,UNAVPB,GPS+GAL+GLO,Daily,https://geodesy.noaa.gov/CORS/ncn_station_pages/index.html?stationID=P245,https://geodesy.noaa.gov/DataAvailability/DAP.jsp?SiteID=P245&NOD=20,https://geodesy.noaa.gov/cgi-cors/CorsSidebarSelect.prl?site=P245&option=Logfile,3/10/2012,-119.7061111111,37.7130555556
P254,UNAVCO-PBO,15,Operational,UNAVPB,GPS,Daily,https://geodesy.noaa.gov/CORS/ncn_station_pages/index.html?stationID=P254,https://geodesy.noaa.gov/DataAvailability/DAP.jsp?SiteID=P254&NOD=20,https://geodesy.noaa.gov/cgi-cors/CorsSidebarSelect.prl?site=P254&option=Logfile,3/10/2012,-121.4691666667,37.4894444444
P256,UNAVCO-PBO,15,Operational,UNAVPB,GPS+GAL+GLO,Daily,https://geodesy.noaa.gov/CORS/ncn_station_pages/index.html?stationID=P256,https://geodesy.noaa.gov/DataAvailability/DAP.jsp?SiteID=P256&NOD=20,https://geodesy.noaa.gov/cgi-cors/CorsSidebarSelect.prl?site=P256&option=Logfile,3/10/2012,-121.6047222222,37.9319444444
P259,UNAVCO-PBO,15,Non-Operational,UNAVPB,GPS,Daily,https://geodesy.noaa.gov/CORS/ncn_station_pages/index.html?stationID=P259,https://geodesy.noaa.gov/DataAvailability/DAP.jsp?SiteID=P259&NOD=20,https://geodesy.noaa.gov/cgi-cors/CorsSidebarSelect.prl?site=P259&option=Logfile,3/10/2012,-121.1005555556,37.4327777778
P261,UNAVCO-PBO,15,Operational,UNAVPB,GPS+GAL+GLO,Daily,https://geodesy.noaa.gov/CORS/ncn_station_pages/index.html?stationID=P261,https://geodesy.noaa.gov/DataAvailability/DAP.jsp?SiteID=P261&NOD=20,https://geodesy.noaa.gov/cgi-cors/CorsSidebarSelect.prl?site=P261&option=Logfile,9/19/2004,-122.2175,38.1527777778
P267,UNAVCO-PBO,15,Operational,UNAVPB,GPS+GAL+GLO,Daily,https://geodesy.noaa.gov/CORS/ncn_station_pages/index.html?stationID=P267,https://geodesy.noaa.gov/DataAvailability/DAP.jsp?SiteID=P267&NOD=20,https://geodesy.noaa.gov/cgi-cors/CorsSidebarSelect.prl?site=P267&option=Logfile,3/10/2012,-121.8230555556,38.3802777778
P268,UNAVCO-PBO,15,Operational,UNAVPB,GPS+GAL+GLO,Daily,https://geodesy.noaa.gov/CORS/ncn_station_pages/index.html?stationID=P268,https://geodesy.noaa.gov/DataAvailability/DAP.jsp?SiteID=P268&NOD=20,https://geodesy.noaa.gov/cgi-cors/CorsSidebarSelect.prl?site=P268&option=Logfile,3/10/2012,-121.6463888889,38.4733333333
P270,UNAVCO-PBO,15,Operational,UNAVPB,GPS+GAL+GLO,Daily,https://geodesy.noaa.gov/CORS/ncn_station_pages/index.html?stationID=P270,https://geodesy.noaa.gov/DataAvailability/DAP.jsp?SiteID=P270&NOD=20,https://geodesy.noaa.gov/cgi-cors/CorsSidebarSelect.prl?site=P270&option=Logfile,3/23/2011,-122.055,39.2436111111
P271,UNAVCO-PBO,15,Operational,UNAVPB,GPS+GAL+GLO,Daily,https://geodesy.noaa.gov/CORS/ncn_station_pages/index.html?stationID=P271,https://geodesy.noaa.gov/DataAvailability/DAP.jsp?SiteID=P271&NOD=20,https://geodesy.noaa.gov/cgi-cors/CorsSidebarSelect.prl?site=P271&option=Logfile,11/7/2004,-121.7144444444,38.6572222222
P277,UNAVCO-PBO,15,Operational,UNAVPB,GPS+GAL+GLO,Daily,https://geodesy.noaa.gov/CORS/ncn_station_pages/index.html?stationID=P277,https://geodesy.noaa.gov/DataAvailability/DAP.jsp?SiteID=P277&NOD=20,https://geodesy.noaa.gov/cgi-cors/CorsSidebarSelect.prl?site=P277&option=Logfile,3/11/2012,-122.3666666667,37.1922222222
P278,UNAVCO-PBO,15,Operational,UNAVPB,GPS+GAL+GLO,Daily,https://geodesy.noaa.gov/CORS/ncn_station_pages/index.html?stationID=P278,https://geodesy.noaa.gov/DataAvailability/DAP.jsp?SiteID=P278&NOD=20,https://geodesy.noaa.gov/cgi-cors/CorsSidebarSelect.prl?site=P278&option=Logfile,9/19/2004,-121.0605555556,35.7111111111
P280,UNAVCO-PBO,15,Operational,UNAVPB,GPS+GAL+GLO,Daily,https://geodesy.noaa.gov/CORS/ncn_station_pages/index.html?stationID=P280,https://geodesy.noaa.gov/DataAvailability/DAP.jsp?SiteID=P280&NOD=20,https://geodesy.noaa.gov/cgi-cors/CorsSidebarSelect.prl?site=P280&option=Logfile,10/28/2008,-120.3475,35.5438888889
P281,UNAVCO-PBO,15,Operational,UNAVPB,GPS,Daily,https://geodesy.noaa.gov/CORS/ncn_station_pages/index.html?stationID=P281,https://geodesy.noaa.gov/DataAvailability/DAP.jsp?SiteID=P281&NOD=20,https://geodesy.noaa.gov/cgi-cors/CorsSidebarSelect.prl?site=P281&option=Logfile,5/1/2005,-120.3894444444,35.8408333333
P282,UNAVCO-PBO,15,Operational,UNAVPB,GPS,Daily,https://geodesy.noaa.gov/CORS/ncn_station_pages/index.html?stationID=P282,https://geodesy.noaa.gov/DataAvailability/DAP.jsp?SiteID=P282&NOD=20,https://geodesy.noaa.gov/cgi-cors/CorsSidebarSelect.prl?site=P282&option=Logfile,5/1/2005,-120.345,35.8377777778
P283,UNAVCO-PBO,15,Operational,UNAVPB,GPS+GAL+GLO,Daily,https://geodesy.noaa.gov/CORS/ncn_station_pages/index.html?stationID=P283,https://geodesy.noaa.gov/DataAvailability/DAP.jsp?SiteID=P283&NOD=20,https://geodesy.noaa.gov/cgi-cors/CorsSidebarSelect.prl?site=P283&option=Logfile,5/12/2005,-120.285,35.8066666667
P284,UNAVCO-PBO,15,Operational,UNAVPB,GPS+GAL+GLO,Daily,https://geodesy.noaa.gov/CORS/ncn_station_pages/index.html?stationID=P284,https://geodesy.noaa.gov/DataAvailability/DAP.jsp?SiteID=P284&NOD=20,https://geodesy.noaa.gov/cgi-cors/CorsSidebarSelect.prl?site=P284&option=Logfile,5/1/2005,-120.9066666667,35.9330555556
P287,UNAVCO-PBO,15,Operational,UNAVPB,GPS+GAL+GLO,Daily,https://geodesy.noaa.gov/CORS/ncn_station_pages/index.html?stationID=P287,https://geodesy.noaa.gov/DataAvailability/DAP.jsp?SiteID=P287&NOD=20,https://geodesy.noaa.gov/cgi-cors/CorsSidebarSelect.prl?site=P287&option=Logfile,5/1/2005,-120.6977777778,36.0247222222
P288,UNAVCO-PBO,15,Operational,UNAVPB,GPS+GAL+GLO,Daily,https://geodesy.noaa.gov/CORS/ncn_station_pages/index.html?stationID=P288,https://geodesy.noaa.gov/DataAvailability/DAP.jsp?SiteID=P288&NOD=20,https://geodesy.noaa.gov/cgi-cors/CorsSidebarSelect.prl?site=P288&option=Logfile,3/11/2012,-120.8788888889,36.14
P295,UNAVCO-PBO,15,Operational,UNAVPB,GPS+GAL+GLO,Daily,https://geodesy.noaa.gov/CORS/ncn_station_pages/index.html?stationID=P295,https://geodesy.noaa.gov/DataAvailability/DAP.jsp?SiteID=P295&NOD=20,https://geodesy.noaa.gov/cgi-cors/CorsSidebarSelect.prl?site=P295&option=Logfile,11/7/2004,-120.8422222222,35.6969444444
P300,UNAVCO-PBO,15,Operational,UNAVPB,GPS+GAL+GLO,Daily,https://geodesy.noaa.gov/CORS/ncn_station_pages/index.html?stationID=P300,https://geodesy.noaa.gov/DataAvailability/DAP.jsp?SiteID=P300&NOD=20,https://geodesy.noaa.gov/cgi-cors/CorsSidebarSelect.prl?site=P300&option=Logfile,3/1/2011,-120.2769444444,36.3041666667
P301,UNAVCO-PBO,15,Non-Operational,UNAVPB,GPS,Daily,https://geodesy.noaa.gov/CORS/ncn_station_pages/index.html?stationID=P301,https://geodesy.noaa.gov/DataAvailability/DAP.jsp?SiteID=P301&NOD=20,https://geodesy.noaa.gov/cgi-cors/CorsSidebarSelect.prl?site=P301&option=Logfile,6/19/2005,-120.7427777778,36.8061111111
P302,UNAVCO-PBO,15,Operational,UNAVPB,GPS+GAL+GLO,Daily,https://geodesy.noaa.gov/CORS/ncn_station_pages/index.html?stationID=P302,https://geodesy.noaa.gov/DataAvailability/DAP.jsp?SiteID=P302&NOD=20,https://geodesy.noaa.gov/cgi-cors/CorsSidebarSelect.prl?site=P302&option=Logfile,5/1/2005,-120.6183333333,36.6347222222
P304,UNAVCO-PBO,15,Operational,UNAVPB,GPS,Daily,https://geodesy.noaa.gov/CORS/ncn_station_pages/index.html?stationID=P304,https://geodesy.noaa.gov/DataAvailability/DAP.jsp?SiteID=P304&NOD=20,https://geodesy.noaa.gov/cgi-cors/CorsSidebarSelect.prl?site=P304&option=Logfile,11/7/2004,-120.3563888889,36.7388888889
P305,UNAVCO-PBO,15,Operational,UNAVPB,GPS+GAL+GLO,Daily,https://geodesy.noaa.gov/CORS/ncn_station_pages/index.html?stationID=P305,https://geodesy.noaa.gov/DataAvailability/DAP.jsp?SiteID=P305&NOD=20,https://geodesy.noaa.gov/cgi-cors/CorsSidebarSelect.prl?site=P305&option=Logfile,7/23/2008,-120.1966666667,37.3519444444
P306,UNAVCO-PBO,15,Operational,UNAVPB,GPS+GAL+GLO,Daily,https://geodesy.noaa.gov/CORS/ncn_station_pages/index.html?stationID=P306,https://geodesy.noaa.gov/DataAvailability/DAP.jsp?SiteID=P306&NOD=20,https://geodesy.noaa.gov/cgi-cors/CorsSidebarSelect.prl?site=P306&option=Logfile,3/12/2012,-120.6444444444,37.795
P307,UNAVCO-PBO,15,Operational,UNAVPB,GPS,Daily,https://geodesy.noaa.gov/CORS/ncn_station_pages/index.html?stationID=P307,https://geodesy.noaa.gov/DataAvailability/DAP.jsp?SiteID=P307&NOD=20,https://geodesy.noaa.gov/cgi-cors/CorsSidebarSelect.prl?site=P307&option=Logfile,3/12/2012,-120.0577777778,36.9472222222
P310,UNAVCO-PBO,15,Operational,UNAVPB,GPS+GAL+GLO,Daily,https://geodesy.noaa.gov/CORS/ncn_station_pages/index.html?stationID=P310,https://geodesy.noaa.gov/DataAvailability/DAP.jsp?SiteID=P310&NOD=20,https://geodesy.noaa.gov/cgi-cors/CorsSidebarSelect.prl?site=P310&option=Logfile,3/12/2012,-120.3341666667,38.7355555556
P314,UNAVCO-PBO,15,Operational,UNAVPB,GPS+GAL+GLO,Hourly,https://geodesy.noaa.gov/CORS/ncn_station_pages/index.html?stationID=P314,https://geodesy.noaa.gov/DataAvailability/DAP.jsp?SiteID=P314&NOD=20,https://geodesy.noaa.gov/cgi-cors/CorsSidebarSelect.prl?site=P314&option=Logfile,7/16/2005,-123.5816666667,39.6855555556
P316,UNAVCO-PBO,1,Non-Operational,UNAVPB,GPS+GAL+GLO,Hourly,https://geodesy.noaa.gov/CORS/ncn_station_pages/index.html?stationID=P316,https://geodesy.noaa.gov/DataAvailability/DAP.jsp?SiteID=P316&NOD=20,https://geodesy.noaa.gov/cgi-cors/CorsSidebarSelect.prl?site=P316&option=Logfile,3/12/2012,-124.0861111111,41.5588888889
P319,UNAVCO-PBO,15,Operational,UNAVPB,GPS+GAL+GLO,Daily,https://geodesy.noaa.gov/CORS/ncn_station_pages/index.html?stationID=P319,https://geodesy.noaa.gov/DataAvailability/DAP.jsp?SiteID=P319&NOD=20,https://geodesy.noaa.gov/cgi-cors/CorsSidebarSelect.prl?site=P319&option=Logfile,3/12/2012,-123.295,39.7069444444
P325,UNAVCO-PBO,15,Operational,UNAVPB,GPS+GAL+GLO,Daily,https://geodesy.noaa.gov/CORS/ncn_station_pages/index.html?stationID=P325,https://geodesy.noaa.gov/DataAvailability/DAP.jsp?SiteID=P325&NOD=20,https://geodesy.noaa.gov/cgi-cors/CorsSidebarSelect.prl?site=P325&option=Logfile,3/13/2012,-123.8825,41.1516666667
P329,UNAVCO-PBO,15,Operational,UNAVPB,GPS+GAL+GLO,Daily,https://geodesy.noaa.gov/CORS/ncn_station_pages/index.html?stationID=P329,https://geodesy.noaa.gov/DataAvailability/DAP.jsp?SiteID=P329&NOD=20,https://geodesy.noaa.gov/cgi-cors/CorsSidebarSelect.prl?site=P329&option=Logfile,3/13/2012,-123.4519444444,40.0819444444
P332,UNAVCO-PBO,15,Operational,UNAVPB,GPS+GAL+GLO,Daily,https://geodesy.noaa.gov/CORS/ncn_station_pages/index.html?stationID=P332,https://geodesy.noaa.gov/DataAvailability/DAP.jsp?SiteID=P332&NOD=20,https://geodesy.noaa.gov/cgi-cors/CorsSidebarSelect.prl?site=P332&option=Logfile,3/13/2012,-123.1744444444,40.5463888889
P334,UNAVCO-PBO,15,Operational,UNAVPB,GPS+GLO,Daily,https://geodesy.noaa.gov/CORS/ncn_station_pages/index.html?stationID=P334,https://geodesy.noaa.gov/DataAvailability/DAP.jsp?SiteID=P334&NOD=20,https://geodesy.noaa.gov/cgi-cors/CorsSidebarSelect.prl?site=P334&option=Logfile,5/19/2012,-122.7358333333,39.4933333333
P335,UNAVCO-PBO,15,Non-Operational,UNAVPB,GPS+GAL+GLO,Daily,https://geodesy.noaa.gov/CORS/ncn_station_pages/index.html?stationID=P335,https://geodesy.noaa.gov/DataAvailability/DAP.jsp?SiteID=P335&NOD=20,https://geodesy.noaa.gov/cgi-cors/CorsSidebarSelect.prl?site=P335&option=Logfile,3/17/2012,-122.8736111111,39.7261111111
P336,UNAVCO-PBO,15,Operational,UNAVPB,GPS+GAL+GLO,Hourly,https://geodesy.noaa.gov/CORS/ncn_station_pages/index.html?stationID=P336,https://geodesy.noaa.gov/DataAvailability/DAP.jsp?SiteID=P336&NOD=20,https://geodesy.noaa.gov/cgi-cors/CorsSidebarSelect.prl?site=P336&option=Logfile,7/23/2008,-122.4302777778,39.5280555556
P339,UNAVCO-PBO,15,Operational,UNAVPB,GPS+GAL+GLO,Hourly,https://geodesy.noaa.gov/CORS/ncn_station_pages/index.html?stationID=P339,https://geodesy.noaa.gov/DataAvailability/DAP.jsp?SiteID=P339&NOD=20,https://geodesy.noaa.gov/cgi-cors/CorsSidebarSelect.prl?site=P339&option=Logfile,1/1/2011,-122.6680555556,40.0338888889
P341,UNAVCO-PBO,15,Operational,UNAVPB,GPS+GAL+GLO,Hourly,https://geodesy.noaa.gov/CORS/ncn_station_pages/index.html?stationID=P341,https://geodesy.noaa.gov/DataAvailability/DAP.jsp?SiteID=P341&NOD=20,https://geodesy.noaa.gov/cgi-cors/CorsSidebarSelect.prl?site=P341&option=Logfile,7/23/2008,-122.6066666667,40.6505555556
P343,UNAVCO-PBO,15,Operational,UNAVPB,GPS+GAL+GLO,Hourly,https://geodesy.noaa.gov/CORS/ncn_station_pages/index.html?stationID=P343,https://geodesy.noaa.gov/DataAvailability/DAP.jsp?SiteID=P343&NOD=20,https://geodesy.noaa.gov/cgi-cors/CorsSidebarSelect.prl?site=P343&option=Logfile,5/24/2011,-123.3341666667,40.8869444444
P344,UNAVCO-PBO,15,Operational,UNAVPB,GPS+GAL+GLO,Hourly,https://geodesy.noaa.gov/CORS/ncn_station_pages/index.html?stationID=P344,https://geodesy.noaa.gov/DataAvailability/DAP.jsp?SiteID=P344&NOD=20,https://geodesy.noaa.gov/cgi-cors/CorsSidebarSelect.prl?site=P344&option=Logfile,1/1/2011,-122.0277777778,39.9288888889
P345,UNAVCO-PBO,15,Operational,UNAVPB,GPS+GAL+GLO,Hourly,https://geodesy.noaa.gov/CORS/ncn_station_pages/index.html?stationID=P345,https://geodesy.noaa.gov/DataAvailability/DAP.jsp?SiteID=P345&NOD=20,https://geodesy.noaa.gov/cgi-cors/CorsSidebarSelect.prl?site=P345&option=Logfile,3/29/2012,-122.2705555556,40.2711111111
P346,UNAVCO-PBO,15,Operational,UNAVPB,GPS+GAL+GLO,Daily,https://geodesy.noaa.gov/CORS/ncn_station_pages/index.html?stationID=P346,https://geodesy.noaa.gov/DataAvailability/DAP.jsp?SiteID=P346&NOD=20,https://geodesy.noaa.gov/cgi-cors/CorsSidebarSelect.prl?site=P346&option=Logfile,3/17/2012,-120.8672222222,39.7944444444
P347,UNAVCO-PBO,15,Operational,UNAVPB,GPS+GAL+GLO,Hourly,https://geodesy.noaa.gov/CORS/ncn_station_pages/index.html?stationID=P347,https://geodesy.noaa.gov/DataAvailability/DAP.jsp?SiteID=P347&NOD=20,https://geodesy.noaa.gov/cgi-cors/CorsSidebarSelect.prl?site=P347&option=Logfile,7/23/2008,-120.9483333333,41.1833333333
P348,UNAVCO-PBO,15,Operational,UNAVPB,GPS+GAL+GLO,Daily,https://geodesy.noaa.gov/CORS/ncn_station_pages/index.html?stationID=P348,https://geodesy.noaa.gov/DataAvailability/DAP.jsp?SiteID=P348&NOD=20,https://geodesy.noaa.gov/cgi-cors/CorsSidebarSelect.prl?site=P348&option=Logfile,3/29/2012,-121.8277777778,40.9052777778
P349,UNAVCO-PBO,15,Operational,UNAVPB,GPS+GAL+GLO,Hourly,https://geodesy.noaa.gov/CORS/ncn_station_pages/index.html?stationID=P349,https://geodesy.noaa.gov/DataAvailability/DAP.jsp?SiteID=P349&NOD=20,https://geodesy.noaa.gov/cgi-cors/CorsSidebarSelect.prl?site=P349&option=Logfile,3/24/2011,-122.3191666667,40.7308333333
P351,UNAVCO-PBO,15,Operational,UNAVPB,GPS+GAL+GLO,Daily,https://geodesy.noaa.gov/CORS/ncn_station_pages/index.html?stationID=P351,https://geodesy.noaa.gov/DataAvailability/DAP.jsp?SiteID=P351&NOD=20,https://geodesy.noaa.gov/cgi-cors/CorsSidebarSelect.prl?site=P351&option=Logfile,5/8/2010,-114.7188888889,43.8741666667
P358,UNAVCO-PBO,15,Operational,UNAVPB,GPS+GAL+GLO,Daily,https://geodesy.noaa.gov/CORS/ncn_station_pages/index.html?stationID=P358,https://geodesy.noaa.gov/DataAvailability/DAP.jsp?SiteID=P358&NOD=20,https://geodesy.noaa.gov/cgi-cors/CorsSidebarSelect.prl?site=P358&option=Logfile,5/21/2014,-113.2405555556,44.4016666667
P367,UNAVCO-PBO,15,Operational,UNAVPB,GPS+GAL+GLO,Hourly,https://geodesy.noaa.gov/CORS/ncn_station_pages/index.html?stationID=P367,https://geodesy.noaa.gov/DataAvailability/DAP.jsp?SiteID=P367&NOD=20,https://geodesy.noaa.gov/cgi-cors/CorsSidebarSelect.prl?site=P367&option=Logfile,3/13/2007,-124.0613888889,44.585
P368,UNAVCO-PBO,15,Operational,UNAVPB,GPS+GAL+GLO,Daily,https://geodesy.noaa.gov/CORS/ncn_station_pages/index.html?stationID=P368,https://geodesy.noaa.gov/DataAvailability/DAP.jsp?SiteID=P368&NOD=20,https://geodesy.noaa.gov/cgi-cors/CorsSidebarSelect.prl?site=P368&option=Logfile,1/1/2014,-123.3833333333,42.5033333333
P372,UNAVCO-PBO,15,Operational,UNAVPB,GPS,Hourly,https://geodesy.noaa.gov/CORS/ncn_station_pages/index.html?stationID=P372,https://geodesy.noaa.gov/DataAvailability/DAP.jsp?SiteID=P372&NOD=20,https://geodesy.noaa.gov/cgi-cors/CorsSidebarSelect.prl?site=P372&option=Logfile,5/8/2010,-117.2513888889,45.4280555556
P375,UNAVCO-PBO,15,Operational,UNAVPB,GPS+GAL+GLO,Daily,https://geodesy.noaa.gov/CORS/ncn_station_pages/index.html?stationID=P375,https://geodesy.noaa.gov/DataAvailability/DAP.jsp?SiteID=P375&NOD=20,https://geodesy.noaa.gov/cgi-cors/CorsSidebarSelect.prl?site=P375&option=Logfile,10/17/2021,-123.4269444444,44.6891666667
P376,UNAVCO-PBO,15,Operational,UNAVPB,GPS+GAL+GLO,Hourly,https://geodesy.noaa.gov/CORS/ncn_station_pages/index.html?stationID=P376,https://geodesy.noaa.gov/DataAvailability/DAP.jsp?SiteID=P376&NOD=20,https://geodesy.noaa.gov/cgi-cors/CorsSidebarSelect.prl?site=P376&option=Logfile,5/12/2005,-123.1022222222,44.9411111111
P381,UNAVCO-PBO,15,Operational,UNAVPB,GPS+GAL+GLO,Daily,https://geodesy.noaa.gov/CORS/ncn_station_pages/index.html?stationID=P381,https://geodesy.noaa.gov/DataAvailability/DAP.jsp?SiteID=P381&NOD=20,https://geodesy.noaa.gov/cgi-cors/CorsSidebarSelect.prl?site=P381&option=Logfile,1/1/2014,-119.9516666667,43.0016666667
P386,UNAVCO-PBO,15,Operational,UNAVPB,GPS+GAL+GLO,Daily,https://geodesy.noaa.gov/CORS/ncn_station_pages/index.html?stationID=P386,https://geodesy.noaa.gov/DataAvailability/DAP.jsp?SiteID=P386&NOD=20,https://geodesy.noaa.gov/cgi-cors/CorsSidebarSelect.prl?site=P386&option=Logfile,10/5/2016,-118.9677777778,44.4027777778
P389,UNAVCO-PBO,15,Operational,UNAVPB,GPS+GAL+GLO+SBAS,Daily,https://geodesy.noaa.gov/CORS/ncn_station_pages/index.html?stationID=P389,https://geodesy.noaa.gov/DataAvailability/DAP.jsp?SiteID=P389&NOD=20,https://geodesy.noaa.gov/cgi-cors/CorsSidebarSelect.prl?site=P389&option=Logfile,1/1/2022,-120.6033333333,43.8119444444
P392,UNAVCO-PBO,15,Operational,UNAVPB,GPS+GAL+GLO,Daily,https://geodesy.noaa.gov/CORS/ncn_station_pages/index.html?stationID=P392,https://geodesy.noaa.gov/DataAvailability/DAP.jsp?SiteID=P392&NOD=20,https://geodesy.noaa.gov/cgi-cors/CorsSidebarSelect.prl?site=P392&option=Logfile,1/1/2014,-119.0008333333,43.4466666667
P394,UNAVCO-PBO,15,Operational,UNAVPB,GPS+GAL+GLO,Daily,https://geodesy.noaa.gov/CORS/ncn_station_pages/index.html?stationID=P394,https://geodesy.noaa.gov/DataAvailability/DAP.jsp?SiteID=P394&NOD=20,https://geodesy.noaa.gov/cgi-cors/CorsSidebarSelect.prl?site=P394&option=Logfile,1/1/2014,-117.7994444444,44.8347222222
P401,UNAVCO-PBO,15,Operational,UNAVPB,GPS+GAL+GLO+SBAS,Daily,https://geodesy.noaa.gov/CORS/ncn_station_pages/index.html?stationID=P401,https://geodesy.noaa.gov/DataAvailability/DAP.jsp?SiteID=P401&NOD=20,https://geodesy.noaa.gov/cgi-cors/CorsSidebarSelect.prl?site=P401&option=Logfile,7/23/2024,-124.5570191472,47.9371874028
P415,UNAVCO-PBO,15,Operational,UNAVPB,GPS+GAL+GLO,Hourly,https://geodesy.noaa.gov/CORS/ncn_station_pages/index.html?stationID=P415,https://geodesy.noaa.gov/DataAvailability/DAP.jsp?SiteID=P415&NOD=20,https://geodesy.noaa.gov/cgi-cors/CorsSidebarSelect.prl?site=P415&option=Logfile,5/1/2005,-123.7297222222,46.6558333333
P420,UNAVCO-PBO,15,Non-Operational,UNAVPB,GPS+GAL+GLO,Hourly,https://geodesy.noaa.gov/CORS/ncn_station_pages/index.html?stationID=P420,https://geodesy.noaa.gov/DataAvailability/DAP.jsp?SiteID=P420&NOD=20,https://geodesy.noaa.gov/cgi-cors/CorsSidebarSelect.prl?site=P420&option=Logfile,9/19/2004,-122.8661111111,46.5883333333
P422,UNAVCO-PBO,15,Operational,UNAVPB,GPS,Hourly,https://geodesy.noaa.gov/CORS/ncn_station_pages/index.html?stationID=P422,https://geodesy.noaa.gov/DataAvailability/DAP.jsp?SiteID=P422&NOD=20,https://geodesy.noaa.gov/cgi-cors/CorsSidebarSelect.prl?site=P422&option=Logfile,5/8/2010,-116.9794444444,46.7977777778
P432,UNAVCO-PBO,15,Operational,UNAVPB,GPS+GAL+GLO,Hourly,https://geodesy.noaa.gov/CORS/ncn_station_pages/index.html?stationID=P432,https://geodesy.noaa.gov/DataAvailability/DAP.jsp?SiteID=P432&NOD=20,https://geodesy.noaa.gov/cgi-cors/CorsSidebarSelect.prl?site=P432&option=Logfile,9/19/2004,-121.6830555556,46.6227777778
P446,UNAVCO-PBO,1,Operational,UNAVPB,GPS+GAL+GLO,Hourly,https://geodesy.noaa.gov/CORS/ncn_station_pages/index.html?stationID=P446,https://geodesy.noaa.gov/DataAvailability/DAP.jsp?SiteID=P446&NOD=20,https://geodesy.noaa.gov/cgi-cors/CorsSidebarSelect.prl?site=P446&option=Logfile,4/9/2008,-122.8927777778,46.1155555556
P451,UNAVCO-PBO,15,Operational,UNAVPB,GPS,Daily,https://geodesy.noaa.gov/CORS/ncn_station_pages/index.html?stationID=P451,https://geodesy.noaa.gov/DataAvailability/DAP.jsp?SiteID=P451&NOD=20,https://geodesy.noaa.gov/cgi-cors/CorsSidebarSelect.prl?site=P451&option=Logfile,5/9/2005,-119.0411111111,46.7927777778
P463,UNAVCO-PBO,15,Operational,UNAVPB,GPS+GAL+GLO,Daily,https://geodesy.noaa.gov/CORS/ncn_station_pages/index.html?stationID=P463,https://geodesy.noaa.gov/DataAvailability/DAP.jsp?SiteID=P463&NOD=20,https://geodesy.noaa.gov/cgi-cors/CorsSidebarSelect.prl?site=P463&option=Logfile,3/23/2011,-117.1644444444,36.0222222222
P467,UNAVCO-PBO,15,Operational,UNAVPB,GPS+GAL+GLO,Daily,https://geodesy.noaa.gov/CORS/ncn_station_pages/index.html?stationID=P467,https://geodesy.noaa.gov/DataAvailability/DAP.jsp?SiteID=P467&NOD=20,https://geodesy.noaa.gov/cgi-cors/CorsSidebarSelect.prl?site=P467&option=Logfile,7/23/2008,-118.0905555556,36.57
P468,UNAVCO-PBO,15,Operational,UNAVPB,GPS+GAL+GLO,Daily,https://geodesy.noaa.gov/CORS/ncn_station_pages/index.html?stationID=P468,https://geodesy.noaa.gov/DataAvailability/DAP.jsp?SiteID=P468&NOD=20,https://geodesy.noaa.gov/cgi-cors/CorsSidebarSelect.prl?site=P468&option=Logfile,3/23/2011,-118.1183333333,36.9755555556
P470,UNAVCO-PBO,15,Operational,UNAVPB,GPS+GAL+GLO,Daily,https://geodesy.noaa.gov/CORS/ncn_station_pages/index.html?stationID=P470,https://geodesy.noaa.gov/DataAvailability/DAP.jsp?SiteID=P470&NOD=20,https://geodesy.noaa.gov/cgi-cors/CorsSidebarSelect.prl?site=P470&option=Logfile,12/14/2004,-117.3938888889,34.4622222222
P472,UNAVCO-PBO,15,Operational,UNAVPB,GPS+GAL+GLO,Daily,https://geodesy.noaa.gov/CORS/ncn_station_pages/index.html?stationID=P472,https://geodesy.noaa.gov/DataAvailability/DAP.jsp?SiteID=P472&NOD=20,https://geodesy.noaa.gov/cgi-cors/CorsSidebarSelect.prl?site=P472&option=Logfile,5/1/2005,-117.1044444444,32.8891666667
P473,UNAVCO-PBO,15,Operational,UNAVPB,GPS+GAL+GLO,Daily,https://geodesy.noaa.gov/CORS/ncn_station_pages/index.html?stationID=P473,https://geodesy.noaa.gov/DataAvailability/DAP.jsp?SiteID=P473&NOD=20,https://geodesy.noaa.gov/cgi-cors/CorsSidebarSelect.prl?site=P473&option=Logfile,5/1/2005,-116.9494444444,32.7336111111
P474,UNAVCO-PBO,15,Operational,UNAVPB,GPS+GAL+GLO,Hourly,https://geodesy.noaa.gov/CORS/ncn_station_pages/index.html?stationID=P474,https://geodesy.noaa.gov/DataAvailability/DAP.jsp?SiteID=P474&NOD=20,https://geodesy.noaa.gov/cgi-cors/CorsSidebarSelect.prl?site=P474&option=Logfile,9/19/2004,-117.2486111111,33.355
P475,UNAVCO-PBO,15,Operational,UNAVPB,GPS+GAL+GLO,Daily,https://geodesy.noaa.gov/CORS/ncn_station_pages/index.html?stationID=P475,https://geodesy.noaa.gov/DataAvailability/DAP.jsp?SiteID=P475&NOD=20,https://geodesy.noaa.gov/cgi-cors/CorsSidebarSelect.prl?site=P475&option=Logfile,1/1/2011,-117.2438888889,32.6663888889
P478,UNAVCO-PBO,15,Operational,UNAVPB,GPS+GAL+GLO,Daily,https://geodesy.noaa.gov/CORS/ncn_station_pages/index.html?stationID=P478,https://geodesy.noaa.gov/DataAvailability/DAP.jsp?SiteID=P478&NOD=20,https://geodesy.noaa.gov/cgi-cors/CorsSidebarSelect.prl?site=P478&option=Logfile,9/19/2004,-117.0713888889,33.2355555556
P480,UNAVCO-PBO,15,Operational,UNAVPB,GPS+GLO,Daily,https://geodesy.noaa.gov/CORS/ncn_station_pages/index.html?stationID=P480,https://geodesy.noaa.gov/DataAvailability/DAP.jsp?SiteID=P480&NOD=20,https://geodesy.noaa.gov/cgi-cors/CorsSidebarSelect.prl?site=P480&option=Logfile,9/19/2004,-116.3483333333,32.9758333333
P482,UNAVCO-PBO,15,Operational,UNAVPB,GPS+GLO,Daily,https://geodesy.noaa.gov/CORS/ncn_station_pages/index.html?stationID=P482,https://geodesy.noaa.gov/DataAvailability/DAP.jsp?SiteID=P482&NOD=20,https://geodesy.noaa.gov/cgi-cors/CorsSidebarSelect.prl?site=P482&option=Logfile,2/1/2005,-116.6713888889,33.24
P483,UNAVCO-PBO,15,Operational,UNAVPB,GPS+GLO,Daily,https://geodesy.noaa.gov/CORS/ncn_station_pages/index.html?stationID=P483,https://geodesy.noaa.gov/DataAvailability/DAP.jsp?SiteID=P483&NOD=20,https://geodesy.noaa.gov/cgi-cors/CorsSidebarSelect.prl?site=P483&option=Logfile,9/19/2004,-116.5691666667,33.0588888889
P486,UNAVCO-PBO,15,Non-Operational,UNAVPB,GPS+GLO,Daily,https://geodesy.noaa.gov/CORS/ncn_station_pages/index.html?stationID=P486,https://geodesy.noaa.gov/DataAvailability/DAP.jsp?SiteID=P486&NOD=20,https://geodesy.noaa.gov/cgi-cors/CorsSidebarSelect.prl?site=P486&option=Logfile,5/1/2005,-116.3222222222,33.26
P494,UNAVCO-PBO,15,Operational,UNAVPB,GPS+GAL+GLO,Daily,https://geodesy.noaa.gov/CORS/ncn_station_pages/index.html?stationID=P494,https://geodesy.noaa.gov/DataAvailability/DAP.jsp?SiteID=P494&NOD=20,https://geodesy.noaa.gov/cgi-cors/CorsSidebarSelect.prl?site=P494&option=Logfile,3/17/2012,-115.7319444444,32.7594444444
P500,UNAVCO-PBO,15,Operational,UNAVPB,GPS+GAL+GLO,Daily,https://geodesy.noaa.gov/CORS/ncn_station_pages/index.html?stationID=P500,https://geodesy.noaa.gov/DataAvailability/DAP.jsp?SiteID=P500&NOD=20,https://geodesy.noaa.gov/cgi-cors/CorsSidebarSelect.prl?site=P500&option=Logfile,3/29/2012,-115.2997222222,32.69
P506,UNAVCO-PBO,15,Non-Operational,UNAVPB,GPS+GAL+GLO,Daily,https://geodesy.noaa.gov/CORS/ncn_station_pages/index.html?stationID=P506,https://geodesy.noaa.gov/DataAvailability/DAP.jsp?SiteID=P506&NOD=20,https://geodesy.noaa.gov/cgi-cors/CorsSidebarSelect.prl?site=P506&option=Logfile,3/23/2011,-115.51,33.0813888889
P513,UNAVCO-PBO,15,Operational,UNAVPB,GPS+GAL+GLO,Daily,https://geodesy.noaa.gov/CORS/ncn_station_pages/index.html?stationID=P513,https://geodesy.noaa.gov/DataAvailability/DAP.jsp?SiteID=P513&NOD=20,https://geodesy.noaa.gov/cgi-cors/CorsSidebarSelect.prl?site=P513&option=Logfile,3/17/2012,-120.65,34.9072222222
P516,UNAVCO-PBO,15,Operational,UNAVPB,GPS+GAL+GLO,Daily,https://geodesy.noaa.gov/CORS/ncn_station_pages/index.html?stationID=P516,https://geodesy.noaa.gov/DataAvailability/DAP.jsp?SiteID=P516&NOD=20,https://geodesy.noaa.gov/cgi-cors/CorsSidebarSelect.prl?site=P516&option=Logfile,3/17/2012,-120.3833333333,35.1061111111
P521,UNAVCO-PBO,15,Operational,UNAVPB,GPS,Daily,https://geodesy.noaa.gov/CORS/ncn_station_pages/index.html?stationID=P521,https://geodesy.noaa.gov/DataAvailability/DAP.jsp?SiteID=P521&NOD=20,https://geodesy.noaa.gov/cgi-cors/CorsSidebarSelect.prl?site=P521&option=Logfile,3/23/2011,-119.8152777778,34.8883333333
P523,UNAVCO-PBO,15,Operational,UNAVPB,GPS+GAL+GLO,Daily,https://geodesy.noaa.gov/CORS/ncn_station_pages/index.html?stationID=P523,https://geodesy.noaa.gov/DataAvailability/DAP.jsp?SiteID=P523&NOD=20,https://geodesy.noaa.gov/cgi-cors/CorsSidebarSelect.prl?site=P523&option=Logfile,1/1/2011,-120.86,35.3044444444
P526,UNAVCO-PBO,15,Operational,UNAVPB,GPS,Daily,https://geodesy.noaa.gov/CORS/ncn_station_pages/index.html?stationID=P526,https://geodesy.noaa.gov/DataAvailability/DAP.jsp?SiteID=P526&NOD=20,https://geodesy.noaa.gov/cgi-cors/CorsSidebarSelect.prl?site=P526&option=Logfile,9/19/2004,-120.8697222222,35.6358333333
P532,UNAVCO-PBO,15,Operational,UNAVPB,GPS+GLO,Daily,https://geodesy.noaa.gov/CORS/ncn_station_pages/index.html?stationID=P532,https://geodesy.noaa.gov/DataAvailability/DAP.jsp?SiteID=P532&NOD=20,https://geodesy.noaa.gov/cgi-cors/CorsSidebarSelect.prl?site=P532&option=Logfile,5/1/2005,-120.2669444444,35.6336111111
P534,UNAVCO-PBO,15,Operational,UNAVPB,GPS+GAL+GLO,Daily,https://geodesy.noaa.gov/CORS/ncn_station_pages/index.html?stationID=P534,https://geodesy.noaa.gov/DataAvailability/DAP.jsp?SiteID=P534&NOD=20,https://geodesy.noaa.gov/cgi-cors/CorsSidebarSelect.prl?site=P534&option=Logfile,3/23/2011,-122.2375,37.0611111111
P539,UNAVCO-PBO,15,Operational,UNAVPB,GPS+GAL+GLO,Daily,https://geodesy.noaa.gov/CORS/ncn_station_pages/index.html?stationID=P539,https://geodesy.noaa.gov/DataAvailability/DAP.jsp?SiteID=P539&NOD=20,https://geodesy.noaa.gov/cgi-cors/CorsSidebarSelect.prl?site=P539&option=Logfile,5/1/2005,-120.1819444444,35.7025
P544,UNAVCO-PBO,15,Operational,UNAVPB,GPS+GAL+GLO,Daily,https://geodesy.noaa.gov/CORS/ncn_station_pages/index.html?stationID=P544,https://geodesy.noaa.gov/DataAvailability/DAP.jsp?SiteID=P544&NOD=20,https://geodesy.noaa.gov/cgi-cors/CorsSidebarSelect.prl?site=P544&option=Logfile,3/1/2011,-119.7377777778,35.7311111111
P545,UNAVCO-PBO,15,Non-Operational,UNAVPB,GPS+GLO,Daily,https://geodesy.noaa.gov/CORS/ncn_station_pages/index.html?stationID=P545,https://geodesy.noaa.gov/DataAvailability/DAP.jsp?SiteID=P545&NOD=20,https://geodesy.noaa.gov/cgi-cors/CorsSidebarSelect.prl?site=P545&option=Logfile,3/20/2012,-119.5355555556,35.4997222222
P554,UNAVCO-PBO,15,Operational,UNAVPB,GPS+GAL+GLO,Daily,https://geodesy.noaa.gov/CORS/ncn_station_pages/index.html?stationID=P554,https://geodesy.noaa.gov/DataAvailability/DAP.jsp?SiteID=P554&NOD=20,https://geodesy.noaa.gov/cgi-cors/CorsSidebarSelect.prl?site=P554&option=Logfile,3/20/2012,-118.8477777778,34.7922222222
P558,UNAVCO-PBO,15,Non-Operational,UNAVPB,GPS+GAL+GLO,Daily,https://geodesy.noaa.gov/CORS/ncn_station_pages/index.html?stationID=P558,https://geodesy.noaa.gov/DataAvailability/DAP.jsp?SiteID=P558&NOD=20,https://geodesy.noaa.gov/cgi-cors/CorsSidebarSelect.prl?site=P558&option=Logfile,3/6/2011,-118.6113888889,35.1383333333
P560,UNAVCO-PBO,15,Operational,UNAVPB,GPS+GAL+GLO,Daily,https://geodesy.noaa.gov/CORS/ncn_station_pages/index.html?stationID=P560,https://geodesy.noaa.gov/DataAvailability/DAP.jsp?SiteID=P560&NOD=20,https://geodesy.noaa.gov/cgi-cors/CorsSidebarSelect.prl?site=P560&option=Logfile,3/20/2012,-118.5408333333,34.8216666667
P562,UNAVCO-PBO,15,Non-Operational,UNAVPB,GPS,Daily,https://geodesy.noaa.gov/CORS/ncn_station_pages/index.html?stationID=P562,https://geodesy.noaa.gov/DataAvailability/DAP.jsp?SiteID=P562&NOD=20,https://geodesy.noaa.gov/cgi-cors/CorsSidebarSelect.prl?site=P562&option=Logfile,3/7/2005,-118.1886111111,34.9819444444
P563,UNAVCO-PBO,15,Operational,UNAVPB,GPS+GAL+GLO,Daily,https://geodesy.noaa.gov/CORS/ncn_station_pages/index.html?stationID=P563,https://geodesy.noaa.gov/DataAvailability/DAP.jsp?SiteID=P563&NOD=20,https://geodesy.noaa.gov/cgi-cors/CorsSidebarSelect.prl?site=P563&option=Logfile,3/23/2011,-119.4211111111,35.4186111111
P565,UNAVCO-PBO,15,Operational,UNAVPB,GPS+GAL+GLO,Daily,https://geodesy.noaa.gov/CORS/ncn_station_pages/index.html?stationID=P565,https://geodesy.noaa.gov/DataAvailability/DAP.jsp?SiteID=P565&NOD=20,https://geodesy.noaa.gov/cgi-cors/CorsSidebarSelect.prl?site=P565&option=Logfile,3/1/2011,-119.2363888889,35.7438888889
P566,UNAVCO-PBO,15,Operational,UNAVPB,GPS+GLO,Daily,https://geodesy.noaa.gov/CORS/ncn_station_pages/index.html?stationID=P566,https://geodesy.noaa.gov/DataAvailability/DAP.jsp?SiteID=P566&NOD=20,https://geodesy.noaa.gov/cgi-cors/CorsSidebarSelect.prl?site=P566&option=Logfile,7/23/2008,-119.2291666667,36.3244444444
P567,UNAVCO-PBO,15,Operational,UNAVPB,GPS+GAL+GLO,Daily,https://geodesy.noaa.gov/CORS/ncn_station_pages/index.html?stationID=P567,https://geodesy.noaa.gov/DataAvailability/DAP.jsp?SiteID=P567&NOD=20,https://geodesy.noaa.gov/cgi-cors/CorsSidebarSelect.prl?site=P567&option=Logfile,3/20/2012,-118.7533333333,35.4208333333
P572,UNAVCO-PBO,15,Operational,UNAVPB,GPS+GAL+GLO,Daily,https://geodesy.noaa.gov/CORS/ncn_station_pages/index.html?stationID=P572,https://geodesy.noaa.gov/DataAvailability/DAP.jsp?SiteID=P572&NOD=20,https://geodesy.noaa.gov/cgi-cors/CorsSidebarSelect.prl?site=P572&option=Logfile,3/1/2011,-118.9544444444,36.5852777778
P576,UNAVCO-PBO,15,Non-Operational,UNAVPB,GPS,Daily,https://geodesy.noaa.gov/CORS/ncn_station_pages/index.html?stationID=P576,https://geodesy.noaa.gov/DataAvailability/DAP.jsp?SiteID=P576&NOD=20,https://geodesy.noaa.gov/cgi-cors/CorsSidebarSelect.prl?site=P576&option=Logfile,3/21/2005,-120.97,35.6694444444
P582,UNAVCO-PBO,15,Operational,UNAVPB,GPS+GAL+GLO,Daily,https://geodesy.noaa.gov/CORS/ncn_station_pages/index.html?stationID=P582,https://geodesy.noaa.gov/DataAvailability/DAP.jsp?SiteID=P582&NOD=20,https://geodesy.noaa.gov/cgi-cors/CorsSidebarSelect.prl?site=P582&option=Logfile,3/20/2012,-117.5486111111,34.6341666667
P584,UNAVCO-PBO,15,Operational,UNAVPB,GPS,Daily,https://geodesy.noaa.gov/CORS/ncn_station_pages/index.html?stationID=P584,https://geodesy.noaa.gov/DataAvailability/DAP.jsp?SiteID=P584&NOD=20,https://geodesy.noaa.gov/cgi-cors/CorsSidebarSelect.prl?site=P584&option=Logfile,1/31/2005,-116.9513888889,33.8925
P588,UNAVCO-PBO,15,Non-Operational,UNAVPB,GPS+GAL+GLO,Daily,https://geodesy.noaa.gov/CORS/ncn_station_pages/index.html?stationID=P588,https://geodesy.noaa.gov/DataAvailability/DAP.jsp?SiteID=P588&NOD=20,https://geodesy.noaa.gov/cgi-cors/CorsSidebarSelect.prl?site=P588&option=Logfile,5/1/2005,-117.2675,34.7852777778
P589,UNAVCO-PBO,15,Non-Operational,UNAVPB,GPS,Daily,https://geodesy.noaa.gov/CORS/ncn_station_pages/index.html?stationID=P589,https://geodesy.noaa.gov/DataAvailability/DAP.jsp?SiteID=P589&NOD=20,https://geodesy.noaa.gov/cgi-cors/CorsSidebarSelect.prl?site=P589&option=Logfile,5/1/2005,-117.11,34.6205555556
P591,UNAVCO-PBO,15,Operational,UNAVPB,GPS+GLO,Daily,https://geodesy.noaa.gov/CORS/ncn_station_pages/index.html?stationID=P591,https://geodesy.noaa.gov/DataAvailability/DAP.jsp?SiteID=P591&NOD=20,https://geodesy.noaa.gov/cgi-cors/CorsSidebarSelect.prl?site=P591&option=Logfile,3/20/2012,-118.0163888889,35.1522222222
P592,UNAVCO-PBO,15,Operational,UNAVPB,GPS+GAL+GLO,Daily,https://geodesy.noaa.gov/CORS/ncn_station_pages/index.html?stationID=P592,https://geodesy.noaa.gov/DataAvailability/DAP.jsp?SiteID=P592&NOD=20,https://geodesy.noaa.gov/cgi-cors/CorsSidebarSelect.prl?site=P592&option=Logfile,3/20/2012,-117.3030555556,35.2383333333
P594,UNAVCO-PBO,15,Operational,UNAVPB,GPS+GAL+GLO,Daily,https://geodesy.noaa.gov/CORS/ncn_station_pages/index.html?stationID=P594,https://geodesy.noaa.gov/DataAvailability/DAP.jsp?SiteID=P594&NOD=20,https://geodesy.noaa.gov/cgi-cors/CorsSidebarSelect.prl?site=P594&option=Logfile,11/14/2005,-117.39,35.8966666667
P598,UNAVCO-PBO,15,Operational,UNAVPB,GPS,Daily,https://geodesy.noaa.gov/CORS/ncn_station_pages/index.html?stationID=P598,https://geodesy.noaa.gov/DataAvailability/DAP.jsp?SiteID=P598&NOD=20,https://geodesy.noaa.gov/cgi-cors/CorsSidebarSelect.prl?site=P598&option=Logfile,3/1/2011,-116.71,34.1922222222
P600,UNAVCO-PBO,15,Operational,UNAVPB,GPS+GAL+GLO,Daily,https://geodesy.noaa.gov/CORS/ncn_station_pages/index.html?stationID=P600,https://geodesy.noaa.gov/DataAvailability/DAP.jsp?SiteID=P600&NOD=20,https://geodesy.noaa.gov/cgi-cors/CorsSidebarSelect.prl?site=P600&option=Logfile,3/20/2012,-116.2116666667,33.8658333333
P602,UNAVCO-PBO,15,Operational,UNAVPB,GPS+GLO,Daily,https://geodesy.noaa.gov/CORS/ncn_station_pages/index.html?stationID=P602,https://geodesy.noaa.gov/DataAvailability/DAP.jsp?SiteID=P602&NOD=20,https://geodesy.noaa.gov/cgi-cors/CorsSidebarSelect.prl?site=P602&option=Logfile,3/20/2012,-120.2277777778,35.7288888889
P603,UNAVCO-PBO,15,Operational,UNAVPB,GPS+GAL+GLO,Daily,https://geodesy.noaa.gov/CORS/ncn_station_pages/index.html?stationID=P603,https://geodesy.noaa.gov/DataAvailability/DAP.jsp?SiteID=P603&NOD=20,https://geodesy.noaa.gov/cgi-cors/CorsSidebarSelect.prl?site=P603&option=Logfile,3/23/2011,-116.0294444444,34.7166666667
P610,UNAVCO-PBO,15,Operational,UNAVPB,GPS+GAL+GLO,Daily,https://geodesy.noaa.gov/CORS/ncn_station_pages/index.html?stationID=P610,https://geodesy.noaa.gov/DataAvailability/DAP.jsp?SiteID=P610&NOD=20,https://geodesy.noaa.gov/cgi-cors/CorsSidebarSelect.prl?site=P610&option=Logfile,3/29/2012,-115.7636111111,34.4255555556
P611,UNAVCO-PBO,15,Operational,UNAVPB,GPS+GAL+GLO,Daily,https://geodesy.noaa.gov/CORS/ncn_station_pages/index.html?stationID=P611,https://geodesy.noaa.gov/DataAvailability/DAP.jsp?SiteID=P611&NOD=20,https://geodesy.noaa.gov/cgi-cors/CorsSidebarSelect.prl?site=P611&option=Logfile,3/29/2012,-115.6497222222,35.2047222222
P614,UNAVCO-PBO,15,Operational,UNAVPB,GPS,Daily,https://geodesy.noaa.gov/CORS/ncn_station_pages/index.html?stationID=P614,https://geodesy.noaa.gov/DataAvailability/DAP.jsp?SiteID=P614&NOD=20,https://geodesy.noaa.gov/cgi-cors/CorsSidebarSelect.prl?site=P614&option=Logfile,3/29/2012,-115.25,34.7316666667
P615,UNAVCO-PBO,15,Operational,UNAVPB,GPS+GAL+GLO,Daily,https://geodesy.noaa.gov/CORS/ncn_station_pages/index.html?stationID=P615,https://geodesy.noaa.gov/DataAvailability/DAP.jsp?SiteID=P615&NOD=20,https://geodesy.noaa.gov/cgi-cors/CorsSidebarSelect.prl?site=P615&option=Logfile,3/23/2011,-116.7627777778,35.2044444444
P619,UNAVCO-PBO,15,Operational,UNAVPB,GPS+GLO,Daily,https://geodesy.noaa.gov/CORS/ncn_station_pages/index.html?stationID=P619,https://geodesy.noaa.gov/DataAvailability/DAP.jsp?SiteID=P619&NOD=20,https://geodesy.noaa.gov/cgi-cors/CorsSidebarSelect.prl?site=P619&option=Logfile,3/29/2012,-116.1216666667,35.5258333333
P621,UNAVCO-PBO,15,Operational,UNAVPB,GPS+GAL+GLO,Daily,https://geodesy.noaa.gov/CORS/ncn_station_pages/index.html?stationID=P621,https://geodesy.noaa.gov/DataAvailability/DAP.jsp?SiteID=P621&NOD=20,https://geodesy.noaa.gov/cgi-cors/CorsSidebarSelect.prl?site=P621&option=Logfile,7/23/2008,-115.5438888889,35.4725
P623,UNAVCO-PBO,15,Operational,UNAVPB,GPS+GAL+GLO,Daily,https://geodesy.noaa.gov/CORS/ncn_station_pages/index.html?stationID=P623,https://geodesy.noaa.gov/DataAvailability/DAP.jsp?SiteID=P623&NOD=20,https://geodesy.noaa.gov/cgi-cors/CorsSidebarSelect.prl?site=P623&option=Logfile,3/29/2012,-114.5991666667,34.1888888889
P625,UNAVCO-PBO,15,Operational,UNAVPB,GPS+GAL+GLO,Daily,https://geodesy.noaa.gov/CORS/ncn_station_pages/index.html?stationID=P625,https://geodesy.noaa.gov/DataAvailability/DAP.jsp?SiteID=P625&NOD=20,https://geodesy.noaa.gov/cgi-cors/CorsSidebarSelect.prl?site=P625&option=Logfile,1/1/2011,-114.965,34.8441666667
P630,UNAVCO-PBO,15,Operational,UNAVPB,GPS+GAL+GLO,Daily,https://geodesy.noaa.gov/CORS/ncn_station_pages/index.html?stationID=P630,https://geodesy.noaa.gov/DataAvailability/DAP.jsp?SiteID=P630&NOD=20,https://geodesy.noaa.gov/cgi-cors/CorsSidebarSelect.prl?site=P630&option=Logfile,1/1/2011,-119.0002777778,37.6127777778
P636,UNAVCO-PBO,15,Operational,UNAVPB,GPS+GAL+GLO,Daily,https://geodesy.noaa.gov/CORS/ncn_station_pages/index.html?stationID=P636,https://geodesy.noaa.gov/DataAvailability/DAP.jsp?SiteID=P636&NOD=20,https://geodesy.noaa.gov/cgi-cors/CorsSidebarSelect.prl?site=P636&option=Logfile,3/23/2011,-119.1466666667,37.9625
P650,UNAVCO-PBO,15,Operational,UNAVPB,GPS+GAL+GLO,Daily,https://geodesy.noaa.gov/CORS/ncn_station_pages/index.html?stationID=P650,https://geodesy.noaa.gov/DataAvailability/DAP.jsp?SiteID=P650&NOD=20,https://geodesy.noaa.gov/cgi-cors/CorsSidebarSelect.prl?site=P650&option=Logfile,3/29/2012,-118.5547222222,37.8911111111
P651,UNAVCO-PBO,15,Operational,UNAVPB,GPS+GAL+GLO,Daily,https://geodesy.noaa.gov/CORS/ncn_station_pages/index.html?stationID=P651,https://geodesy.noaa.gov/DataAvailability/DAP.jsp?SiteID=P651&NOD=20,https://geodesy.noaa.gov/cgi-cors/CorsSidebarSelect.prl?site=P651&option=Logfile,3/29/2012,-118.3869444444,37.5630555556
P663,UNAVCO-PBO,1,Non-Operational,UNAVPB,GPS+GAL+GLO,Hourly,https://geodesy.noaa.gov/CORS/ncn_station_pages/index.html?stationID=P663,https://geodesy.noaa.gov/DataAvailability/DAP.jsp?SiteID=P663&NOD=20,https://geodesy.noaa.gov/cgi-cors/CorsSidebarSelect.prl?site=P663&option=Logfile,1/1/2011,-122.1527777778,41.5316666667
P671,UNAVCO-PBO,15,Operational,UNAVPB,GPS+GAL+GLO,Hourly,https://geodesy.noaa.gov/CORS/ncn_station_pages/index.html?stationID=P671,https://geodesy.noaa.gov/DataAvailability/DAP.jsp?SiteID=P671&NOD=20,https://geodesy.noaa.gov/cgi-cors/CorsSidebarSelect.prl?site=P671&option=Logfile,1/1/2011,-121.4280555556,40.4088888889
P674,UNAVCO-PBO,15,Operational,UNAVPB,GPS,Daily,https://geodesy.noaa.gov/CORS/ncn_station_pages/index.html?stationID=P674,https://geodesy.noaa.gov/DataAvailability/DAP.jsp?SiteID=P674&NOD=20,https://geodesy.noaa.gov/cgi-cors/CorsSidebarSelect.prl?site=P674&option=Logfile,3/29/2012,-121.4897222222,41.6161111111
P675,UNAVCO-PBO,15,Operational,UNAVPB,GPS,Daily,https://geodesy.noaa.gov/CORS/ncn_station_pages/index.html?stationID=P675,https://geodesy.noaa.gov/DataAvailability/DAP.jsp?SiteID=P675&NOD=20,https://geodesy.noaa.gov/cgi-cors/CorsSidebarSelect.prl?site=P675&option=Logfile,5/8/2010,-112.7186111111,42.2119444444
P681,UNAVCO-PBO,1,Non-Operational,UNAVPB,GPS,Hourly,https://geodesy.noaa.gov/CORS/ncn_station_pages/index.html?stationID=P681,https://geodesy.noaa.gov/DataAvailability/DAP.jsp?SiteID=P681&NOD=20,https://geodesy.noaa.gov/cgi-cors/CorsSidebarSelect.prl?site=P681&option=Logfile,5/8/2010,-112.6363888889,44.3997222222
P687,UNAVCO-PBO,15,Operational,UNAVPB,GPS+GAL+GLO,Daily,https://geodesy.noaa.gov/CORS/ncn_station_pages/index.html?stationID=P687,https://geodesy.noaa.gov/DataAvailability/DAP.jsp?SiteID=P687&NOD=20,https://geodesy.noaa.gov/cgi-cors/CorsSidebarSelect.prl?site=P687&option=Logfile,2/10/2006,-122.3544444444,46.1094444444
P690,UNAVCO-PBO,1,Operational,UNAVPB,GPS+GAL+GLO,Hourly,https://geodesy.noaa.gov/CORS/ncn_station_pages/index.html?stationID=P690,https://geodesy.noaa.gov/DataAvailability/DAP.jsp?SiteID=P690&NOD=20,https://geodesy.noaa.gov/cgi-cors/CorsSidebarSelect.prl?site=P690&option=Logfile,5/1/2005,-122.1897222222,46.1797222222
P693,UNAVCO-PBO,1,Operational,UNAVPB,GPS+GAL+GLO,Hourly,https://geodesy.noaa.gov/CORS/ncn_station_pages/index.html?stationID=P693,https://geodesy.noaa.gov/DataAvailability/DAP.jsp?SiteID=P693&NOD=20,https://geodesy.noaa.gov/cgi-cors/CorsSidebarSelect.prl?site=P693&option=Logfile,5/1/2005,-122.2022222222,46.2102777778
P695,UNAVCO-PBO,1,Operational,UNAVPB,GPS+GAL+GLO,Hourly,https://geodesy.noaa.gov/CORS/ncn_station_pages/index.html?stationID=P695,https://geodesy.noaa.gov/DataAvailability/DAP.jsp?SiteID=P695&NOD=20,https://geodesy.noaa.gov/cgi-cors/CorsSidebarSelect.prl?site=P695&option=Logfile,6/22/2005,-122.1641666667,46.1988888889
P696,UNAVCO-PBO,1,Operational,UNAVPB,GPS+GAL+GLO,Hourly,https://geodesy.noaa.gov/CORS/ncn_station_pages/index.html?stationID=P696,https://geodesy.noaa.gov/DataAvailability/DAP.jsp?SiteID=P696&NOD=20,https://geodesy.noaa.gov/cgi-cors/CorsSidebarSelect.prl?site=P696&option=Logfile,5/1/2005,-122.1513888889,46.1966666667
P697,UNAVCO-PBO,1,Operational,UNAVPB,GPS+GAL+GLO,Hourly,https://geodesy.noaa.gov/CORS/ncn_station_pages/index.html?stationID=P697,https://geodesy.noaa.gov/DataAvailability/DAP.jsp?SiteID=P697&NOD=20,https://geodesy.noaa.gov/cgi-cors/CorsSidebarSelect.prl?site=P697&option=Logfile,5/1/2005,-122.1763888889,46.1875
P698,UNAVCO-PBO,1,Operational,UNAVPB,GPS+GAL+GLO,Hourly,https://geodesy.noaa.gov/CORS/ncn_station_pages/index.html?stationID=P698,https://geodesy.noaa.gov/DataAvailability/DAP.jsp?SiteID=P698&NOD=20,https://geodesy.noaa.gov/cgi-cors/CorsSidebarSelect.prl?site=P698&option=Logfile,5/1/2005,-122.1605555556,46.1733333333
P702,UNAVCO-PBO,1,Operational,UNAVPB,GPS+GAL+GLO,Hourly,https://geodesy.noaa.gov/CORS/ncn_station_pages/index.html?stationID=P702,https://geodesy.noaa.gov/DataAvailability/DAP.jsp?SiteID=P702&NOD=20,https://geodesy.noaa.gov/cgi-cors/CorsSidebarSelect.prl?site=P702&option=Logfile,5/1/2005,-122.3455555556,46.3
P706,UNAVCO-PBO,15,Operational,UNAVPB,GPS+GAL+GLO,Daily,https://geodesy.noaa.gov/CORS/ncn_station_pages/index.html?stationID=P706,https://geodesy.noaa.gov/DataAvailability/DAP.jsp?SiteID=P706&NOD=20,https://geodesy.noaa.gov/cgi-cors/CorsSidebarSelect.prl?site=P706&option=Logfile,5/8/2010,-112.5238888889,45.0433333333
P707,UNAVCO-PBO,15,Operational,UNAVPB,GPS+GAL+GLO,Daily,https://geodesy.noaa.gov/CORS/ncn_station_pages/index.html?stationID=P707,https://geodesy.noaa.gov/DataAvailability/DAP.jsp?SiteID=P707&NOD=20,https://geodesy.noaa.gov/cgi-cors/CorsSidebarSelect.prl?site=P707&option=Logfile,5/21/2014,-111.8369444444,44.7186111111
P715,UNAVCO-PBO,15,Operational,UNAVPB,GPS+GAL+GLO,Daily,https://geodesy.noaa.gov/CORS/ncn_station_pages/index.html?stationID=P715,https://geodesy.noaa.gov/DataAvailability/DAP.jsp?SiteID=P715&NOD=20,https://geodesy.noaa.gov/cgi-cors/CorsSidebarSelect.prl?site=P715&option=Logfile,9/21/2018,-109.6897222222,43.5005555556
P722,UNAVCO-PBO,15,Operational,UNAVPB,GPS+GAL+GLO,Daily,https://geodesy.noaa.gov/CORS/ncn_station_pages/index.html?stationID=P722,https://geodesy.noaa.gov/DataAvailability/DAP.jsp?SiteID=P722&NOD=20,https://geodesy.noaa.gov/cgi-cors/CorsSidebarSelect.prl?site=P722&option=Logfile,5/8/2010,-109.5708333333,45.4572222222
P730,UNAVCO-PBO,15,Operational,UNAVPB,GPS+GAL+GLO,Hourly,https://geodesy.noaa.gov/CORS/ncn_station_pages/index.html?stationID=P730,https://geodesy.noaa.gov/DataAvailability/DAP.jsp?SiteID=P730&NOD=20,https://geodesy.noaa.gov/cgi-cors/CorsSidebarSelect.prl?site=P730&option=Logfile,3/29/2012,-120.8280555556,41.3591666667
P731,UNAVCO-PBO,15,Operational,UNAVPB,GPS+GAL+GLO,Daily,https://geodesy.noaa.gov/CORS/ncn_station_pages/index.html?stationID=P731,https://geodesy.noaa.gov/DataAvailability/DAP.jsp?SiteID=P731&NOD=20,https://geodesy.noaa.gov/cgi-cors/CorsSidebarSelect.prl?site=P731&option=Logfile,3/29/2012,-120.4725,41.3325
P739,UNAVCO-PBO,15,Operational,UNAVPB,GPS+GAL+GLO,Hourly,https://geodesy.noaa.gov/CORS/ncn_station_pages/index.html?stationID=P739,https://geodesy.noaa.gov/DataAvailability/DAP.jsp?SiteID=P739&NOD=20,https://geodesy.noaa.gov/cgi-cors/CorsSidebarSelect.prl?site=P739&option=Logfile,5/8/2010,-117.7252777778,42.02
P775,UNAVCO-PBO,15,Operational,UNAVPB,GPS,Daily,https://geodesy.noaa.gov/CORS/ncn_station_pages/index.html?stationID=P775,https://geodesy.noaa.gov/DataAvailability/DAP.jsp?SiteID=P775&NOD=20,https://geodesy.noaa.gov/cgi-cors/CorsSidebarSelect.prl?site=P775&option=Logfile,12/31/2010,-86.9919444444,40.4752777778
P776,UNAVCO-PBO,15,Operational,UNAVPB,GPS+GAL+GLO,Daily,https://geodesy.noaa.gov/CORS/ncn_station_pages/index.html?stationID=P776,https://geodesy.noaa.gov/DataAvailability/DAP.jsp?SiteID=P776&NOD=20,https://geodesy.noaa.gov/cgi-cors/CorsSidebarSelect.prl?site=P776&option=Logfile,5/8/2010,-71.3783333333,43.5430555556
P777,UNAVCO-PBO,15,Operational,UNAVPB,GPS+GAL+GLO,Daily,https://geodesy.noaa.gov/CORS/ncn_station_pages/index.html?stationID=P777,https://geodesy.noaa.gov/DataAvailability/DAP.jsp?SiteID=P777&NOD=20,https://geodesy.noaa.gov/cgi-cors/CorsSidebarSelect.prl?site=P777&option=Logfile,5/8/2010,-92.5452777778,35.7025
P778,UNAVCO-PBO,15,Non-Operational,UNAVPB,GPS,Daily,https://geodesy.noaa.gov/CORS/ncn_station_pages/index.html?stationID=P778,https://geodesy.noaa.gov/DataAvailability/DAP.jsp?SiteID=P778&NOD=20,https://geodesy.noaa.gov/cgi-cors/CorsSidebarSelect.prl?site=P778&option=Logfile,5/8/2010,-85.8147222222,35.2402777778
P779,UNAVCO-PBO,15,Operational,UNAVPB,GPS+GAL+GLO,Daily,https://geodesy.noaa.gov/CORS/ncn_station_pages/index.html?stationID=P779,https://geodesy.noaa.gov/DataAvailability/DAP.jsp?SiteID=P779&NOD=20,https://geodesy.noaa.gov/cgi-cors/CorsSidebarSelect.prl?site=P779&option=Logfile,2/23/2011,-82.8722222222,35.2016666667
P780,UNAVCO-PBO,15,Operational,UNAVPB,GPS+GAL+GLO,Daily,https://geodesy.noaa.gov/CORS/ncn_station_pages/index.html?stationID=P780,https://geodesy.noaa.gov/DataAvailability/DAP.jsp?SiteID=P780&NOD=20,https://geodesy.noaa.gov/cgi-cors/CorsSidebarSelect.prl?site=P780&option=Logfile,5/8/2010,-66.5788888889,18.075
P784,UNAVCO-PBO,15,Operational,UNAVPB,GPS+GAL+GLO,Daily,https://geodesy.noaa.gov/CORS/ncn_station_pages/index.html?stationID=P784,https://geodesy.noaa.gov/DataAvailability/DAP.jsp?SiteID=P784&NOD=20,https://geodesy.noaa.gov/cgi-cors/CorsSidebarSelect.prl?site=P784&option=Logfile,3/29/2012,-122.4202777778,41.8305555556
P786,UNAVCO-PBO,15,Operational,UNAVPB,GPS+GAL+GLO,Daily,https://geodesy.noaa.gov/CORS/ncn_station_pages/index.html?stationID=P786,https://geodesy.noaa.gov/DataAvailability/DAP.jsp?SiteID=P786&NOD=20,https://geodesy.noaa.gov/cgi-cors/CorsSidebarSelect.prl?site=P786&option=Logfile,3/29/2012,-123.9805555556,41.8452777778
P802,UNAVCO-PBO,15,Operational,UNAVPB,GPS+GAL+GLO,Daily,https://geodesy.noaa.gov/CORS/ncn_station_pages/index.html?stationID=P802,https://geodesy.noaa.gov/DataAvailability/DAP.jsp?SiteID=P802&NOD=20,https://geodesy.noaa.gov/cgi-cors/CorsSidebarSelect.prl?site=P802&option=Logfile,10/20/2012,-100.6233333333,46.5575
P803,UNAVCO-PBO,15,Operational,UNAVPB,GPS+GAL+GLO,Daily,https://geodesy.noaa.gov/CORS/ncn_station_pages/index.html?stationID=P803,https://geodesy.noaa.gov/DataAvailability/DAP.jsp?SiteID=P803&NOD=20,https://geodesy.noaa.gov/cgi-cors/CorsSidebarSelect.prl?site=P803&option=Logfile,10/22/2012,-90.6836111111,46.3263888889
P804,UNAVCO-PBO,15,Operational,UNAVPB,GPS+GAL+GLO,Daily,https://geodesy.noaa.gov/CORS/ncn_station_pages/index.html?stationID=P804,https://geodesy.noaa.gov/DataAvailability/DAP.jsp?SiteID=P804&NOD=20,https://geodesy.noaa.gov/cgi-cors/CorsSidebarSelect.prl?site=P804&option=Logfile,10/25/2012,-84.2255555556,32.9630555556
P805,UNAVCO-PBO,15,Non-Operational,UNAVPB,GPS+GAL+GLO,Daily,https://geodesy.noaa.gov/CORS/ncn_station_pages/index.html?stationID=P805,https://geodesy.noaa.gov/DataAvailability/DAP.jsp?SiteID=P805&NOD=20,https://geodesy.noaa.gov/cgi-cors/CorsSidebarSelect.prl?site=P805&option=Logfile,10/26/2012,-84.2255555556,32.9630555556
P806,UNAVCO-PBO,15,Non-Operational,UNAVPB,GPS+GAL+GLO,Daily,https://geodesy.noaa.gov/CORS/ncn_station_pages/index.html?stationID=P806,https://geodesy.noaa.gov/DataAvailability/DAP.jsp?SiteID=P806&NOD=20,https://geodesy.noaa.gov/cgi-cors/CorsSidebarSelect.prl?site=P806&option=Logfile,10/25/2012,-84.2258333333,32.9630555556
P807,UNAVCO-PBO,15,Operational,UNAVPB,GPS+GAL+GLO,Daily,https://geodesy.noaa.gov/CORS/ncn_station_pages/index.html?stationID=P807,https://geodesy.noaa.gov/DataAvailability/DAP.jsp?SiteID=P807&NOD=20,https://geodesy.noaa.gov/cgi-cors/CorsSidebarSelect.prl?site=P807&option=Logfile,10/29/2012,-98.8219444444,30.4944444444
P817,UNAVCO-PBO,15,Operational,UNAVPB,GPS+GAL+GLO,Daily,https://geodesy.noaa.gov/CORS/ncn_station_pages/index.html?stationID=P817,https://geodesy.noaa.gov/DataAvailability/DAP.jsp?SiteID=P817&NOD=20,https://geodesy.noaa.gov/cgi-cors/CorsSidebarSelect.prl?site=P817&option=Logfile,5/8/2014,-78.5111111111,40.1455555556
P824,UNAVCO-PBO,15,Operational,UNAVPB,GPS+GAL+GLO,Daily,https://geodesy.noaa.gov/CORS/ncn_station_pages/index.html?stationID=P824,https://geodesy.noaa.gov/DataAvailability/DAP.jsp?SiteID=P824&NOD=20,https://geodesy.noaa.gov/cgi-cors/CorsSidebarSelect.prl?site=P824&option=Logfile,4/6/2024,-123.2477197,45.8530945861
PABH,UNAVCO_NON-PBO,15,Operational,UNAVPS,GPS+GAL+GLO,Hourly,https://geodesy.noaa.gov/CORS/ncn_station_pages/index.html?stationID=PABH,https://geodesy.noaa.gov/DataAvailability/DAP.jsp?SiteID=PABH&NOD=20,https://geodesy.noaa.gov/cgi-cors/CorsSidebarSelect.prl?site=PABH&option=Logfile,2/26/1998,-124.2044444444,47.2127777778
PABT,Pennsylvania Department of Transportation,1,Operational,PADT,GPS+GAL+GLO,Hourly,https://geodesy.noaa.gov/CORS/ncn_station_pages/index.html?stationID=PABT,https://geodesy.noaa.gov/DataAvailability/DAP.jsp?SiteID=PABT&NOD=20,https://geodesy.noaa.gov/cgi-cors/CorsSidebarSelect.prl?site=PABT&option=Logfile,4/12/2010,-76.4469444444,41.7791666667
PACO,SmartNet North America,15,Operational,SMRTNT,GPS+GLO,Hourly,https://geodesy.noaa.gov/CORS/ncn_station_pages/index.html?stationID=PACO,https://geodesy.noaa.gov/DataAvailability/DAP.jsp?SiteID=PACO&NOD=20,https://geodesy.noaa.gov/cgi-cors/CorsSidebarSelect.prl?site=PACO&option=Logfile,10/24/2014,-75.8625,39.98
PACS,Pennsylvania Department of Transportation,1,Operational,PADT,GPS+GAL+GLO,Hourly,https://geodesy.noaa.gov/CORS/ncn_station_pages/index.html?stationID=PACS,https://geodesy.noaa.gov/DataAvailability/DAP.jsp?SiteID=PACS&NOD=20,https://geodesy.noaa.gov/cgi-cors/CorsSidebarSelect.prl?site=PACS&option=Logfile,4/13/2009,-79.4291666667,41.2391666667
PAFC,Pennsylvania Department of Transportation,1,Operational,PADT,GPS+GAL+GLO,Hourly,https://geodesy.noaa.gov/CORS/ncn_station_pages/index.html?stationID=PAFC,https://geodesy.noaa.gov/DataAvailability/DAP.jsp?SiteID=PAFC&NOD=20,https://geodesy.noaa.gov/cgi-cors/CorsSidebarSelect.prl?site=PAFC&option=Logfile,10/2/2010,-77.6697222222,39.9469444444
PAFM,Pennsylvania Department of Transportation,1,Operational,PADT,GPS+GAL+GLO,Hourly,https://geodesy.noaa.gov/CORS/ncn_station_pages/index.html?stationID=PAFM,https://geodesy.noaa.gov/DataAvailability/DAP.jsp?SiteID=PAFM&NOD=20,https://geodesy.noaa.gov/cgi-cors/CorsSidebarSelect.prl?site=PAFM&option=Logfile,7/10/2010,-77.9786111111,39.9622222222
PAFU,Pennsylvania Department of Transportation,1,Operational,PADT,GPS+GAL+GLO,Hourly,https://geodesy.noaa.gov/CORS/ncn_station_pages/index.html?stationID=PAFU,https://geodesy.noaa.gov/DataAvailability/DAP.jsp?SiteID=PAFU&NOD=20,https://geodesy.noaa.gov/cgi-cors/CorsSidebarSelect.prl?site=PAFU&option=Logfile,8/22/2008,-79.6972222222,39.9263888889
PAII,Pennsylvania Department of Transportation,1,Operational,PADT,GPS+GAL+GLO,Hourly,https://geodesy.noaa.gov/CORS/ncn_station_pages/index.html?stationID=PAII,https://geodesy.noaa.gov/DataAvailability/DAP.jsp?SiteID=PAII&NOD=20,https://geodesy.noaa.gov/cgi-cors/CorsSidebarSelect.prl?site=PAII&option=Logfile,4/15/2009,-79.1858333333,40.6055555556
PAJP,Pennsylvania Department of Transportation,1,Operational,PADT,GPS+GAL+GLO,Hourly,https://geodesy.noaa.gov/CORS/ncn_station_pages/index.html?stationID=PAJP,https://geodesy.noaa.gov/DataAvailability/DAP.jsp?SiteID=PAJP&NOD=20,https://geodesy.noaa.gov/cgi-cors/CorsSidebarSelect.prl?site=PAJP&option=Logfile,11/17/2010,-78.9508333333,40.9455555556
PAMM,Pennsylvania Department of Transportation,1,Operational,PADT,GPS+BDS+GAL+GLO+QZSS,Hourly,https://geodesy.noaa.gov/CORS/ncn_station_pages/index.html?stationID=PAMM,https://geodesy.noaa.gov/DataAvailability/DAP.jsp?SiteID=PAMM&NOD=20,https://geodesy.noaa.gov/cgi-cors/CorsSidebarSelect.prl?site=PAMM&option=Logfile,9/8/2010,-80.2447222222,41.2294444444
PAMS,Pennsylvania Department of Transportation,1,Operational,PADT,GPS+GAL+GLO,Hourly,https://geodesy.noaa.gov/CORS/ncn_station_pages/index.html?stationID=PAMS,https://geodesy.noaa.gov/DataAvailability/DAP.jsp?SiteID=PAMS&NOD=20,https://geodesy.noaa.gov/cgi-cors/CorsSidebarSelect.prl?site=PAMS&option=Logfile,12/5/2007,-75.2508333333,40.9955555556
PAPC,Pennsylvania Department of Transportation,1,Operational,PADT,GPS+GAL+GLO,Hourly,https://geodesy.noaa.gov/CORS/ncn_station_pages/index.html?stationID=PAPC,https://geodesy.noaa.gov/DataAvailability/DAP.jsp?SiteID=PAPC&NOD=20,https://geodesy.noaa.gov/cgi-cors/CorsSidebarSelect.prl?site=PAPC&option=Logfile,8/22/2008,-78.0233333333,41.7641666667
PAPH,SmartNet North America,15,Operational,SMRTNT,GPS+GLO,Hourly,https://geodesy.noaa.gov/CORS/ncn_station_pages/index.html?stationID=PAPH,https://geodesy.noaa.gov/DataAvailability/DAP.jsp?SiteID=PAPH&NOD=20,https://geodesy.noaa.gov/cgi-cors/CorsSidebarSelect.prl?site=PAPH&option=Logfile,10/27/2007,-75.1761111111,40.0130555556
PARL,"Pennsylvania State University, Applied Research Lab",1,Non-Operational,PENARL,GPS+GLO,Hourly,https://geodesy.noaa.gov/CORS/ncn_station_pages/index.html?stationID=PARL,https://geodesy.noaa.gov/DataAvailability/DAP.jsp?SiteID=PARL&NOD=20,https://geodesy.noaa.gov/cgi-cors/CorsSidebarSelect.prl?site=PARL&option=Logfile,5/7/2003,-75.0597222222,40.1961111111
PARY,"Natural Resources Canada, Geodetic Survey Division",30,Operational,CADNR,GPS+GLO,Daily,https://geodesy.noaa.gov/CORS/ncn_station_pages/index.html?stationID=PARY,https://geodesy.noaa.gov/DataAvailability/DAP.jsp?SiteID=PARY&NOD=20,https://geodesy.noaa.gov/cgi-cors/CorsSidebarSelect.prl?site=PARY&option=Logfile,3/20/2003,-80.0358333333,45.3383333333
PASS,Pennsylvania Department of Transportation,1,Operational,PADT,GPS+GAL+GLO,Hourly,https://geodesy.noaa.gov/CORS/ncn_station_pages/index.html?stationID=PASS,https://geodesy.noaa.gov/DataAvailability/DAP.jsp?SiteID=PASS&NOD=20,https://geodesy.noaa.gov/cgi-cors/CorsSidebarSelect.prl?site=PASS&option=Logfile,12/5/2007,-76.1580555556,40.6388888889
PAWG,Pennsylvania Department of Transportation,1,Operational,PADT,GPS+GAL+GLO,Hourly,https://geodesy.noaa.gov/CORS/ncn_station_pages/index.html?stationID=PAWG,https://geodesy.noaa.gov/DataAvailability/DAP.jsp?SiteID=PAWG&NOD=20,https://geodesy.noaa.gov/cgi-cors/CorsSidebarSelect.prl?site=PAWG&option=Logfile,8/22/2008,-79.5061111111,40.3052777778
PBCH,Florida Department of Transportation,1,Operational,FLDT,GPS+GAL+GLO,Hourly,https://geodesy.noaa.gov/CORS/ncn_station_pages/index.html?stationID=PBCH,https://geodesy.noaa.gov/DataAvailability/DAP.jsp?SiteID=PBCH&NOD=20,https://geodesy.noaa.gov/cgi-cors/CorsSidebarSelect.prl?site=PBCH&option=Logfile,1/24/2005,-80.2191666667,26.8461111111
PCLA,Florida Department of Transportation,1,Operational,FLDT,GPS+GAL+GLO,Hourly,https://geodesy.noaa.gov/CORS/ncn_station_pages/index.html?stationID=PCLA,https://geodesy.noaa.gov/DataAvailability/DAP.jsp?SiteID=PCLA&NOD=20,https://geodesy.noaa.gov/cgi-cors/CorsSidebarSelect.prl?site=PCLA&option=Logfile,2/11/2004,-87.1891666667,30.4688888889
PDTN,Washington State Reference Network,1,Operational,WSRN,GPS+GAL+GLO,Daily,https://geodesy.noaa.gov/CORS/ncn_station_pages/index.html?stationID=PDTN,https://geodesy.noaa.gov/DataAvailability/DAP.jsp?SiteID=PDTN&NOD=20,https://geodesy.noaa.gov/cgi-cors/CorsSidebarSelect.prl?site=PDTN&option=Logfile,11/2/2011,-118.7566666667,45.6658333333
PIE1,Jet Propulsion Laboratory,30,Operational,JPL,GPS+GAL+GLO,Hourly,https://geodesy.noaa.gov/CORS/ncn_station_pages/index.html?stationID=PIE1,https://geodesy.noaa.gov/DataAvailability/DAP.jsp?SiteID=PIE1&NOD=20,https://geodesy.noaa.gov/cgi-cors/CorsSidebarSelect.prl?site=PIE1&option=Logfile,12/21/1994,-108.1188888889,34.3013888889
PIMA,Arizona Department of Water Resources,1,Operational,AZDWR,GPS+GLO,Hourly,https://geodesy.noaa.gov/CORS/ncn_station_pages/index.html?stationID=PIMA,https://geodesy.noaa.gov/DataAvailability/DAP.jsp?SiteID=PIMA&NOD=20,https://geodesy.noaa.gov/cgi-cors/CorsSidebarSelect.prl?site=PIMA&option=Logfile,7/6/2010,-111.0186111111,32.2277777778
PIN1,Scripps Orbit and Permanent Array Center,1,Non-Operational,SOPAC,GPS+GLO,Daily,https://geodesy.noaa.gov/CORS/ncn_station_pages/index.html?stationID=PIN1,https://geodesy.noaa.gov/DataAvailability/DAP.jsp?SiteID=PIN1&NOD=20,https://geodesy.noaa.gov/cgi-cors/CorsSidebarSelect.prl?site=PIN1&option=Logfile,6/3/1998,-116.4580555556,33.6119444444
PKTN,Ohio Department of Transportation,1,Operational,OHDT,GPS+GAL+GLO,Hourly,https://geodesy.noaa.gov/CORS/ncn_station_pages/index.html?stationID=PKTN,https://geodesy.noaa.gov/DataAvailability/DAP.jsp?SiteID=PKTN&NOD=20,https://geodesy.noaa.gov/cgi-cors/CorsSidebarSelect.prl?site=PKTN&option=Logfile,12/20/2001,-83.0241666667,39.0452777778
PLNA,Oregon Department of Transportation,1,Operational,ORDT,GPS+GLO,Hourly,https://geodesy.noaa.gov/CORS/ncn_station_pages/index.html?stationID=PLNA,https://geodesy.noaa.gov/DataAvailability/DAP.jsp?SiteID=PLNA&NOD=20,https://geodesy.noaa.gov/cgi-cors/CorsSidebarSelect.prl?site=PLNA&option=Logfile,9/27/2015,-119.9666666667,44.1319444444
PLSB,SmartNet North America,15,Operational,SMRTNT,GPS+GLO,Hourly,https://geodesy.noaa.gov/CORS/ncn_station_pages/index.html?stationID=PLSB,https://geodesy.noaa.gov/DataAvailability/DAP.jsp?SiteID=PLSB&NOD=20,https://geodesy.noaa.gov/cgi-cors/CorsSidebarSelect.prl?site=PLSB&option=Logfile,3/25/2009,-121.7625,38.685
PLTK,Florida Department of Transportation,1,Operational,FLDT,GPS+GAL+GLO,Hourly,https://geodesy.noaa.gov/CORS/ncn_station_pages/index.html?stationID=PLTK,https://geodesy.noaa.gov/DataAvailability/DAP.jsp?SiteID=PLTK&NOD=20,https://geodesy.noaa.gov/cgi-cors/CorsSidebarSelect.prl?site=PLTK&option=Logfile,5/21/2002,-81.6875,29.6633333333
PMB1,"Geographical Registration & Land Information Systems, Suriname",1,Operational,GLIS,GPS+GLO,Hourly,https://geodesy.noaa.gov/CORS/ncn_station_pages/index.html?stationID=PMB1,https://geodesy.noaa.gov/DataAvailability/DAP.jsp?SiteID=PMB1&NOD=20,https://geodesy.noaa.gov/cgi-cors/CorsSidebarSelect.prl?site=PMB1&option=Logfile,12/30/2005,-55.1447222222,5.8280555556
PMTL,"Natural Resources Canada, Geodetic Survey Division",30,Operational,CADNR,GPS+GLO,Daily,https://geodesy.noaa.gov/CORS/ncn_station_pages/index.html?stationID=PMTL,https://geodesy.noaa.gov/DataAvailability/DAP.jsp?SiteID=PMTL&NOD=20,https://geodesy.noaa.gov/cgi-cors/CorsSidebarSelect.prl?site=PMTL&option=Logfile,11/6/2014,-73.5202777778,45.5569444444
PNNL,Washington State Reference Network,1,Operational,WSRN,GPS+GAL+GLO,Daily,https://geodesy.noaa.gov/CORS/ncn_station_pages/index.html?stationID=PNNL,https://geodesy.noaa.gov/DataAvailability/DAP.jsp?SiteID=PNNL&NOD=20,https://geodesy.noaa.gov/cgi-cors/CorsSidebarSelect.prl?site=PNNL&option=Logfile,12/28/2021,-123.045,48.0791666667
POTR,Scripps Orbit and Permanent Array Center,1,Non-Operational,SOPAC,GPS+GLO,Daily,https://geodesy.noaa.gov/CORS/ncn_station_pages/index.html?stationID=POTR,https://geodesy.noaa.gov/DataAvailability/DAP.jsp?SiteID=POTR&NOD=20,https://geodesy.noaa.gov/cgi-cors/CorsSidebarSelect.prl?site=POTR&option=Logfile,3/20/2012,-116.5908333333,32.6183333333
PPER,"Natural Resources Canada, Geodetic Survey Division",30,Operational,CADNR,GPS+GLO,Daily,https://geodesy.noaa.gov/CORS/ncn_station_pages/index.html?stationID=PPER,https://geodesy.noaa.gov/DataAvailability/DAP.jsp?SiteID=PPER&NOD=20,https://geodesy.noaa.gov/cgi-cors/CorsSidebarSelect.prl?site=PPER&option=Logfile,7/28/2012,-68.4691666667,48.5166666667
PRAR,HLCM Group Inc.,1,Operational,HLCM,GPS+GAL+GLO,Hourly,https://geodesy.noaa.gov/CORS/ncn_station_pages/index.html?stationID=PRAR,https://geodesy.noaa.gov/DataAvailability/DAP.jsp?SiteID=PRAR&NOD=20,https://geodesy.noaa.gov/cgi-cors/CorsSidebarSelect.prl?site=PRAR&option=Logfile,2/1/2010,-66.6472222222,18.4502777778
PRDU,SmartNet North America,15,Operational,SMRTNT,GPS+GLO,Hourly,https://geodesy.noaa.gov/CORS/ncn_station_pages/index.html?stationID=PRDU,https://geodesy.noaa.gov/DataAvailability/DAP.jsp?SiteID=PRDU&NOD=20,https://geodesy.noaa.gov/cgi-cors/CorsSidebarSelect.prl?site=PRDU&option=Logfile,3/18/2009,-86.9108333333,40.4275
PRFJ,HLCM Group Inc.,1,Operational,HLCM,GPS+GAL+GLO,Hourly,https://geodesy.noaa.gov/CORS/ncn_station_pages/index.html?stationID=PRFJ,https://geodesy.noaa.gov/DataAvailability/DAP.jsp?SiteID=PRFJ&NOD=20,https://geodesy.noaa.gov/cgi-cors/CorsSidebarSelect.prl?site=PRFJ&option=Logfile,11/27/2012,-65.6513888889,18.3261111111
PRGY,HLCM Group Inc.,1,Operational,HLCM,GPS+GAL+GLO,Hourly,https://geodesy.noaa.gov/CORS/ncn_station_pages/index.html?stationID=PRGY,https://geodesy.noaa.gov/DataAvailability/DAP.jsp?SiteID=PRGY&NOD=20,https://geodesy.noaa.gov/cgi-cors/CorsSidebarSelect.prl?site=PRGY&option=Logfile,4/8/2010,-66.8141666667,18.0508333333
PRHL,HLCM Group Inc.,1,Operational,HLCM,GPS+GAL+GLO,Hourly,https://geodesy.noaa.gov/CORS/ncn_station_pages/index.html?stationID=PRHL,https://geodesy.noaa.gov/DataAvailability/DAP.jsp?SiteID=PRHL&NOD=20,https://geodesy.noaa.gov/cgi-cors/CorsSidebarSelect.prl?site=PRHL&option=Logfile,5/6/2010,-66.1533333333,18.38
PRJC,HLCM Group Inc.,1,Operational,HLCM,GPS+GAL+GLO,Hourly,https://geodesy.noaa.gov/CORS/ncn_station_pages/index.html?stationID=PRJC,https://geodesy.noaa.gov/DataAvailability/DAP.jsp?SiteID=PRJC&NOD=20,https://geodesy.noaa.gov/cgi-cors/CorsSidebarSelect.prl?site=PRJC&option=Logfile,4/7/2010,-66.9994444444,18.3422222222
PRLP,HLCM Group Inc.,1,Operational,HLCM,GPS+GAL+GLO,Hourly,https://geodesy.noaa.gov/CORS/ncn_station_pages/index.html?stationID=PRLP,https://geodesy.noaa.gov/DataAvailability/DAP.jsp?SiteID=PRLP&NOD=20,https://geodesy.noaa.gov/cgi-cors/CorsSidebarSelect.prl?site=PRLP&option=Logfile,6/1/2010,-65.8680555556,18.1947222222
PRLT,HLCM Group Inc.,1,Operational,HLCM,GPS+GAL+GLO,Hourly,https://geodesy.noaa.gov/CORS/ncn_station_pages/index.html?stationID=PRLT,https://geodesy.noaa.gov/DataAvailability/DAP.jsp?SiteID=PRLT&NOD=20,https://geodesy.noaa.gov/cgi-cors/CorsSidebarSelect.prl?site=PRLT&option=Logfile,6/1/2010,-67.1888888889,18.0597222222
PRMI,NGS Stations CORS,1,Operational,NGSSTA,GPS,Half-hourly,https://geodesy.noaa.gov/CORS/ncn_station_pages/index.html?stationID=PRMI,https://geodesy.noaa.gov/DataAvailability/DAP.jsp?SiteID=PRMI&NOD=20,https://geodesy.noaa.gov/cgi-cors/CorsSidebarSelect.prl?site=PRMI&option=Logfile,3/27/2006,-67.0452777778,17.9702777778
PRN4,HLCM Group Inc.,1,Operational,HLCM,GPS+GAL+GLO,Hourly,https://geodesy.noaa.gov/CORS/ncn_station_pages/index.html?stationID=PRN4,https://geodesy.noaa.gov/DataAvailability/DAP.jsp?SiteID=PRN4&NOD=20,https://geodesy.noaa.gov/cgi-cors/CorsSidebarSelect.prl?site=PRN4&option=Logfile,2/1/2010,-66.3688888889,18.0783333333
PTAA,Washington State Reference Network,1,Operational,WSRN,GPS+GAL+GLO,Daily,https://geodesy.noaa.gov/CORS/ncn_station_pages/index.html?stationID=PTAA,https://geodesy.noaa.gov/DataAvailability/DAP.jsp?SiteID=PTAA&NOD=20,https://geodesy.noaa.gov/cgi-cors/CorsSidebarSelect.prl?site=PTAA&option=Logfile,12/1/2011,-123.4941666667,48.1166666667
PTIR,Michigan Department of Transportation,1,Operational,MIDT,GPS+GLO,Hourly,https://geodesy.noaa.gov/CORS/ncn_station_pages/index.html?stationID=PTIR,https://geodesy.noaa.gov/DataAvailability/DAP.jsp?SiteID=PTIR&NOD=20,https://geodesy.noaa.gov/cgi-cors/CorsSidebarSelect.prl?site=PTIR&option=Logfile,4/28/2003,-84.6308333333,46.4844444444
PTPP,UNAVCO-PBO,15,Operational,UNAVPB,GPS+GAL+GLO+SBAS,Daily,https://geodesy.noaa.gov/CORS/ncn_station_pages/index.html?stationID=PTPP,https://geodesy.noaa.gov/DataAvailability/DAP.jsp?SiteID=PTPP&NOD=20,https://geodesy.noaa.gov/cgi-cors/CorsSidebarSelect.prl?site=PTPP&option=Logfile,1/18/2023,-82.8788888889,8.2041666667
PTSG,UNAVCO_NON-PBO,15,Operational,UNAVPS,GPS+GAL+GLO,Hourly,https://geodesy.noaa.gov/CORS/ncn_station_pages/index.html?stationID=PTSG,https://geodesy.noaa.gov/DataAvailability/DAP.jsp?SiteID=PTSG&NOD=20,https://geodesy.noaa.gov/cgi-cors/CorsSidebarSelect.prl?site=PTSG&option=Logfile,7/5/2002,-124.255,41.7825
PUC2,Carbon County GIS Utah,1,Operational,UT-007,GPS+GLO,Hourly,https://geodesy.noaa.gov/CORS/ncn_station_pages/index.html?stationID=PUC2,https://geodesy.noaa.gov/DataAvailability/DAP.jsp?SiteID=PUC2&NOD=20,https://geodesy.noaa.gov/cgi-cors/CorsSidebarSelect.prl?site=PUC2&option=Logfile,9/14/2015,-110.7613888889,39.5938888889
PWEL,"Natural Resources Canada, Geodetic Survey Division",30,Operational,CADNR,GPS+GLO,Daily,https://geodesy.noaa.gov/CORS/ncn_station_pages/index.html?stationID=PWEL,https://geodesy.noaa.gov/DataAvailability/DAP.jsp?SiteID=PWEL&NOD=20,https://geodesy.noaa.gov/cgi-cors/CorsSidebarSelect.prl?site=PWEL&option=Logfile,3/21/2003,-79.2194444444,43.2366666667
QUIN,Jet Propulsion Laboratory,30,Operational,JPL,GPS+GAL+GLO,Hourly,https://geodesy.noaa.gov/CORS/ncn_station_pages/index.html?stationID=QUIN,https://geodesy.noaa.gov/DataAvailability/DAP.jsp?SiteID=QUIN&NOD=20,https://geodesy.noaa.gov/cgi-cors/CorsSidebarSelect.prl?site=QUIN&option=Logfile,8/11/1996,-120.9441666667,39.9744444444
R301,Mesa County Colorado Department of Public Works,1,Operational,MECOPW,GPS+GAL+GLO,Hourly,https://geodesy.noaa.gov/CORS/ncn_station_pages/index.html?stationID=R301,https://geodesy.noaa.gov/DataAvailability/DAP.jsp?SiteID=R301&NOD=20,https://geodesy.noaa.gov/cgi-cors/CorsSidebarSelect.prl?site=R301&option=Logfile,5/22/2009,-107.5908333333,38.6563888889
RBUT,UNAVCO_NON-PBO,30,Non-Operational,UNAVPS,GPS,Daily,https://geodesy.noaa.gov/CORS/ncn_station_pages/index.html?stationID=RBUT,https://geodesy.noaa.gov/DataAvailability/DAP.jsp?SiteID=RBUT&NOD=20,https://geodesy.noaa.gov/cgi-cors/CorsSidebarSelect.prl?site=RBUT&option=Logfile,4/12/1997,-111.8086111111,40.7808333333
RDMT,UNAVCO-PBO,15,Operational,UNAVPB,GPS+GAL+GLO,Daily,https://geodesy.noaa.gov/CORS/ncn_station_pages/index.html?stationID=RDMT,https://geodesy.noaa.gov/DataAvailability/DAP.jsp?SiteID=RDMT&NOD=20,https://geodesy.noaa.gov/cgi-cors/CorsSidebarSelect.prl?site=RDMT&option=Logfile,1/1/2011,-116.6244444444,34.6438888889
RDSD,UNAVCO_NON-PBO,15,Operational,UNAVPS,GPS+GAL+GLO,Daily,https://geodesy.noaa.gov/CORS/ncn_station_pages/index.html?stationID=RDSD,https://geodesy.noaa.gov/DataAvailability/DAP.jsp?SiteID=RDSD&NOD=20,https://geodesy.noaa.gov/cgi-cors/CorsSidebarSelect.prl?site=RDSD&option=Logfile,9/22/2012,-69.9111111111,18.4613888889
REDM,UNAVCO_NON-PBO,15,Operational,UNAVPS,GPS+GAL+GLO,Hourly,https://geodesy.noaa.gov/CORS/ncn_station_pages/index.html?stationID=REDM,https://geodesy.noaa.gov/DataAvailability/DAP.jsp?SiteID=REDM&NOD=20,https://geodesy.noaa.gov/cgi-cors/CorsSidebarSelect.prl?site=REDM&option=Logfile,7/29/1998,-121.1477777778,44.2597222222
RG09,UNAVCO-PBO,15,Non-Operational,UNAVPB,GPS,Daily,https://geodesy.noaa.gov/CORS/ncn_station_pages/index.html?stationID=RG09,https://geodesy.noaa.gov/DataAvailability/DAP.jsp?SiteID=RG09&NOD=20,https://geodesy.noaa.gov/cgi-cors/CorsSidebarSelect.prl?site=RG09&option=Logfile,9/9/2016,-107.0558333333,36.3044444444
RG21,UNAVCO-PBO,15,Operational,UNAVPB,GPS+GAL+GLO,Daily,https://geodesy.noaa.gov/CORS/ncn_station_pages/index.html?stationID=RG21,https://geodesy.noaa.gov/DataAvailability/DAP.jsp?SiteID=RG21&NOD=20,https://geodesy.noaa.gov/cgi-cors/CorsSidebarSelect.prl?site=RG21&option=Logfile,9/9/2016,-107.1091666667,37.7677777778
RG23,UNAVCO-PBO,15,Operational,UNAVPB,GPS+GAL+GLO,Daily,https://geodesy.noaa.gov/CORS/ncn_station_pages/index.html?stationID=RG23,https://geodesy.noaa.gov/DataAvailability/DAP.jsp?SiteID=RG23&NOD=20,https://geodesy.noaa.gov/cgi-cors/CorsSidebarSelect.prl?site=RG23&option=Logfile,9/9/2016,-105.4983333333,37.7436111111
RKD1,Washington State Reference Network,1,Operational,WSRN,GPS+GAL+GLO,Daily,https://geodesy.noaa.gov/CORS/ncn_station_pages/index.html?stationID=RKD1,https://geodesy.noaa.gov/DataAvailability/DAP.jsp?SiteID=RKD1&NOD=20,https://geodesy.noaa.gov/cgi-cors/CorsSidebarSelect.prl?site=RKD1&option=Logfile,12/29/2011,-119.4127777778,48.9641666667
RNO1,Washoe County Public Works,1,Operational,WACOPW,GPS+GLO,Hourly,https://geodesy.noaa.gov/CORS/ncn_station_pages/index.html?stationID=RNO1,https://geodesy.noaa.gov/DataAvailability/DAP.jsp?SiteID=RNO1&NOD=20,https://geodesy.noaa.gov/cgi-cors/CorsSidebarSelect.prl?site=RNO1&option=Logfile,2/6/2009,-119.8855555556,39.5377777778
ROD1,RODS Surveying Inc.,5,Operational,RODS,GPS+GAL+GLO,Hourly,https://geodesy.noaa.gov/CORS/ncn_station_pages/index.html?stationID=ROD1,https://geodesy.noaa.gov/DataAvailability/DAP.jsp?SiteID=ROD1&NOD=20,https://geodesy.noaa.gov/cgi-cors/CorsSidebarSelect.prl?site=ROD1&option=Logfile,1/1/2007,-95.5266666667,30.0722222222
ROPS,Louisiana State University,15,Suspended,LASU,GPS+GAL+GLO,Hourly,https://geodesy.noaa.gov/CORS/ncn_station_pages/index.html?stationID=ROPS,https://geodesy.noaa.gov/DataAvailability/DAP.jsp?SiteID=ROPS&NOD=20,https://geodesy.noaa.gov/cgi-cors/CorsSidebarSelect.prl?site=ROPS&option=Logfile,6/16/2023,-94.5105555556,29.5155555556
ROSS,"Natural Resources Canada, Geodetic Survey Division",30,Operational,CADNR,GPS,Daily,https://geodesy.noaa.gov/CORS/ncn_station_pages/index.html?stationID=ROSS,https://geodesy.noaa.gov/DataAvailability/DAP.jsp?SiteID=ROSS&NOD=20,https://geodesy.noaa.gov/cgi-cors/CorsSidebarSelect.prl?site=ROSS&option=Logfile,3/22/2003,-87.5194444444,48.8336111111
RRW1,Rock River Water Reclamation District,15,Non-Operational,RRWRD,GPS+GAL+GLO,Daily,https://geodesy.noaa.gov/CORS/ncn_station_pages/index.html?stationID=RRW1,https://geodesy.noaa.gov/DataAvailability/DAP.jsp?SiteID=RRW1&NOD=20,https://geodesy.noaa.gov/cgi-cors/CorsSidebarSelect.prl?site=RRW1&option=Logfile,5/30/2009,-89.0577777778,42.3511111111
RSBG,Oregon Department of Transportation,5,Operational,ORDT,GPS+GLO,Hourly,https://geodesy.noaa.gov/CORS/ncn_station_pages/index.html?stationID=RSBG,https://geodesy.noaa.gov/DataAvailability/DAP.jsp?SiteID=RSBG&NOD=20,https://geodesy.noaa.gov/cgi-cors/CorsSidebarSelect.prl?site=RSBG&option=Logfile,7/19/2013,-123.3591666667,43.235
RSUM,NGS Stations CORS,30,Operational,NGSSTA,GPS+GAL+GLO,Daily,https://geodesy.noaa.gov/CORS/ncn_station_pages/index.html?stationID=RSUM,https://geodesy.noaa.gov/DataAvailability/DAP.jsp?SiteID=RSUM&NOD=20,https://geodesy.noaa.gov/cgi-cors/CorsSidebarSelect.prl?site=RSUM&option=Logfile,5/17/2025,-80.1632014611,25.732742275
RVDI,Rocco V. D'Andrea Inc.,5,Operational,ANDREA,GPS+GAL+GLO,Hourly,https://geodesy.noaa.gov/CORS/ncn_station_pages/index.html?stationID=RVDI,https://geodesy.noaa.gov/DataAvailability/DAP.jsp?SiteID=RVDI&NOD=20,https://geodesy.noaa.gov/cgi-cors/CorsSidebarSelect.prl?site=RVDI&option=Logfile,1/9/2009,-73.5811111111,41.0419444444
S300,UNAVCO_NON-PBO,15,Operational,UNAVPS,GPS,Daily,https://geodesy.noaa.gov/CORS/ncn_station_pages/index.html?stationID=S300,https://geodesy.noaa.gov/DataAvailability/DAP.jsp?SiteID=S300&NOD=20,https://geodesy.noaa.gov/cgi-cors/CorsSidebarSelect.prl?site=S300&option=Logfile,5/10/1999,-121.5580555556,37.6663888889
SABO,Louisiana State University,15,Suspended,LASU,GPS+GAL+GLO,Hourly,https://geodesy.noaa.gov/CORS/ncn_station_pages/index.html?stationID=SABO,https://geodesy.noaa.gov/DataAvailability/DAP.jsp?SiteID=SABO&NOD=20,https://geodesy.noaa.gov/cgi-cors/CorsSidebarSelect.prl?site=SABO&option=Logfile,1/10/2022,-93.7222222222,29.4722222222
SACR,California Surveying and Drafting Supply Inc.,1,Operational,CSDS,GPS+GAL+GLO,Hourly,https://geodesy.noaa.gov/CORS/ncn_station_pages/index.html?stationID=SACR,https://geodesy.noaa.gov/DataAvailability/DAP.jsp?SiteID=SACR&NOD=20,https://geodesy.noaa.gov/cgi-cors/CorsSidebarSelect.prl?site=SACR&option=Logfile,1/9/2009,-121.3541666667,38.6547222222
SAM2,"Surveying and Mapping, LLC",1,Operational,SAMINC,GPS+GAL+GLO,Hourly,https://geodesy.noaa.gov/CORS/ncn_station_pages/index.html?stationID=SAM2,https://geodesy.noaa.gov/DataAvailability/DAP.jsp?SiteID=SAM2&NOD=20,https://geodesy.noaa.gov/cgi-cors/CorsSidebarSelect.prl?site=SAM2&option=Logfile,1/28/2012,-97.8363888889,30.2388888889
SAN0,UNAVCO_NON-PBO,15,Operational,UNAVPS,GPS,Daily,https://geodesy.noaa.gov/CORS/ncn_station_pages/index.html?stationID=SAN0,https://geodesy.noaa.gov/DataAvailability/DAP.jsp?SiteID=SAN0&NOD=20,https://geodesy.noaa.gov/cgi-cors/CorsSidebarSelect.prl?site=SAN0&option=Logfile,1/2/2009,-81.7155555556,12.5802777778
SAP1,National Park Service,1,Operational,NPS,GPS+GAL+GLO,Hourly,https://geodesy.noaa.gov/CORS/ncn_station_pages/index.html?stationID=SAP1,https://geodesy.noaa.gov/DataAvailability/DAP.jsp?SiteID=SAP1&NOD=20,https://geodesy.noaa.gov/cgi-cors/CorsSidebarSelect.prl?site=SAP1&option=Logfile,1/1/2024,-81.28,31.4327777778
SBCC,UNAVCO-PBO,15,Operational,UNAVPB,GPS+GAL+GLO,Hourly,https://geodesy.noaa.gov/CORS/ncn_station_pages/index.html?stationID=SBCC,https://geodesy.noaa.gov/DataAvailability/DAP.jsp?SiteID=SBCC&NOD=20,https://geodesy.noaa.gov/cgi-cors/CorsSidebarSelect.prl?site=SBCC&option=Logfile,3/23/2011,-117.6613888889,33.5527777778
SBCH,Louisiana State University,15,Operational,LASU,GPS+GAL+GLO,Hourly,https://geodesy.noaa.gov/CORS/ncn_station_pages/index.html?stationID=SBCH,https://geodesy.noaa.gov/DataAvailability/DAP.jsp?SiteID=SBCH&NOD=20,https://geodesy.noaa.gov/cgi-cors/CorsSidebarSelect.prl?site=SBCH&option=Logfile,1/23/2015,-89.6730555556,29.8680555556
SBST,Florida Department of Transportation,1,Operational,FLDT,GPS+GAL+GLO,Hourly,https://geodesy.noaa.gov/CORS/ncn_station_pages/index.html?stationID=SBST,https://geodesy.noaa.gov/DataAvailability/DAP.jsp?SiteID=SBST&NOD=20,https://geodesy.noaa.gov/cgi-cors/CorsSidebarSelect.prl?site=SBST&option=Logfile,3/24/2025,-80.4908292944,27.8131846194
SC00,UNAVCO_NON-PBO,15,Operational,UNAVPS,GPS+GAL+GLO,Hourly,https://geodesy.noaa.gov/CORS/ncn_station_pages/index.html?stationID=SC00,https://geodesy.noaa.gov/DataAvailability/DAP.jsp?SiteID=SC00&NOD=20,https://geodesy.noaa.gov/cgi-cors/CorsSidebarSelect.prl?site=SC00&option=Logfile,12/19/2001,-120.7244444444,46.9508333333
SC01,UNAVCO_NON-PBO,15,Operational,UNAVPS,GPS+GAL+GLO,Hourly,https://geodesy.noaa.gov/CORS/ncn_station_pages/index.html?stationID=SC01,https://geodesy.noaa.gov/DataAvailability/DAP.jsp?SiteID=SC01&NOD=20,https://geodesy.noaa.gov/cgi-cors/CorsSidebarSelect.prl?site=SC01&option=Logfile,4/12/2004,-106.9663888889,34.0677777778
SCCB,St Clair County Illinois,15,Operational,IL-163,GPS+GAL+GLO,Hourly,https://geodesy.noaa.gov/CORS/ncn_station_pages/index.html?stationID=SCCB,https://geodesy.noaa.gov/DataAvailability/DAP.jsp?SiteID=SCCB&NOD=20,https://geodesy.noaa.gov/cgi-cors/CorsSidebarSelect.prl?site=SCCB&option=Logfile,6/5/2009,-89.9847222222,38.5127777778
SCFJ,South Carolina Geodetic Survey,1,Operational,SCGS,GPS+GAL+GLO,Hourly,https://geodesy.noaa.gov/CORS/ncn_station_pages/index.html?stationID=SCFJ,https://geodesy.noaa.gov/DataAvailability/DAP.jsp?SiteID=SCFJ&NOD=20,https://geodesy.noaa.gov/cgi-cors/CorsSidebarSelect.prl?site=SCFJ&option=Logfile,6/27/2019,-79.8997222222,32.7511111111
SCGP,South Carolina Geodetic Survey,1,Operational,SCGS,GPS+GAL+GLO,Hourly,https://geodesy.noaa.gov/CORS/ncn_station_pages/index.html?stationID=SCGP,https://geodesy.noaa.gov/DataAvailability/DAP.jsp?SiteID=SCGP&NOD=20,https://geodesy.noaa.gov/cgi-cors/CorsSidebarSelect.prl?site=SCGP&option=Logfile,3/18/2005,-82.2325,34.9375
SCHY,South Carolina Geodetic Survey,1,Operational,SCGS,GPS+GAL+GLO,Hourly,https://geodesy.noaa.gov/CORS/ncn_station_pages/index.html?stationID=SCHY,https://geodesy.noaa.gov/DataAvailability/DAP.jsp?SiteID=SCHY&NOD=20,https://geodesy.noaa.gov/cgi-cors/CorsSidebarSelect.prl?site=SCHY&option=Logfile,10/25/2008,-78.735,33.9397222222
SCIP,Scripps Orbit and Permanent Array Center,1,Operational,SOPAC,GPS+GLO,Daily,https://geodesy.noaa.gov/CORS/ncn_station_pages/index.html?stationID=SCIP,https://geodesy.noaa.gov/DataAvailability/DAP.jsp?SiteID=SCIP&NOD=20,https://geodesy.noaa.gov/cgi-cors/CorsSidebarSelect.prl?site=SCIP&option=Logfile,4/23/2008,-118.4877777778,32.9141666667
SCSR,South Carolina Geodetic Survey,1,Operational,SCGS,GPS+GAL+GLO,Hourly,https://geodesy.noaa.gov/CORS/ncn_station_pages/index.html?stationID=SCSR,https://geodesy.noaa.gov/DataAvailability/DAP.jsp?SiteID=SCSR&NOD=20,https://geodesy.noaa.gov/cgi-cors/CorsSidebarSelect.prl?site=SCSR&option=Logfile,11/25/2008,-80.3405555556,33.9227777778
SCUB,German Research Centre for Geosciences,30,Non-Operational,GFZ,GPS+GAL+GLO,Hourly,https://geodesy.noaa.gov/CORS/ncn_station_pages/index.html?stationID=SCUB,https://geodesy.noaa.gov/DataAvailability/DAP.jsp?SiteID=SCUB&NOD=20,https://geodesy.noaa.gov/cgi-cors/CorsSidebarSelect.prl?site=SCUB&option=Logfile,1/1/2009,-75.7622222222,20.0119444444
SCUN,South Carolina Geodetic Survey,1,Operational,SCGS,GPS+GAL+GLO,Hourly,https://geodesy.noaa.gov/CORS/ncn_station_pages/index.html?stationID=SCUN,https://geodesy.noaa.gov/DataAvailability/DAP.jsp?SiteID=SCUN&NOD=20,https://geodesy.noaa.gov/cgi-cors/CorsSidebarSelect.prl?site=SCUN&option=Logfile,11/18/2008,-81.6486111111,34.7661111111
SCWR,South Carolina Geodetic Survey,1,Operational,SCGS,GPS+GAL+GLO,Hourly,https://geodesy.noaa.gov/CORS/ncn_station_pages/index.html?stationID=SCWR,https://geodesy.noaa.gov/DataAvailability/DAP.jsp?SiteID=SCWR&NOD=20,https://geodesy.noaa.gov/cgi-cors/CorsSidebarSelect.prl?site=SCWR&option=Logfile,11/1/2012,-81.1991666667,34.9825
SDAB,Trimble,1,Operational,TRIM,GPS+GAL+GLO,Hourly,https://geodesy.noaa.gov/CORS/ncn_station_pages/index.html?stationID=SDAB,https://geodesy.noaa.gov/DataAvailability/DAP.jsp?SiteID=SDAB&NOD=20,https://geodesy.noaa.gov/cgi-cors/CorsSidebarSelect.prl?site=SDAB&option=Logfile,2/10/2015,-98.4136111111,45.4580555556
SDHU,Trimble,1,Operational,TRIM,GPS+GLO,Hourly,https://geodesy.noaa.gov/CORS/ncn_station_pages/index.html?stationID=SDHU,https://geodesy.noaa.gov/DataAvailability/DAP.jsp?SiteID=SDHU&NOD=20,https://geodesy.noaa.gov/cgi-cors/CorsSidebarSelect.prl?site=SDHU&option=Logfile,2/13/2015,-98.2430555556,44.3747222222
SDM2,Trimble,1,Operational,TRIM,GPS+GLO,Hourly,https://geodesy.noaa.gov/CORS/ncn_station_pages/index.html?stationID=SDM2,https://geodesy.noaa.gov/DataAvailability/DAP.jsp?SiteID=SDM2&NOD=20,https://geodesy.noaa.gov/cgi-cors/CorsSidebarSelect.prl?site=SDM2&option=Logfile,11/13/2019,-100.8116666667,45.8102777778
SDPI,Trimble,1,Operational,TRIM,GPS+GLO,Hourly,https://geodesy.noaa.gov/CORS/ncn_station_pages/index.html?stationID=SDPI,https://geodesy.noaa.gov/DataAvailability/DAP.jsp?SiteID=SDPI&NOD=20,https://geodesy.noaa.gov/cgi-cors/CorsSidebarSelect.prl?site=SDPI&option=Logfile,9/5/2015,-100.2947222222,44.4
SDPL,Trimble,1,Operational,TRIM,GPS+GAL+GLO,Hourly,https://geodesy.noaa.gov/CORS/ncn_station_pages/index.html?stationID=SDPL,https://geodesy.noaa.gov/DataAvailability/DAP.jsp?SiteID=SDPL&NOD=20,https://geodesy.noaa.gov/cgi-cors/CorsSidebarSelect.prl?site=SDPL&option=Logfile,2/24/2017,-98.8394444444,43.3863888889
SDRC,City of Rapid City South Dakota,1,Operational,SD2250,GPS+BDS+GAL+GLO+QZSS,Hourly,https://geodesy.noaa.gov/CORS/ncn_station_pages/index.html?stationID=SDRC,https://geodesy.noaa.gov/DataAvailability/DAP.jsp?SiteID=SDRC&NOD=20,https://geodesy.noaa.gov/cgi-cors/CorsSidebarSelect.prl?site=SDRC&option=Logfile,2/8/2014,-103.2255555556,44.0825
SDWE,Trimble,1,Operational,TRIM,GPS+GLO,Hourly,https://geodesy.noaa.gov/CORS/ncn_station_pages/index.html?stationID=SDWE,https://geodesy.noaa.gov/DataAvailability/DAP.jsp?SiteID=SDWE&NOD=20,https://geodesy.noaa.gov/cgi-cors/CorsSidebarSelect.prl?site=SDWE&option=Logfile,2/13/2015,-97.5191666667,45.3544444444
SE01,Mesa County Colorado Department of Public Works,1,Operational,MECOPW,GPS+GAL+GLO,Hourly,https://geodesy.noaa.gov/CORS/ncn_station_pages/index.html?stationID=SE01,https://geodesy.noaa.gov/DataAvailability/DAP.jsp?SiteID=SE01&NOD=20,https://geodesy.noaa.gov/cgi-cors/CorsSidebarSelect.prl?site=SE01&option=Logfile,11/21/2009,-107.2119444444,39.4002777778
SEAT,UNAVCO_NON-PBO,1,Operational,UNAVPS,GPS+GAL+GLO,Hourly,https://geodesy.noaa.gov/CORS/ncn_station_pages/index.html?stationID=SEAT,https://geodesy.noaa.gov/DataAvailability/DAP.jsp?SiteID=SEAT&NOD=20,https://geodesy.noaa.gov/cgi-cors/CorsSidebarSelect.prl?site=SEAT&option=Logfile,2/27/1998,-122.3094444444,47.6538888889
SEDR,UNAVCO_NON-PBO,15,Operational,UNAVPS,GPS+GAL+GLO,Hourly,https://geodesy.noaa.gov/CORS/ncn_station_pages/index.html?stationID=SEDR,https://geodesy.noaa.gov/DataAvailability/DAP.jsp?SiteID=SEDR&NOD=20,https://geodesy.noaa.gov/cgi-cors/CorsSidebarSelect.prl?site=SEDR&option=Logfile,2/26/1998,-122.2236111111,48.5213888889
SELD,UNAVCO-PBO,15,Operational,UNAVPB,GPS+GAL+GLO,Daily,https://geodesy.noaa.gov/CORS/ncn_station_pages/index.html?stationID=SELD,https://geodesy.noaa.gov/DataAvailability/DAP.jsp?SiteID=SELD&NOD=20,https://geodesy.noaa.gov/cgi-cors/CorsSidebarSelect.prl?site=SELD&option=Logfile,1/1/2010,-151.7066666667,59.4455555556
SFDM,UNAVCO-PBO,15,Operational,UNAVPB,GPS+GAL+GLO,Daily,https://geodesy.noaa.gov/CORS/ncn_station_pages/index.html?stationID=SFDM,https://geodesy.noaa.gov/DataAvailability/DAP.jsp?SiteID=SFDM&NOD=20,https://geodesy.noaa.gov/cgi-cors/CorsSidebarSelect.prl?site=SFDM&option=Logfile,4/4/2012,-118.7544444444,34.4597222222
SG27,UNAVCO-PBO,15,Operational,UNAVPB,GPS+GAL+GLO,Daily,https://geodesy.noaa.gov/CORS/ncn_station_pages/index.html?stationID=SG27,https://geodesy.noaa.gov/DataAvailability/DAP.jsp?SiteID=SG27&NOD=20,https://geodesy.noaa.gov/cgi-cors/CorsSidebarSelect.prl?site=SG27&option=Logfile,1/1/2010,-156.6102777778,71.3227777778
SGPO,German Research Centre for Geosciences,30,Operational,GFZ,GPS+BDS+GAL+GLO+SBAS,Hourly,https://geodesy.noaa.gov/CORS/ncn_station_pages/index.html?stationID=SGPO,https://geodesy.noaa.gov/DataAvailability/DAP.jsp?SiteID=SGPO&NOD=20,https://geodesy.noaa.gov/cgi-cors/CorsSidebarSelect.prl?site=SGPO&option=Logfile,8/15/2021,-97.4847222222,36.6041666667
SGU1,City of St George Utah,5,Operational,65330,GPS+GLO,Hourly,https://geodesy.noaa.gov/CORS/ncn_station_pages/index.html?stationID=SGU1,https://geodesy.noaa.gov/DataAvailability/DAP.jsp?SiteID=SGU1&NOD=20,https://geodesy.noaa.gov/cgi-cors/CorsSidebarSelect.prl?site=SGU1&option=Logfile,3/6/2012,-113.5702777778,37.1130555556
SHIN,UNAVCO-PBO,15,Operational,UNAVPB,GPS+GAL+GLO,Daily,https://geodesy.noaa.gov/CORS/ncn_station_pages/index.html?stationID=SHIN,https://geodesy.noaa.gov/DataAvailability/DAP.jsp?SiteID=SHIN&NOD=20,https://geodesy.noaa.gov/cgi-cors/CorsSidebarSelect.prl?site=SHIN&option=Logfile,7/22/2008,-120.225,40.5916666667
SHLD,UNAVCO-PBO,15,Operational,UNAVPB,GPS,Daily,https://geodesy.noaa.gov/CORS/ncn_station_pages/index.html?stationID=SHLD,https://geodesy.noaa.gov/DataAvailability/DAP.jsp?SiteID=SHLD&NOD=20,https://geodesy.noaa.gov/cgi-cors/CorsSidebarSelect.prl?site=SHLD&option=Logfile,12/19/2001,-119.0155555556,41.8683333333
SHRV,Louisiana State University,15,Operational,LASU,GPS+GAL+GLO,Hourly,https://geodesy.noaa.gov/CORS/ncn_station_pages/index.html?stationID=SHRV,https://geodesy.noaa.gov/DataAvailability/DAP.jsp?SiteID=SHRV&NOD=20,https://geodesy.noaa.gov/cgi-cors/CorsSidebarSelect.prl?site=SHRV&option=Logfile,8/23/2004,-93.7044444444,32.4275
SIBY,Michigan Department of Transportation,1,Operational,MIDT,GPS+GLO,Hourly,https://geodesy.noaa.gov/CORS/ncn_station_pages/index.html?stationID=SIBY,https://geodesy.noaa.gov/DataAvailability/DAP.jsp?SiteID=SIBY&NOD=20,https://geodesy.noaa.gov/cgi-cors/CorsSidebarSelect.prl?site=SIBY&option=Logfile,5/31/2002,-83.2411111111,42.17
SIDN,Ohio Department of Transportation,1,Operational,OHDT,GPS+GAL+GLO,Hourly,https://geodesy.noaa.gov/CORS/ncn_station_pages/index.html?stationID=SIDN,https://geodesy.noaa.gov/DataAvailability/DAP.jsp?SiteID=SIDN&NOD=20,https://geodesy.noaa.gov/cgi-cors/CorsSidebarSelect.prl?site=SIDN&option=Logfile,12/14/2001,-84.1708333333,40.3102777778
SIHS,Louisiana State University,15,Operational,LASU,GPS+GAL+GLO,Hourly,https://geodesy.noaa.gov/CORS/ncn_station_pages/index.html?stationID=SIHS,https://geodesy.noaa.gov/DataAvailability/DAP.jsp?SiteID=SIHS&NOD=20,https://geodesy.noaa.gov/cgi-cors/CorsSidebarSelect.prl?site=SIHS&option=Logfile,6/12/2003,-91.6552777778,31.8433333333
SIO5,Scripps Orbit and Permanent Array Center,1,Operational,SOPAC,GPS+GLO,Daily,https://geodesy.noaa.gov/CORS/ncn_station_pages/index.html?stationID=SIO5,https://geodesy.noaa.gov/DataAvailability/DAP.jsp?SiteID=SIO5&NOD=20,https://geodesy.noaa.gov/cgi-cors/CorsSidebarSelect.prl?site=SIO5&option=Logfile,1/1/2011,-117.2494444444,32.8405555556
SIW2,Wisconsin Department of Transportation,1,Operational,WIDT,GPS+GAL+GLO,Hourly,https://geodesy.noaa.gov/CORS/ncn_station_pages/index.html?stationID=SIW2,https://geodesy.noaa.gov/DataAvailability/DAP.jsp?SiteID=SIW2&NOD=20,https://geodesy.noaa.gov/cgi-cors/CorsSidebarSelect.prl?site=SIW2&option=Logfile,1/31/2012,-87.9827777778,42.8677777778
SJB1,SmartNet North America,30,Operational,SMRTNT,GPS+GLO,Hourly,https://geodesy.noaa.gov/CORS/ncn_station_pages/index.html?stationID=SJB1,https://geodesy.noaa.gov/DataAvailability/DAP.jsp?SiteID=SJB1&NOD=20,https://geodesy.noaa.gov/cgi-cors/CorsSidebarSelect.prl?site=SJB1&option=Logfile,3/18/2009,-91.1069444444,30.3958333333
SKYB,UNAVCO-PBO,15,Operational,UNAVPB,GPS+GAL+GLO,Daily,https://geodesy.noaa.gov/CORS/ncn_station_pages/index.html?stationID=SKYB,https://geodesy.noaa.gov/DataAvailability/DAP.jsp?SiteID=SKYB&NOD=20,https://geodesy.noaa.gov/cgi-cors/CorsSidebarSelect.prl?site=SKYB&option=Logfile,1/1/2011,-118.4786111111,34.4386111111
SLAC,UNAVCO-PBO,15,Operational,UNAVPB,GPS+GLO,Daily,https://geodesy.noaa.gov/CORS/ncn_station_pages/index.html?stationID=SLAC,https://geodesy.noaa.gov/DataAvailability/DAP.jsp?SiteID=SLAC&NOD=20,https://geodesy.noaa.gov/cgi-cors/CorsSidebarSelect.prl?site=SLAC&option=Logfile,3/29/2012,-122.2041666667,37.4163888889
SLMS,UNAVCO-PBO,15,Operational,UNAVPB,GPS+GAL+GLO,Daily,https://geodesy.noaa.gov/CORS/ncn_station_pages/index.html?stationID=SLMS,https://geodesy.noaa.gov/DataAvailability/DAP.jsp?SiteID=SLMS&NOD=20,https://geodesy.noaa.gov/cgi-cors/CorsSidebarSelect.prl?site=SLMS&option=Logfile,1/1/2011,-115.9777777778,33.2922222222
SMAI,Washington State Reference Network,1,Operational,WSRN,GPS+GAL+GLO,Daily,https://geodesy.noaa.gov/CORS/ncn_station_pages/index.html?stationID=SMAI,https://geodesy.noaa.gov/DataAvailability/DAP.jsp?SiteID=SMAI&NOD=20,https://geodesy.noaa.gov/cgi-cors/CorsSidebarSelect.prl?site=SMAI&option=Logfile,11/4/2011,-122.345,47.5233333333
SMRT,UNAVCO_NON-PBO,15,Non-Operational,UNAVPS,GPS,Daily,https://geodesy.noaa.gov/CORS/ncn_station_pages/index.html?stationID=SMRT,https://geodesy.noaa.gov/DataAvailability/DAP.jsp?SiteID=SMRT&NOD=20,https://geodesy.noaa.gov/cgi-cors/CorsSidebarSelect.prl?site=SMRT&option=Logfile,9/22/2012,-63.1086111111,18.0422222222
SNFD,North Carolina Geodetic Survey,1,Operational,NCGS,GPS+GAL+GLO,Hourly,https://geodesy.noaa.gov/CORS/ncn_station_pages/index.html?stationID=SNFD,https://geodesy.noaa.gov/DataAvailability/DAP.jsp?SiteID=SNFD&NOD=20,https://geodesy.noaa.gov/cgi-cors/CorsSidebarSelect.prl?site=SNFD&option=Logfile,4/13/2002,-79.1580555556,35.4733333333
SNI1,"US Geological Survey, Pasadena/SCIGN",30,Operational,USGSPA,GPS+GAL+GLO,Daily,https://geodesy.noaa.gov/CORS/ncn_station_pages/index.html?stationID=SNI1,https://geodesy.noaa.gov/DataAvailability/DAP.jsp?SiteID=SNI1&NOD=20,https://geodesy.noaa.gov/cgi-cors/CorsSidebarSelect.prl?site=SNI1&option=Logfile,4/23/2008,-119.5241666667,33.2477777778
SOWR,Michigan Department of Transportation,1,Non-Operational,MIDT,GPS+GLO,Hourly,https://geodesy.noaa.gov/CORS/ncn_station_pages/index.html?stationID=SOWR,https://geodesy.noaa.gov/DataAvailability/DAP.jsp?SiteID=SOWR&NOD=20,https://geodesy.noaa.gov/cgi-cors/CorsSidebarSelect.prl?site=SOWR&option=Logfile,8/31/2001,-85.5333333333,42.2258333333
SPED,UNAVCO-PBO,15,Operational,UNAVPB,GPS+GAL+GLO,Daily,https://geodesy.noaa.gov/CORS/ncn_station_pages/index.html?stationID=SPED,https://geodesy.noaa.gov/DataAvailability/DAP.jsp?SiteID=SPED&NOD=20,https://geodesy.noaa.gov/cgi-cors/CorsSidebarSelect.prl?site=SPED&option=Logfile,1/17/2023,-69.3055555556,18.4608333333
SRS1,UNAVCO-PBO,15,Operational,UNAVPB,GPS+GAL+GLO,Daily,https://geodesy.noaa.gov/CORS/ncn_station_pages/index.html?stationID=SRS1,https://geodesy.noaa.gov/DataAvailability/DAP.jsp?SiteID=SRS1&NOD=20,https://geodesy.noaa.gov/cgi-cors/CorsSidebarSelect.prl?site=SRS1&option=Logfile,5/8/2010,-120.065,34.0041666667
SRZN,"Geographical Registration & Land Information Systems, Suriname",1,Operational,GLIS,GPS+GAL+GLO,Hourly,https://geodesy.noaa.gov/CORS/ncn_station_pages/index.html?stationID=SRZN,https://geodesy.noaa.gov/DataAvailability/DAP.jsp?SiteID=SRZN&NOD=20,https://geodesy.noaa.gov/cgi-cors/CorsSidebarSelect.prl?site=SRZN&option=Logfile,2/3/2006,-55.2030555556,5.4555555556
SSHO,Washington State Reference Network,1,Operational,WSRN,GPS+GAL+GLO,Daily,https://geodesy.noaa.gov/CORS/ncn_station_pages/index.html?stationID=SSHO,https://geodesy.noaa.gov/DataAvailability/DAP.jsp?SiteID=SSHO&NOD=20,https://geodesy.noaa.gov/cgi-cors/CorsSidebarSelect.prl?site=SSHO&option=Logfile,11/15/2011,-122.315,47.6822222222
SSIA,"Centro Nacional de Registros, El Salvador",15,Operational,CENTRO,GPS+GAL+GLO,Daily,https://geodesy.noaa.gov/CORS/ncn_station_pages/index.html?stationID=SSIA,https://geodesy.noaa.gov/DataAvailability/DAP.jsp?SiteID=SSIA&NOD=20,https://geodesy.noaa.gov/cgi-cors/CorsSidebarSelect.prl?site=SSIA&option=Logfile,10/10/2000,-89.1163888889,13.6969444444
STAY,Oregon Department of Transportation,5,Operational,ORDT,GPS+GAL+GLO,Hourly,https://geodesy.noaa.gov/CORS/ncn_station_pages/index.html?stationID=STAY,https://geodesy.noaa.gov/DataAvailability/DAP.jsp?SiteID=STAY&NOD=20,https://geodesy.noaa.gov/cgi-cors/CorsSidebarSelect.prl?site=STAY&option=Logfile,2/11/2009,-122.8208333333,44.8305555556
STBT,City of Steamboat Springs Colorado,1,Operational,CO2360,GPS+GAL+GLO,Hourly,https://geodesy.noaa.gov/CORS/ncn_station_pages/index.html?stationID=STBT,https://geodesy.noaa.gov/DataAvailability/DAP.jsp?SiteID=STBT&NOD=20,https://geodesy.noaa.gov/cgi-cors/CorsSidebarSelect.prl?site=STBT&option=Logfile,4/17/2017,-106.8647222222,40.5125
STEA,Washoe County Public Works,1,Operational,WACOPW,GPS+GLO,Hourly,https://geodesy.noaa.gov/CORS/ncn_station_pages/index.html?stationID=STEA,https://geodesy.noaa.gov/DataAvailability/DAP.jsp?SiteID=STEA&NOD=20,https://geodesy.noaa.gov/cgi-cors/CorsSidebarSelect.prl?site=STEA&option=Logfile,2/6/2009,-119.8836111111,39.6252777778
STKR,Ohio Department of Transportation,1,Operational,OHDT,GPS+GAL+GLO,Hourly,https://geodesy.noaa.gov/CORS/ncn_station_pages/index.html?stationID=STKR,https://geodesy.noaa.gov/DataAvailability/DAP.jsp?SiteID=STKR&NOD=20,https://geodesy.noaa.gov/cgi-cors/CorsSidebarSelect.prl?site=STKR&option=Logfile,2/28/2000,-82.1069444444,39.3258333333
STVI,UNAVCO_NON-PBO,15,Operational,UNAVPS,GPS,Daily,https://geodesy.noaa.gov/CORS/ncn_station_pages/index.html?stationID=STVI,https://geodesy.noaa.gov/DataAvailability/DAP.jsp?SiteID=STVI&NOD=20,https://geodesy.noaa.gov/cgi-cors/CorsSidebarSelect.prl?site=STVI&option=Logfile,9/22/2012,-64.9744444444,18.34
SUP2,Michigan Department of Transportation,1,Operational,MIDT,GPS+GLO,Hourly,https://geodesy.noaa.gov/CORS/ncn_station_pages/index.html?stationID=SUP2,https://geodesy.noaa.gov/DataAvailability/DAP.jsp?SiteID=SUP2&NOD=20,https://geodesy.noaa.gov/cgi-cors/CorsSidebarSelect.prl?site=SUP2&option=Logfile,8/31/2001,-87.0733333333,45.7494444444
SUP3,Michigan Department of Transportation,1,Operational,MIDT,GPS+GLO,Hourly,https://geodesy.noaa.gov/CORS/ncn_station_pages/index.html?stationID=SUP3,https://geodesy.noaa.gov/DataAvailability/DAP.jsp?SiteID=SUP3&NOD=20,https://geodesy.noaa.gov/cgi-cors/CorsSidebarSelect.prl?site=SUP3&option=Logfile,8/31/2001,-85.5127777778,46.3025
SUTB,Berkeley Seismological Laboratory,1,Operational,BSL,GPS+GLO,Daily,https://geodesy.noaa.gov/CORS/ncn_station_pages/index.html?stationID=SUTB,https://geodesy.noaa.gov/DataAvailability/DAP.jsp?SiteID=SUTB&NOD=20,https://geodesy.noaa.gov/cgi-cors/CorsSidebarSelect.prl?site=SUTB&option=Logfile,6/4/1998,-121.8205555556,39.2058333333
SVGB,UNAVCO_NON-PBO,30,Non-Operational,UNAVPS,GPS,Daily,https://geodesy.noaa.gov/CORS/ncn_station_pages/index.html?stationID=SVGB,https://geodesy.noaa.gov/DataAvailability/DAP.jsp?SiteID=SVGB&NOD=20,https://geodesy.noaa.gov/cgi-cors/CorsSidebarSelect.prl?site=SVGB&option=Logfile,2/4/2021,-61.2502777778,13.2744444444
TALH,Florida Department of Transportation,1,Operational,FLDT,GPS+GAL+GLO,Hourly,https://geodesy.noaa.gov/CORS/ncn_station_pages/index.html?stationID=TALH,https://geodesy.noaa.gov/DataAvailability/DAP.jsp?SiteID=TALH&NOD=20,https://geodesy.noaa.gov/cgi-cors/CorsSidebarSelect.prl?site=TALH&option=Logfile,5/21/2002,-84.3558333333,30.3963888889
TALL,Louisiana State University,15,Operational,LASU,GPS+GAL+GLO,Hourly,https://geodesy.noaa.gov/CORS/ncn_station_pages/index.html?stationID=TALL,https://geodesy.noaa.gov/DataAvailability/DAP.jsp?SiteID=TALL&NOD=20,https://geodesy.noaa.gov/cgi-cors/CorsSidebarSelect.prl?site=TALL&option=Logfile,2/12/2004,-91.1827777778,32.4002777778
TAMP,"Instituto Nacional de Estadistica, Geografia e Informatica, Mexico",15,Operational,INEGI,GPS+GAL+GLO,Hourly,https://geodesy.noaa.gov/CORS/ncn_station_pages/index.html?stationID=TAMP,https://geodesy.noaa.gov/DataAvailability/DAP.jsp?SiteID=TAMP&NOD=20,https://geodesy.noaa.gov/cgi-cors/CorsSidebarSelect.prl?site=TAMP&option=Logfile,11/27/2012,-97.8638888889,22.2780555556
TBON,Alaska Department of Transportation and Public Facilities,5,Operational,AKDT,GPS+GLO,Hourly,https://geodesy.noaa.gov/CORS/ncn_station_pages/index.html?stationID=TBON,https://geodesy.noaa.gov/DataAvailability/DAP.jsp?SiteID=TBON&NOD=20,https://geodesy.noaa.gov/cgi-cors/CorsSidebarSelect.prl?site=TBON&option=Logfile,5/6/2008,-149.785,61.1794444444
TEG2,"Instituto Geografico Nacional, Honduras",15,Operational,IGN-HO,GPS+GLO,Daily,https://geodesy.noaa.gov/CORS/ncn_station_pages/index.html?stationID=TEG2,https://geodesy.noaa.gov/DataAvailability/DAP.jsp?SiteID=TEG2&NOD=20,https://geodesy.noaa.gov/cgi-cors/CorsSidebarSelect.prl?site=TEG2&option=Logfile,4/27/2011,-87.2055555556,14.09
TGDR,UNAVCO_NON-PBO,15,Non-Operational,UNAVPS,GPS+GAL+GLO,Hourly,https://geodesy.noaa.gov/CORS/ncn_station_pages/index.html?stationID=TGDR,https://geodesy.noaa.gov/DataAvailability/DAP.jsp?SiteID=TGDR&NOD=20,https://geodesy.noaa.gov/cgi-cors/CorsSidebarSelect.prl?site=TGDR&option=Logfile,9/14/2021,-71.0919444444,18.2077777778
THHR,Louisiana State University,15,Operational,LASU,GPS+GAL+GLO,Hourly,https://geodesy.noaa.gov/CORS/ncn_station_pages/index.html?stationID=THHR,https://geodesy.noaa.gov/DataAvailability/DAP.jsp?SiteID=THHR&NOD=20,https://geodesy.noaa.gov/cgi-cors/CorsSidebarSelect.prl?site=THHR&option=Logfile,5/16/2010,-92.0805555556,30.5291666667
TIBB,Berkeley Seismological Laboratory,1,Operational,BSL,GPS+GLO,Daily,https://geodesy.noaa.gov/CORS/ncn_station_pages/index.html?stationID=TIBB,https://geodesy.noaa.gov/DataAvailability/DAP.jsp?SiteID=TIBB&NOD=20,https://geodesy.noaa.gov/cgi-cors/CorsSidebarSelect.prl?site=TIBB&option=Logfile,11/30/2012,-122.4475,37.8908333333
TIFF,Ohio Department of Transportation,1,Operational,OHDT,GPS+GAL+GLO,Hourly,https://geodesy.noaa.gov/CORS/ncn_station_pages/index.html?stationID=TIFF,https://geodesy.noaa.gov/DataAvailability/DAP.jsp?SiteID=TIFF&NOD=20,https://geodesy.noaa.gov/cgi-cors/CorsSidebarSelect.prl?site=TIFF&option=Logfile,12/14/2001,-83.1502777778,41.0747222222
TJRN,UNAVCO-PBO,15,Operational,UNAVPB,GPS+GAL+GLO,Daily,https://geodesy.noaa.gov/CORS/ncn_station_pages/index.html?stationID=TJRN,https://geodesy.noaa.gov/DataAvailability/DAP.jsp?SiteID=TJRN&NOD=20,https://geodesy.noaa.gov/cgi-cors/CorsSidebarSelect.prl?site=TJRN&option=Logfile,1/1/2011,-120.1325,34.4833333333
TLK2,UNAVCO_NON-PBO,1,Operational,UNAVPS,GPS+GLO,Hourly,https://geodesy.noaa.gov/CORS/ncn_station_pages/index.html?stationID=TLK2,https://geodesy.noaa.gov/DataAvailability/DAP.jsp?SiteID=TLK2&NOD=20,https://geodesy.noaa.gov/cgi-cors/CorsSidebarSelect.prl?site=TLK2&option=Logfile,7/11/2020,-149.5952777778,68.6277777778
TMG2,NGS Stations CORS,1,Operational,NGSSTA,GPS+GAL+GLO,Hourly,https://geodesy.noaa.gov/CORS/ncn_station_pages/index.html?stationID=TMG2,https://geodesy.noaa.gov/DataAvailability/DAP.jsp?SiteID=TMG2&NOD=20,https://geodesy.noaa.gov/cgi-cors/CorsSidebarSelect.prl?site=TMG2&option=Logfile,2/15/2018,-105.2330555556,40.1297222222
TN11,Tennessee Department of Transportation Dsgn Div.,1,Operational,TNDOT,GPS+GLO,Hourly,https://geodesy.noaa.gov/CORS/ncn_station_pages/index.html?stationID=TN11,https://geodesy.noaa.gov/DataAvailability/DAP.jsp?SiteID=TN11&NOD=20,https://geodesy.noaa.gov/cgi-cors/CorsSidebarSelect.prl?site=TN11&option=Logfile,1/8/2008,-82.3925,36.3613888889
TN12,Tennessee Department of Transportation Dsgn Div.,1,Operational,TNDOT,GPS+GLO,Hourly,https://geodesy.noaa.gov/CORS/ncn_station_pages/index.html?stationID=TN12,https://geodesy.noaa.gov/DataAvailability/DAP.jsp?SiteID=TN12&NOD=20,https://geodesy.noaa.gov/cgi-cors/CorsSidebarSelect.prl?site=TN12&option=Logfile,1/8/2008,-83.2863888889,36.2477777778
TN13,Tennessee Department of Transportation Dsgn Div.,1,Operational,TNDOT,GPS+GLO,Hourly,https://geodesy.noaa.gov/CORS/ncn_station_pages/index.html?stationID=TN13,https://geodesy.noaa.gov/DataAvailability/DAP.jsp?SiteID=TN13&NOD=20,https://geodesy.noaa.gov/cgi-cors/CorsSidebarSelect.prl?site=TN13&option=Logfile,1/8/2008,-83.2072222222,35.9436111111
TN14,Tennessee Department of Transportation Dsgn Div.,1,Operational,TNDOT,GPS+GLO,Hourly,https://geodesy.noaa.gov/CORS/ncn_station_pages/index.html?stationID=TN14,https://geodesy.noaa.gov/DataAvailability/DAP.jsp?SiteID=TN14&NOD=20,https://geodesy.noaa.gov/cgi-cors/CorsSidebarSelect.prl?site=TN14&option=Logfile,1/8/2008,-84.065,36.4075
TN15,Tennessee Department of Transportation Dsgn Div.,1,Operational,TNDOT,GPS+GLO,Hourly,https://geodesy.noaa.gov/CORS/ncn_station_pages/index.html?stationID=TN15,https://geodesy.noaa.gov/DataAvailability/DAP.jsp?SiteID=TN15&NOD=20,https://geodesy.noaa.gov/cgi-cors/CorsSidebarSelect.prl?site=TN15&option=Logfile,1/8/2008,-83.7702777778,36.0022222222
TN16,Tennessee Department of Transportation Dsgn Div.,1,Operational,TNDOT,GPS+GLO,Hourly,https://geodesy.noaa.gov/CORS/ncn_station_pages/index.html?stationID=TN16,https://geodesy.noaa.gov/DataAvailability/DAP.jsp?SiteID=TN16&NOD=20,https://geodesy.noaa.gov/cgi-cors/CorsSidebarSelect.prl?site=TN16&option=Logfile,1/8/2008,-84.6011111111,35.9025
TN17,Tennessee Department of Transportation Dsgn Div.,1,Non-Operational,TNDOT,GPS+GLO,Hourly,https://geodesy.noaa.gov/CORS/ncn_station_pages/index.html?stationID=TN17,https://geodesy.noaa.gov/DataAvailability/DAP.jsp?SiteID=TN17&NOD=20,https://geodesy.noaa.gov/cgi-cors/CorsSidebarSelect.prl?site=TN17&option=Logfile,3/21/2009,-84.0047222222,35.8133333333
TN18,Tennessee Department of Transportation Dsgn Div.,1,Operational,TNDOT,GPS+GLO,Hourly,https://geodesy.noaa.gov/CORS/ncn_station_pages/index.html?stationID=TN18,https://geodesy.noaa.gov/DataAvailability/DAP.jsp?SiteID=TN18&NOD=20,https://geodesy.noaa.gov/cgi-cors/CorsSidebarSelect.prl?site=TN18&option=Logfile,3/21/2009,-82.1783333333,36.3658333333
TN19,Tennessee Department of Transportation Dsgn Div.,1,Operational,TNDOT,GPS+GLO,Hourly,https://geodesy.noaa.gov/CORS/ncn_station_pages/index.html?stationID=TN19,https://geodesy.noaa.gov/DataAvailability/DAP.jsp?SiteID=TN19&NOD=20,https://geodesy.noaa.gov/cgi-cors/CorsSidebarSelect.prl?site=TN19&option=Logfile,12/8/2009,-84.5280555556,36.4080555556
TN1B,Tennessee Department of Transportation Dsgn Div.,1,Operational,TNDOT,GPS+GLO,Hourly,https://geodesy.noaa.gov/CORS/ncn_station_pages/index.html?stationID=TN1B,https://geodesy.noaa.gov/DataAvailability/DAP.jsp?SiteID=TN1B&NOD=20,https://geodesy.noaa.gov/cgi-cors/CorsSidebarSelect.prl?site=TN1B&option=Logfile,1/21/2012,-82.8113888889,36.4775
TN21,Tennessee Department of Transportation Dsgn Div.,1,Operational,TNDOT,GPS+GLO,Hourly,https://geodesy.noaa.gov/CORS/ncn_station_pages/index.html?stationID=TN21,https://geodesy.noaa.gov/DataAvailability/DAP.jsp?SiteID=TN21&NOD=20,https://geodesy.noaa.gov/cgi-cors/CorsSidebarSelect.prl?site=TN21&option=Logfile,11/7/2008,-85.2069444444,35.0641666667
TN22,Tennessee Department of Transportation Dsgn Div.,1,Operational,TNDOT,GPS+GLO,Hourly,https://geodesy.noaa.gov/CORS/ncn_station_pages/index.html?stationID=TN22,https://geodesy.noaa.gov/DataAvailability/DAP.jsp?SiteID=TN22&NOD=20,https://geodesy.noaa.gov/cgi-cors/CorsSidebarSelect.prl?site=TN22&option=Logfile,1/8/2008,-85.3777777778,35.3902777778
TN23,Tennessee Department of Transportation Dsgn Div.,1,Operational,TNDOT,GPS+GLO,Hourly,https://geodesy.noaa.gov/CORS/ncn_station_pages/index.html?stationID=TN23,https://geodesy.noaa.gov/DataAvailability/DAP.jsp?SiteID=TN23&NOD=20,https://geodesy.noaa.gov/cgi-cors/CorsSidebarSelect.prl?site=TN23&option=Logfile,1/8/2008,-84.9991666667,35.9194444444
TN24,Tennessee Department of Transportation Dsgn Div.,1,Operational,TNDOT,GPS+GLO,Hourly,https://geodesy.noaa.gov/CORS/ncn_station_pages/index.html?stationID=TN24,https://geodesy.noaa.gov/DataAvailability/DAP.jsp?SiteID=TN24&NOD=20,https://geodesy.noaa.gov/cgi-cors/CorsSidebarSelect.prl?site=TN24&option=Logfile,1/8/2008,-85.4991666667,36.1341666667
TN25,Tennessee Department of Transportation Dsgn Div.,1,Operational,TNDOT,GPS+GLO,Hourly,https://geodesy.noaa.gov/CORS/ncn_station_pages/index.html?stationID=TN25,https://geodesy.noaa.gov/DataAvailability/DAP.jsp?SiteID=TN25&NOD=20,https://geodesy.noaa.gov/cgi-cors/CorsSidebarSelect.prl?site=TN25&option=Logfile,1/26/2008,-86.1888888889,35.3669444444
TN26,Tennessee Department of Transportation Dsgn Div.,1,Operational,TNDOT,GPS+GLO,Hourly,https://geodesy.noaa.gov/CORS/ncn_station_pages/index.html?stationID=TN26,https://geodesy.noaa.gov/DataAvailability/DAP.jsp?SiteID=TN26&NOD=20,https://geodesy.noaa.gov/cgi-cors/CorsSidebarSelect.prl?site=TN26&option=Logfile,12/8/2009,-84.63,35.4430555556
TN27,Tennessee Department of Transportation Dsgn Div.,1,Operational,TNDOT,GPS+GLO,Hourly,https://geodesy.noaa.gov/CORS/ncn_station_pages/index.html?stationID=TN27,https://geodesy.noaa.gov/DataAvailability/DAP.jsp?SiteID=TN27&NOD=20,https://geodesy.noaa.gov/cgi-cors/CorsSidebarSelect.prl?site=TN27&option=Logfile,12/12/2009,-85.3172222222,36.3958333333
TN28,Tennessee Department of Transportation Dsgn Div.,1,Operational,TNDOT,GPS+GLO,Hourly,https://geodesy.noaa.gov/CORS/ncn_station_pages/index.html?stationID=TN28,https://geodesy.noaa.gov/DataAvailability/DAP.jsp?SiteID=TN28&NOD=20,https://geodesy.noaa.gov/cgi-cors/CorsSidebarSelect.prl?site=TN28&option=Logfile,12/12/2009,-85.7452777778,35.7013888889
TN29,Tennessee Department of Transportation Dsgn Div.,1,Operational,TNDOT,GPS+GLO,Hourly,https://geodesy.noaa.gov/CORS/ncn_station_pages/index.html?stationID=TN29,https://geodesy.noaa.gov/DataAvailability/DAP.jsp?SiteID=TN29&NOD=20,https://geodesy.noaa.gov/cgi-cors/CorsSidebarSelect.prl?site=TN29&option=Logfile,10/7/2010,-84.5683333333,35.2461111111
TN30,Tennessee Department of Transportation Dsgn Div.,1,Operational,TNDOT,GPS+GLO,Hourly,https://geodesy.noaa.gov/CORS/ncn_station_pages/index.html?stationID=TN30,https://geodesy.noaa.gov/DataAvailability/DAP.jsp?SiteID=TN30&NOD=20,https://geodesy.noaa.gov/cgi-cors/CorsSidebarSelect.prl?site=TN30&option=Logfile,8/17/2010,-87.5738888889,35.5513888889
TN31,Tennessee Department of Transportation Dsgn Div.,1,Operational,TNDOT,GPS+GLO,Hourly,https://geodesy.noaa.gov/CORS/ncn_station_pages/index.html?stationID=TN31,https://geodesy.noaa.gov/DataAvailability/DAP.jsp?SiteID=TN31&NOD=20,https://geodesy.noaa.gov/cgi-cors/CorsSidebarSelect.prl?site=TN31&option=Logfile,1/8/2008,-86.8705555556,36.1702777778
TN32,Tennessee Department of Transportation Dsgn Div.,1,Operational,TNDOT,GPS+GLO,Hourly,https://geodesy.noaa.gov/CORS/ncn_station_pages/index.html?stationID=TN32,https://geodesy.noaa.gov/DataAvailability/DAP.jsp?SiteID=TN32&NOD=20,https://geodesy.noaa.gov/cgi-cors/CorsSidebarSelect.prl?site=TN32&option=Logfile,1/8/2008,-86.4052777778,36.3966666667
TN33,Tennessee Department of Transportation Dsgn Div.,1,Operational,TNDOT,GPS+GLO,Hourly,https://geodesy.noaa.gov/CORS/ncn_station_pages/index.html?stationID=TN33,https://geodesy.noaa.gov/DataAvailability/DAP.jsp?SiteID=TN33&NOD=20,https://geodesy.noaa.gov/cgi-cors/CorsSidebarSelect.prl?site=TN33&option=Logfile,1/8/2008,-87.3194444444,36.5586111111
TN34,Tennessee Department of Transportation Dsgn Div.,1,Operational,TNDOT,GPS+GLO,Hourly,https://geodesy.noaa.gov/CORS/ncn_station_pages/index.html?stationID=TN34,https://geodesy.noaa.gov/DataAvailability/DAP.jsp?SiteID=TN34&NOD=20,https://geodesy.noaa.gov/cgi-cors/CorsSidebarSelect.prl?site=TN34&option=Logfile,1/8/2008,-86.7119444444,35.4261111111
TN35,Tennessee Department of Transportation Dsgn Div.,1,Operational,TNDOT,GPS+GLO,Hourly,https://geodesy.noaa.gov/CORS/ncn_station_pages/index.html?stationID=TN35,https://geodesy.noaa.gov/DataAvailability/DAP.jsp?SiteID=TN35&NOD=20,https://geodesy.noaa.gov/cgi-cors/CorsSidebarSelect.prl?site=TN35&option=Logfile,1/9/2008,-87.6225,36.1038888889
TN36,Tennessee Department of Transportation Dsgn Div.,1,Operational,TNDOT,GPS+GLO,Hourly,https://geodesy.noaa.gov/CORS/ncn_station_pages/index.html?stationID=TN36,https://geodesy.noaa.gov/DataAvailability/DAP.jsp?SiteID=TN36&NOD=20,https://geodesy.noaa.gov/cgi-cors/CorsSidebarSelect.prl?site=TN36&option=Logfile,1/8/2008,-87.3258333333,35.2555555556
TN37,Tennessee Department of Transportation Dsgn Div.,1,Operational,TNDOT,GPS+GLO,Hourly,https://geodesy.noaa.gov/CORS/ncn_station_pages/index.html?stationID=TN37,https://geodesy.noaa.gov/DataAvailability/DAP.jsp?SiteID=TN37&NOD=20,https://geodesy.noaa.gov/cgi-cors/CorsSidebarSelect.prl?site=TN37&option=Logfile,1/8/2008,-87.0936111111,35.6036111111
TN38,Tennessee Department of Transportation Dsgn Div.,1,Non-Operational,TNDOT,GPS+GLO,Hourly,https://geodesy.noaa.gov/CORS/ncn_station_pages/index.html?stationID=TN38,https://geodesy.noaa.gov/DataAvailability/DAP.jsp?SiteID=TN38&NOD=20,https://geodesy.noaa.gov/cgi-cors/CorsSidebarSelect.prl?site=TN38&option=Logfile,11/7/2008,-86.4436111111,35.8961111111
TN39,Tennessee Department of Transportation Dsgn Div.,1,Operational,TNDOT,GPS+GLO,Hourly,https://geodesy.noaa.gov/CORS/ncn_station_pages/index.html?stationID=TN39,https://geodesy.noaa.gov/DataAvailability/DAP.jsp?SiteID=TN39&NOD=20,https://geodesy.noaa.gov/cgi-cors/CorsSidebarSelect.prl?site=TN39&option=Logfile,9/29/2010,-87.0072222222,35.1913888889
TN40,Tennessee Department of Transportation Dsgn Div.,1,Operational,TNDOT,GPS+GLO,Hourly,https://geodesy.noaa.gov/CORS/ncn_station_pages/index.html?stationID=TN40,https://geodesy.noaa.gov/DataAvailability/DAP.jsp?SiteID=TN40&NOD=20,https://geodesy.noaa.gov/cgi-cors/CorsSidebarSelect.prl?site=TN40&option=Logfile,3/9/2010,-88.4011111111,35.6472222222
TN41,Tennessee Department of Transportation Dsgn Div.,1,Operational,TNDOT,GPS+GLO,Hourly,https://geodesy.noaa.gov/CORS/ncn_station_pages/index.html?stationID=TN41,https://geodesy.noaa.gov/DataAvailability/DAP.jsp?SiteID=TN41&NOD=20,https://geodesy.noaa.gov/cgi-cors/CorsSidebarSelect.prl?site=TN41&option=Logfile,1/8/2008,-88.5125,36.1261111111
TN42,Tennessee Department of Transportation Dsgn Div.,1,Operational,TNDOT,GPS+GLO,Hourly,https://geodesy.noaa.gov/CORS/ncn_station_pages/index.html?stationID=TN42,https://geodesy.noaa.gov/DataAvailability/DAP.jsp?SiteID=TN42&NOD=20,https://geodesy.noaa.gov/cgi-cors/CorsSidebarSelect.prl?site=TN42&option=Logfile,1/8/2008,-89.2480555556,36.1366666667
TN43,Tennessee Department of Transportation Dsgn Div.,1,Operational,TNDOT,GPS+GLO,Hourly,https://geodesy.noaa.gov/CORS/ncn_station_pages/index.html?stationID=TN43,https://geodesy.noaa.gov/DataAvailability/DAP.jsp?SiteID=TN43&NOD=20,https://geodesy.noaa.gov/cgi-cors/CorsSidebarSelect.prl?site=TN43&option=Logfile,1/8/2008,-88.6038888889,35.2283333333
TN44,Tennessee Department of Transportation Dsgn Div.,1,Operational,TNDOT,GPS+GLO,Hourly,https://geodesy.noaa.gov/CORS/ncn_station_pages/index.html?stationID=TN44,https://geodesy.noaa.gov/DataAvailability/DAP.jsp?SiteID=TN44&NOD=20,https://geodesy.noaa.gov/cgi-cors/CorsSidebarSelect.prl?site=TN44&option=Logfile,1/8/2008,-88.9188888889,35.6402777778
TN45,Tennessee Department of Transportation Dsgn Div.,1,Operational,TNDOT,GPS+GLO,Hourly,https://geodesy.noaa.gov/CORS/ncn_station_pages/index.html?stationID=TN45,https://geodesy.noaa.gov/DataAvailability/DAP.jsp?SiteID=TN45&NOD=20,https://geodesy.noaa.gov/cgi-cors/CorsSidebarSelect.prl?site=TN45&option=Logfile,1/8/2008,-89.6594444444,35.2991666667
TN46,Tennessee Department of Transportation Dsgn Div.,1,Operational,TNDOT,GPS+GLO,Hourly,https://geodesy.noaa.gov/CORS/ncn_station_pages/index.html?stationID=TN46,https://geodesy.noaa.gov/DataAvailability/DAP.jsp?SiteID=TN46&NOD=20,https://geodesy.noaa.gov/cgi-cors/CorsSidebarSelect.prl?site=TN46&option=Logfile,12/16/2009,-88.3183333333,35.2211111111
TN48,Tennessee Department of Transportation Dsgn Div.,1,Operational,TNDOT,GPS+GLO,Hourly,https://geodesy.noaa.gov/CORS/ncn_station_pages/index.html?stationID=TN48,https://geodesy.noaa.gov/DataAvailability/DAP.jsp?SiteID=TN48&NOD=20,https://geodesy.noaa.gov/cgi-cors/CorsSidebarSelect.prl?site=TN48&option=Logfile,12/17/2009,-88.2963888889,36.2958333333
TN49,Tennessee Department of Transportation Dsgn Div.,1,Non-Operational,TNDOT,GPS+GLO,Hourly,https://geodesy.noaa.gov/CORS/ncn_station_pages/index.html?stationID=TN49,https://geodesy.noaa.gov/DataAvailability/DAP.jsp?SiteID=TN49&NOD=20,https://geodesy.noaa.gov/cgi-cors/CorsSidebarSelect.prl?site=TN49&option=Logfile,12/29/2009,-89.5188888889,35.78
TN4D,Tennessee Department of Transportation Dsgn Div.,1,Operational,TNDOT,GPS+GLO,Hourly,https://geodesy.noaa.gov/CORS/ncn_station_pages/index.html?stationID=TN4D,https://geodesy.noaa.gov/DataAvailability/DAP.jsp?SiteID=TN4D&NOD=20,https://geodesy.noaa.gov/cgi-cors/CorsSidebarSelect.prl?site=TN4D&option=Logfile,9/6/2023,-89.1597222222,35.3197222222
TNCU,UNAVCO-PBO,15,Operational,UNAVPB,GPS+GAL+GLO,Daily,https://geodesy.noaa.gov/CORS/ncn_station_pages/index.html?stationID=TNCU,https://geodesy.noaa.gov/DataAvailability/DAP.jsp?SiteID=TNCU&NOD=20,https://geodesy.noaa.gov/cgi-cors/CorsSidebarSelect.prl?site=TNCU&option=Logfile,1/23/2021,-106.7938888889,28.4502777778
TNPP,UNAVCO-PBO,15,Operational,UNAVPB,GPS+GAL+GLO,Daily,https://geodesy.noaa.gov/CORS/ncn_station_pages/index.html?stationID=TNPP,https://geodesy.noaa.gov/DataAvailability/DAP.jsp?SiteID=TNPP&NOD=20,https://geodesy.noaa.gov/cgi-cors/CorsSidebarSelect.prl?site=TNPP&option=Logfile,5/3/2024,-113.6316358306,31.3355189694
TOL2,"Instituto Nacional de Estadistica, Geografia e Informatica, Mexico",15,Operational,INEGI,GPS+GAL+GLO,Hourly,https://geodesy.noaa.gov/CORS/ncn_station_pages/index.html?stationID=TOL2,https://geodesy.noaa.gov/DataAvailability/DAP.jsp?SiteID=TOL2&NOD=20,https://geodesy.noaa.gov/cgi-cors/CorsSidebarSelect.prl?site=TOL2&option=Logfile,9/22/2005,-99.6433333333,19.2930555556
TONG,Geoscience Australia,30,Operational,GEOAUS,GPS+BDS+GAL+GLO,Daily,https://geodesy.noaa.gov/CORS/ncn_station_pages/index.html?stationID=TONG,https://geodesy.noaa.gov/DataAvailability/DAP.jsp?SiteID=TONG&NOD=20,https://geodesy.noaa.gov/cgi-cors/CorsSidebarSelect.prl?site=TONG&option=Logfile,9/28/2021,-175.1791666667,-21.1444444444
TONO,UNAVCO-PBO,15,Operational,UNAVPB,GPS+GAL+GLO,Daily,https://geodesy.noaa.gov/CORS/ncn_station_pages/index.html?stationID=TONO,https://geodesy.noaa.gov/DataAvailability/DAP.jsp?SiteID=TONO&NOD=20,https://geodesy.noaa.gov/cgi-cors/CorsSidebarSelect.prl?site=TONO&option=Logfile,1/1/2014,-117.1838888889,38.0969444444
TONY,Louisiana State University,15,Operational,LASU,GPS+GAL+GLO,Hourly,https://geodesy.noaa.gov/CORS/ncn_station_pages/index.html?stationID=TONY,https://geodesy.noaa.gov/DataAvailability/DAP.jsp?SiteID=TONY&NOD=20,https://geodesy.noaa.gov/cgi-cors/CorsSidebarSelect.prl?site=TONY&option=Logfile,4/16/2010,-92.045,30.2211111111
TORP,"US Geological Survey, Pasadena/SCIGN",30,Operational,USGSPA,GPS+GAL+GLO,Daily,https://geodesy.noaa.gov/CORS/ncn_station_pages/index.html?stationID=TORP,https://geodesy.noaa.gov/DataAvailability/DAP.jsp?SiteID=TORP&NOD=20,https://geodesy.noaa.gov/cgi-cors/CorsSidebarSelect.prl?site=TORP&option=Logfile,6/10/1998,-118.3305555556,33.7977777778
TOST,UNAVCO-PBO,15,Operational,UNAVPB,GPS+GAL+GLO,Daily,https://geodesy.noaa.gov/CORS/ncn_station_pages/index.html?stationID=TOST,https://geodesy.noaa.gov/DataAvailability/DAP.jsp?SiteID=TOST&NOD=20,https://geodesy.noaa.gov/cgi-cors/CorsSidebarSelect.prl?site=TOST&option=Logfile,3/22/2011,-118.8363888889,34.2477777778
TRAK,Scripps Orbit and Permanent Array Center,1,Operational,SOPAC,GPS+GLO,Daily,https://geodesy.noaa.gov/CORS/ncn_station_pages/index.html?stationID=TRAK,https://geodesy.noaa.gov/DataAvailability/DAP.jsp?SiteID=TRAK&NOD=20,https://geodesy.noaa.gov/cgi-cors/CorsSidebarSelect.prl?site=TRAK&option=Logfile,5/19/2008,-117.8033333333,33.6177777778
TRND,UNAVCO_NON-PBO,15,Operational,UNAVPS,GPS+GAL+GLO,Hourly,https://geodesy.noaa.gov/CORS/ncn_station_pages/index.html?stationID=TRND,https://geodesy.noaa.gov/DataAvailability/DAP.jsp?SiteID=TRND&NOD=20,https://geodesy.noaa.gov/cgi-cors/CorsSidebarSelect.prl?site=TRND&option=Logfile,12/19/2001,-124.1508333333,41.0536111111
TSAQ,Louisiana State University,15,Operational,LASU,GPS+GAL+GLO,Hourly,https://geodesy.noaa.gov/CORS/ncn_station_pages/index.html?stationID=TSAQ,https://geodesy.noaa.gov/DataAvailability/DAP.jsp?SiteID=TSAQ&NOD=20,https://geodesy.noaa.gov/cgi-cors/CorsSidebarSelect.prl?site=TSAQ&option=Logfile,7/10/2019,-97.3916666667,27.8138888889
TSEA,"The Surveyors Exchange, Alaska",15,Non-Operational,SUREX,GPS+GLO,Hourly,https://geodesy.noaa.gov/CORS/ncn_station_pages/index.html?stationID=TSEA,https://geodesy.noaa.gov/DataAvailability/DAP.jsp?SiteID=TSEA&NOD=20,https://geodesy.noaa.gov/cgi-cors/CorsSidebarSelect.prl?site=TSEA&option=Logfile,6/28/1999,-149.8947222222,61.1872222222
TSWY,UNAVCO_NON-PBO,15,Operational,UNAVPS,GPS+GAL+GLO,Daily,https://geodesy.noaa.gov/CORS/ncn_station_pages/index.html?stationID=TSWY,https://geodesy.noaa.gov/DataAvailability/DAP.jsp?SiteID=TSWY&NOD=20,https://geodesy.noaa.gov/cgi-cors/CorsSidebarSelect.prl?site=TSWY&option=Logfile,11/21/2004,-110.5972222222,43.6738888889
TTCD,NGS Stations CORS,1,Operational,NGSSTA,GPS+GAL+GLO,Hourly,https://geodesy.noaa.gov/CORS/ncn_station_pages/index.html?stationID=TTCD,https://geodesy.noaa.gov/DataAvailability/DAP.jsp?SiteID=TTCD&NOD=20,https://geodesy.noaa.gov/cgi-cors/CorsSidebarSelect.prl?site=TTCD&option=Logfile,3/2/2025,-77.3733241056,38.202370825
TTCS,NGS Stations CORS,1,Operational,NGSSTA,GPS+GAL+GLO,Hourly,https://geodesy.noaa.gov/CORS/ncn_station_pages/index.html?stationID=TTCS,https://geodesy.noaa.gov/DataAvailability/DAP.jsp?SiteID=TTCS&NOD=20,https://geodesy.noaa.gov/cgi-cors/CorsSidebarSelect.prl?site=TTCS&option=Logfile,10/3/2024,-77.3733214333,38.2021656083
TTSF,UNAVCO_NON-PBO,15,Operational,UNAVPS,GPS+GAL+GLO,Daily,https://geodesy.noaa.gov/CORS/ncn_station_pages/index.html?stationID=TTSF,https://geodesy.noaa.gov/DataAvailability/DAP.jsp?SiteID=TTSF&NOD=20,https://geodesy.noaa.gov/cgi-cors/CorsSidebarSelect.prl?site=TTSF&option=Logfile,2/10/2021,-61.4652777778,10.2766666667
TTUW,UNAVCO-PBO,15,Operational,UNAVPB,GPS+GAL+GLO,Daily,https://geodesy.noaa.gov/CORS/ncn_station_pages/index.html?stationID=TTUW,https://geodesy.noaa.gov/DataAvailability/DAP.jsp?SiteID=TTUW&NOD=20,https://geodesy.noaa.gov/cgi-cors/CorsSidebarSelect.prl?site=TTUW&option=Logfile,2/10/2021,-61.3988888889,10.6394444444
TUNG,UNAVCO_NON-PBO,15,Non-Operational,UNAVPS,GPS+GAL+GLO,Daily,https://geodesy.noaa.gov/CORS/ncn_station_pages/index.html?stationID=TUNG,https://geodesy.noaa.gov/DataAvailability/DAP.jsp?SiteID=TUNG&NOD=20,https://geodesy.noaa.gov/cgi-cors/CorsSidebarSelect.prl?site=TUNG&option=Logfile,6/18/1999,-118.2575,40.4030555556
TWHL,UNAVCO_NON-PBO,15,Operational,UNAVPS,GPS+GAL+GLO,Hourly,https://geodesy.noaa.gov/CORS/ncn_station_pages/index.html?stationID=TWHL,https://geodesy.noaa.gov/DataAvailability/DAP.jsp?SiteID=TWHL&NOD=20,https://geodesy.noaa.gov/cgi-cors/CorsSidebarSelect.prl?site=TWHL&option=Logfile,12/21/2001,-122.9227777778,47.0158333333
TXAB,Texas Department of Transportation,1,Operational,TXDOT,GPS+GLO,Hourly,https://geodesy.noaa.gov/CORS/ncn_station_pages/index.html?stationID=TXAB,https://geodesy.noaa.gov/DataAvailability/DAP.jsp?SiteID=TXAB&NOD=20,https://geodesy.noaa.gov/cgi-cors/CorsSidebarSelect.prl?site=TXAB&option=Logfile,2/2/2005,-99.7566666667,32.5030555556
TXAC,Texas Department of Transportation,1,Operational,TXDOT,GPS+GLO,Hourly,https://geodesy.noaa.gov/CORS/ncn_station_pages/index.html?stationID=TXAC,https://geodesy.noaa.gov/DataAvailability/DAP.jsp?SiteID=TXAC&NOD=20,https://geodesy.noaa.gov/cgi-cors/CorsSidebarSelect.prl?site=TXAC&option=Logfile,3/5/2011,-94.6713888889,29.7777777778
TXAD,Texas Department of Transportation,1,Operational,TXDOT,GPS+GLO,Hourly,https://geodesy.noaa.gov/CORS/ncn_station_pages/index.html?stationID=TXAD,https://geodesy.noaa.gov/DataAvailability/DAP.jsp?SiteID=TXAD&NOD=20,https://geodesy.noaa.gov/cgi-cors/CorsSidebarSelect.prl?site=TXAD&option=Logfile,9/28/2010,-102.5433333333,32.3077777778
TXAI,Texas Department of Transportation,1,Operational,TXDOT,GPS+GLO,Hourly,https://geodesy.noaa.gov/CORS/ncn_station_pages/index.html?stationID=TXAI,https://geodesy.noaa.gov/DataAvailability/DAP.jsp?SiteID=TXAI&NOD=20,https://geodesy.noaa.gov/cgi-cors/CorsSidebarSelect.prl?site=TXAI&option=Logfile,7/22/2010,-98.0969444444,27.7788888889
TXAM,Texas Department of Transportation,1,Operational,TXDOT,GPS+GLO,Hourly,https://geodesy.noaa.gov/CORS/ncn_station_pages/index.html?stationID=TXAM,https://geodesy.noaa.gov/DataAvailability/DAP.jsp?SiteID=TXAM&NOD=20,https://geodesy.noaa.gov/cgi-cors/CorsSidebarSelect.prl?site=TXAM&option=Logfile,4/16/2003,-101.8783333333,35.1533333333
TXAN,Texas Department of Transportation,1,Operational,TXDOT,GPS+GAL+GLO,Hourly,https://geodesy.noaa.gov/CORS/ncn_station_pages/index.html?stationID=TXAN,https://geodesy.noaa.gov/DataAvailability/DAP.jsp?SiteID=TXAN&NOD=20,https://geodesy.noaa.gov/cgi-cors/CorsSidebarSelect.prl?site=TXAN&option=Logfile,2/10/2003,-98.5763888889,29.4911111111
TXB3,Texas Department of Transportation,1,Operational,TXDOT,GPS+GLO,Hourly,https://geodesy.noaa.gov/CORS/ncn_station_pages/index.html?stationID=TXB3,https://geodesy.noaa.gov/DataAvailability/DAP.jsp?SiteID=TXB3&NOD=20,https://geodesy.noaa.gov/cgi-cors/CorsSidebarSelect.prl?site=TXB3&option=Logfile,3/27/2014,-99.3358333333,31.1494444444
TXBA,Texas Department of Transportation,1,Operational,TXDOT,GPS+GLO,Hourly,https://geodesy.noaa.gov/CORS/ncn_station_pages/index.html?stationID=TXBA,https://geodesy.noaa.gov/DataAvailability/DAP.jsp?SiteID=TXBA&NOD=20,https://geodesy.noaa.gov/cgi-cors/CorsSidebarSelect.prl?site=TXBA&option=Logfile,5/26/2009,-106.4463888889,31.7655555556
TXBC,Texas Department of Transportation,1,Operational,TXDOT,GPS+GLO,Hourly,https://geodesy.noaa.gov/CORS/ncn_station_pages/index.html?stationID=TXBC,https://geodesy.noaa.gov/DataAvailability/DAP.jsp?SiteID=TXBC&NOD=20,https://geodesy.noaa.gov/cgi-cors/CorsSidebarSelect.prl?site=TXBC&option=Logfile,5/27/2009,-95.9722222222,28.9997222222
TXBE,Texas Department of Transportation,1,Operational,TXDOT,GPS+GLO,Hourly,https://geodesy.noaa.gov/CORS/ncn_station_pages/index.html?stationID=TXBE,https://geodesy.noaa.gov/DataAvailability/DAP.jsp?SiteID=TXBE&NOD=20,https://geodesy.noaa.gov/cgi-cors/CorsSidebarSelect.prl?site=TXBE&option=Logfile,7/24/2010,-97.7352777778,28.4236111111
TXBI,Texas Department of Transportation,1,Operational,TXDOT,GPS+GLO,Hourly,https://geodesy.noaa.gov/CORS/ncn_station_pages/index.html?stationID=TXBI,https://geodesy.noaa.gov/DataAvailability/DAP.jsp?SiteID=TXBI&NOD=20,https://geodesy.noaa.gov/cgi-cors/CorsSidebarSelect.prl?site=TXBI&option=Logfile,3/17/2011,-99.9680555556,31.7605555556
TXBK,Texas Department of Transportation,1,Operational,TXDOT,GPS+GLO,Hourly,https://geodesy.noaa.gov/CORS/ncn_station_pages/index.html?stationID=TXBK,https://geodesy.noaa.gov/DataAvailability/DAP.jsp?SiteID=TXBK&NOD=20,https://geodesy.noaa.gov/cgi-cors/CorsSidebarSelect.prl?site=TXBK&option=Logfile,7/24/2010,-100.4080555556,29.3047222222
TXBN,Texas Department of Transportation,1,Operational,TXDOT,GPS+GLO,Hourly,https://geodesy.noaa.gov/CORS/ncn_station_pages/index.html?stationID=TXBN,https://geodesy.noaa.gov/DataAvailability/DAP.jsp?SiteID=TXBN&NOD=20,https://geodesy.noaa.gov/cgi-cors/CorsSidebarSelect.prl?site=TXBN&option=Logfile,5/27/2009,-96.1752777778,33.6066666667
TXBO,Texas Department of Transportation,1,Operational,TXDOT,GPS+GAL+GLO,Hourly,https://geodesy.noaa.gov/CORS/ncn_station_pages/index.html?stationID=TXBO,https://geodesy.noaa.gov/DataAvailability/DAP.jsp?SiteID=TXBO&NOD=20,https://geodesy.noaa.gov/cgi-cors/CorsSidebarSelect.prl?site=TXBO&option=Logfile,10/13/2007,-98.7530555556,29.8208333333
TXBR,Texas Department of Transportation,1,Operational,TXDOT,GPS+GLO,Hourly,https://geodesy.noaa.gov/CORS/ncn_station_pages/index.html?stationID=TXBR,https://geodesy.noaa.gov/DataAvailability/DAP.jsp?SiteID=TXBR&NOD=20,https://geodesy.noaa.gov/cgi-cors/CorsSidebarSelect.prl?site=TXBR&option=Logfile,5/22/2009,-101.3977777778,35.6402777778
TXBS,Texas Department of Transportation,1,Operational,TXDOT,GPS+GLO,Hourly,https://geodesy.noaa.gov/CORS/ncn_station_pages/index.html?stationID=TXBS,https://geodesy.noaa.gov/DataAvailability/DAP.jsp?SiteID=TXBS&NOD=20,https://geodesy.noaa.gov/cgi-cors/CorsSidebarSelect.prl?site=TXBS&option=Logfile,5/10/2004,-97.2905555556,30.1127777778
TXBT,Texas Department of Transportation,1,Operational,TXDOT,GPS+GLO,Hourly,https://geodesy.noaa.gov/CORS/ncn_station_pages/index.html?stationID=TXBT,https://geodesy.noaa.gov/DataAvailability/DAP.jsp?SiteID=TXBT&NOD=20,https://geodesy.noaa.gov/cgi-cors/CorsSidebarSelect.prl?site=TXBT&option=Logfile,9/28/2010,-97.4788888889,31.0325
TXBU,Texas Department of Transportation,1,Operational,TXDOT,GPS+GLO,Hourly,https://geodesy.noaa.gov/CORS/ncn_station_pages/index.html?stationID=TXBU,https://geodesy.noaa.gov/DataAvailability/DAP.jsp?SiteID=TXBU&NOD=20,https://geodesy.noaa.gov/cgi-cors/CorsSidebarSelect.prl?site=TXBU&option=Logfile,5/10/2004,-98.1841666667,30.7502777778
TXBV,Texas Department of Transportation,1,Operational,TXDOT,GPS+GLO,Hourly,https://geodesy.noaa.gov/CORS/ncn_station_pages/index.html?stationID=TXBV,https://geodesy.noaa.gov/DataAvailability/DAP.jsp?SiteID=TXBV&NOD=20,https://geodesy.noaa.gov/cgi-cors/CorsSidebarSelect.prl?site=TXBV&option=Logfile,6/24/2013,-97.5363888889,25.9383333333
TXBX,Texas Department of Transportation,1,Operational,TXDOT,GPS+GLO,Hourly,https://geodesy.noaa.gov/CORS/ncn_station_pages/index.html?stationID=TXBX,https://geodesy.noaa.gov/DataAvailability/DAP.jsp?SiteID=TXBX&NOD=20,https://geodesy.noaa.gov/cgi-cors/CorsSidebarSelect.prl?site=TXBX&option=Logfile,8/19/2013,-96.3963888889,30.7177777778
TXC1,Texas Department of Transportation,1,Operational,TXDOT,GPS+GLO,Hourly,https://geodesy.noaa.gov/CORS/ncn_station_pages/index.html?stationID=TXC1,https://geodesy.noaa.gov/DataAvailability/DAP.jsp?SiteID=TXC1&NOD=20,https://geodesy.noaa.gov/cgi-cors/CorsSidebarSelect.prl?site=TXC1&option=Logfile,10/8/2011,-94.16,31.8136111111
TXC2,Texas Department of Transportation,1,Operational,TXDOT,GPS+GAL+GLO,Hourly,https://geodesy.noaa.gov/CORS/ncn_station_pages/index.html?stationID=TXC2,https://geodesy.noaa.gov/DataAvailability/DAP.jsp?SiteID=TXC2&NOD=20,https://geodesy.noaa.gov/cgi-cors/CorsSidebarSelect.prl?site=TXC2&option=Logfile,8/19/2013,-96.9722222222,30.8763888889
TXC3,Texas Department of Transportation,1,Operational,TXDOT,GPS+GLO,Hourly,https://geodesy.noaa.gov/CORS/ncn_station_pages/index.html?stationID=TXC3,https://geodesy.noaa.gov/DataAvailability/DAP.jsp?SiteID=TXC3&NOD=20,https://geodesy.noaa.gov/cgi-cors/CorsSidebarSelect.prl?site=TXC3&option=Logfile,9/12/2013,-99.4219444444,31.8097222222
TXCC,Texas Department of Transportation,5,Operational,TXDOT,GPS+GLO,Hourly,https://geodesy.noaa.gov/CORS/ncn_station_pages/index.html?stationID=TXCC,https://geodesy.noaa.gov/DataAvailability/DAP.jsp?SiteID=TXCC&NOD=20,https://geodesy.noaa.gov/cgi-cors/CorsSidebarSelect.prl?site=TXCC&option=Logfile,2/11/2003,-97.4416666667,27.7405555556
TXCD,Texas Department of Transportation,1,Operational,TXDOT,GPS+GLO,Hourly,https://geodesy.noaa.gov/CORS/ncn_station_pages/index.html?stationID=TXCD,https://geodesy.noaa.gov/DataAvailability/DAP.jsp?SiteID=TXCD&NOD=20,https://geodesy.noaa.gov/cgi-cors/CorsSidebarSelect.prl?site=TXCD&option=Logfile,7/24/2010,-101.3625,35.1013888889
TXCE,Texas Department of Transportation,1,Operational,TXDOT,GPS+GLO,Hourly,https://geodesy.noaa.gov/CORS/ncn_station_pages/index.html?stationID=TXCE,https://geodesy.noaa.gov/DataAvailability/DAP.jsp?SiteID=TXCE&NOD=20,https://geodesy.noaa.gov/cgi-cors/CorsSidebarSelect.prl?site=TXCE&option=Logfile,9/28/2010,-102.3575,31.4227777778
TXCG,Texas Department of Transportation,1,Operational,TXDOT,GPS+GLO,Hourly,https://geodesy.noaa.gov/CORS/ncn_station_pages/index.html?stationID=TXCG,https://geodesy.noaa.gov/DataAvailability/DAP.jsp?SiteID=TXCG&NOD=20,https://geodesy.noaa.gov/cgi-cors/CorsSidebarSelect.prl?site=TXCG&option=Logfile,5/1/2009,-102.3288888889,35.6880555556
TXCH,Texas Department of Transportation,1,Operational,TXDOT,GPS+GLO,Hourly,https://geodesy.noaa.gov/CORS/ncn_station_pages/index.html?stationID=TXCH,https://geodesy.noaa.gov/DataAvailability/DAP.jsp?SiteID=TXCH&NOD=20,https://geodesy.noaa.gov/cgi-cors/CorsSidebarSelect.prl?site=TXCH&option=Logfile,1/25/2005,-100.2780555556,34.4594444444
TXCI,Texas Department of Transportation,1,Operational,TXDOT,GPS+GLO,Hourly,https://geodesy.noaa.gov/CORS/ncn_station_pages/index.html?stationID=TXCI,https://geodesy.noaa.gov/DataAvailability/DAP.jsp?SiteID=TXCI&NOD=20,https://geodesy.noaa.gov/cgi-cors/CorsSidebarSelect.prl?site=TXCI&option=Logfile,11/1/2011,-100.3780555556,35.9202777778
TXCK,Texas Department of Transportation,1,Operational,TXDOT,GPS+GLO,Hourly,https://geodesy.noaa.gov/CORS/ncn_station_pages/index.html?stationID=TXCK,https://geodesy.noaa.gov/DataAvailability/DAP.jsp?SiteID=TXCK&NOD=20,https://geodesy.noaa.gov/cgi-cors/CorsSidebarSelect.prl?site=TXCK&option=Logfile,8/24/2013,-95.4358333333,31.3225
TXCL,Texas Department of Transportation,1,Operational,TXDOT,GPS+GLO,Hourly,https://geodesy.noaa.gov/CORS/ncn_station_pages/index.html?stationID=TXCL,https://geodesy.noaa.gov/DataAvailability/DAP.jsp?SiteID=TXCL&NOD=20,https://geodesy.noaa.gov/cgi-cors/CorsSidebarSelect.prl?site=TXCL&option=Logfile,4/22/2009,-100.9133333333,34.9511111111
TXCM,Texas Department of Transportation,1,Operational,TXDOT,GPS+GAL+GLO,Hourly,https://geodesy.noaa.gov/CORS/ncn_station_pages/index.html?stationID=TXCM,https://geodesy.noaa.gov/DataAvailability/DAP.jsp?SiteID=TXCM&NOD=20,https://geodesy.noaa.gov/cgi-cors/CorsSidebarSelect.prl?site=TXCM&option=Logfile,6/8/2010,-96.5772222222,29.7027777778
TXCN,Texas Department of Transportation,1,Operational,TXDOT,GPS+GLO,Hourly,https://geodesy.noaa.gov/CORS/ncn_station_pages/index.html?stationID=TXCN,https://geodesy.noaa.gov/DataAvailability/DAP.jsp?SiteID=TXCN&NOD=20,https://geodesy.noaa.gov/cgi-cors/CorsSidebarSelect.prl?site=TXCN&option=Logfile,3/7/2005,-95.4411111111,30.3488888889
TXCR,Texas Department of Transportation,1,Operational,TXDOT,GPS+GLO,Hourly,https://geodesy.noaa.gov/CORS/ncn_station_pages/index.html?stationID=TXCR,https://geodesy.noaa.gov/DataAvailability/DAP.jsp?SiteID=TXCR&NOD=20,https://geodesy.noaa.gov/cgi-cors/CorsSidebarSelect.prl?site=TXCR&option=Logfile,5/27/2009,-95.0716666667,33.6108333333
TXCS,Texas Department of Transportation,1,Operational,TXDOT,GPS+GLO,Hourly,https://geodesy.noaa.gov/CORS/ncn_station_pages/index.html?stationID=TXCS,https://geodesy.noaa.gov/DataAvailability/DAP.jsp?SiteID=TXCS&NOD=20,https://geodesy.noaa.gov/cgi-cors/CorsSidebarSelect.prl?site=TXCS&option=Logfile,7/10/2010,-99.8502777778,28.535
TXCT,Texas Department of Transportation,1,Operational,TXDOT,GPS+GLO,Hourly,https://geodesy.noaa.gov/CORS/ncn_station_pages/index.html?stationID=TXCT,https://geodesy.noaa.gov/DataAvailability/DAP.jsp?SiteID=TXCT&NOD=20,https://geodesy.noaa.gov/cgi-cors/CorsSidebarSelect.prl?site=TXCT&option=Logfile,7/15/2010,-99.2444444444,28.4419444444
TXCU,Texas Department of Transportation,1,Operational,TXDOT,GPS+GLO,Hourly,https://geodesy.noaa.gov/CORS/ncn_station_pages/index.html?stationID=TXCU,https://geodesy.noaa.gov/DataAvailability/DAP.jsp?SiteID=TXCU&NOD=20,https://geodesy.noaa.gov/cgi-cors/CorsSidebarSelect.prl?site=TXCU&option=Logfile,6/6/2009,-97.2761111111,29.1336111111
TXDA,Texas Department of Transportation,1,Operational,TXDOT,GPS+GLO,Hourly,https://geodesy.noaa.gov/CORS/ncn_station_pages/index.html?stationID=TXDA,https://geodesy.noaa.gov/DataAvailability/DAP.jsp?SiteID=TXDA&NOD=20,https://geodesy.noaa.gov/cgi-cors/CorsSidebarSelect.prl?site=TXDA&option=Logfile,10/29/2003,-96.6727777778,32.7997222222
TXDC,Texas Department of Transportation,1,Operational,TXDOT,GPS+GLO,Hourly,https://geodesy.noaa.gov/CORS/ncn_station_pages/index.html?stationID=TXDC,https://geodesy.noaa.gov/DataAvailability/DAP.jsp?SiteID=TXDC&NOD=20,https://geodesy.noaa.gov/cgi-cors/CorsSidebarSelect.prl?site=TXDC&option=Logfile,9/23/2005,-97.6086111111,33.2361111111
TXDE,Texas Department of Transportation,1,Operational,TXDOT,GPS+GLO,Hourly,https://geodesy.noaa.gov/CORS/ncn_station_pages/index.html?stationID=TXDE,https://geodesy.noaa.gov/DataAvailability/DAP.jsp?SiteID=TXDE&NOD=20,https://geodesy.noaa.gov/cgi-cors/CorsSidebarSelect.prl?site=TXDE&option=Logfile,10/29/2003,-97.1627777778,33.2102777778
TXDL,Texas Department of Transportation,1,Operational,TXDOT,GPS+GLO,Hourly,https://geodesy.noaa.gov/CORS/ncn_station_pages/index.html?stationID=TXDL,https://geodesy.noaa.gov/DataAvailability/DAP.jsp?SiteID=TXDL&NOD=20,https://geodesy.noaa.gov/cgi-cors/CorsSidebarSelect.prl?site=TXDL&option=Logfile,3/2/2010,-102.5386111111,36.0777777778
TXDR,Texas Department of Transportation,1,Operational,TXDOT,GPS+GLO,Hourly,https://geodesy.noaa.gov/CORS/ncn_station_pages/index.html?stationID=TXDR,https://geodesy.noaa.gov/DataAvailability/DAP.jsp?SiteID=TXDR&NOD=20,https://geodesy.noaa.gov/cgi-cors/CorsSidebarSelect.prl?site=TXDR&option=Logfile,7/16/2004,-100.8994444444,29.3641666667
TXEA,Texas Department of Transportation,1,Operational,TXDOT,GPS+GLO,Hourly,https://geodesy.noaa.gov/CORS/ncn_station_pages/index.html?stationID=TXEA,https://geodesy.noaa.gov/DataAvailability/DAP.jsp?SiteID=TXEA&NOD=20,https://geodesy.noaa.gov/cgi-cors/CorsSidebarSelect.prl?site=TXEA&option=Logfile,9/12/2013,-98.8088888889,32.4025
TXED,Texas Department of Transportation,1,Operational,TXDOT,GPS+GAL+GLO,Hourly,https://geodesy.noaa.gov/CORS/ncn_station_pages/index.html?stationID=TXED,https://geodesy.noaa.gov/DataAvailability/DAP.jsp?SiteID=TXED&NOD=20,https://geodesy.noaa.gov/cgi-cors/CorsSidebarSelect.prl?site=TXED&option=Logfile,6/3/2009,-96.6338888889,28.9680555556
TXEL,Texas Department of Transportation,1,Operational,TXDOT,GPS+GLO,Hourly,https://geodesy.noaa.gov/CORS/ncn_station_pages/index.html?stationID=TXEL,https://geodesy.noaa.gov/DataAvailability/DAP.jsp?SiteID=TXEL&NOD=20,https://geodesy.noaa.gov/cgi-cors/CorsSidebarSelect.prl?site=TXEL&option=Logfile,4/16/2003,-106.2713888889,31.6913888889
TXEN,Texas Department of Transportation,1,Operational,TXDOT,GPS+GLO,Hourly,https://geodesy.noaa.gov/CORS/ncn_station_pages/index.html?stationID=TXEN,https://geodesy.noaa.gov/DataAvailability/DAP.jsp?SiteID=TXEN&NOD=20,https://geodesy.noaa.gov/cgi-cors/CorsSidebarSelect.prl?site=TXEN&option=Logfile,3/10/2011,-99.8597222222,31.2172222222
TXEP,Texas Department of Transportation,1,Operational,TXDOT,GPS+GLO,Hourly,https://geodesy.noaa.gov/CORS/ncn_station_pages/index.html?stationID=TXEP,https://geodesy.noaa.gov/DataAvailability/DAP.jsp?SiteID=TXEP&NOD=20,https://geodesy.noaa.gov/cgi-cors/CorsSidebarSelect.prl?site=TXEP&option=Logfile,7/17/2010,-100.4772222222,28.7080555556
TXES,Texas Department of Transportation,1,Operational,TXDOT,GPS+GLO,Hourly,https://geodesy.noaa.gov/CORS/ncn_station_pages/index.html?stationID=TXES,https://geodesy.noaa.gov/DataAvailability/DAP.jsp?SiteID=TXES&NOD=20,https://geodesy.noaa.gov/cgi-cors/CorsSidebarSelect.prl?site=TXES&option=Logfile,10/29/2003,-96.8625,32.3694444444
TXFE,Texas Department of Transportation,1,Operational,TXDOT,GPS+GLO,Hourly,https://geodesy.noaa.gov/CORS/ncn_station_pages/index.html?stationID=TXFE,https://geodesy.noaa.gov/DataAvailability/DAP.jsp?SiteID=TXFE&NOD=20,https://geodesy.noaa.gov/cgi-cors/CorsSidebarSelect.prl?site=TXFE&option=Logfile,7/20/2010,-98.6172222222,27.8466666667
TXFR,Texas Department of Transportation,1,Operational,TXDOT,GPS+GAL+GLO,Hourly,https://geodesy.noaa.gov/CORS/ncn_station_pages/index.html?stationID=TXFR,https://geodesy.noaa.gov/DataAvailability/DAP.jsp?SiteID=TXFR&NOD=20,https://geodesy.noaa.gov/cgi-cors/CorsSidebarSelect.prl?site=TXFR&option=Logfile,5/12/2005,-98.8466666667,30.2458333333
TXFS,Texas Department of Transportation,1,Suspended,TXDOT,GPS+GLO,Hourly,https://geodesy.noaa.gov/CORS/ncn_station_pages/index.html?stationID=TXFS,https://geodesy.noaa.gov/DataAvailability/DAP.jsp?SiteID=TXFS&NOD=20,https://geodesy.noaa.gov/cgi-cors/CorsSidebarSelect.prl?site=TXFS&option=Logfile,9/28/2010,-102.8663888889,30.8938888889
TXGA,Texas Department of Transportation,1,Operational,TXDOT,GPS+GLO,Hourly,https://geodesy.noaa.gov/CORS/ncn_station_pages/index.html?stationID=TXGA,https://geodesy.noaa.gov/DataAvailability/DAP.jsp?SiteID=TXGA&NOD=20,https://geodesy.noaa.gov/cgi-cors/CorsSidebarSelect.prl?site=TXGA&option=Logfile,3/7/2005,-94.7725,29.3277777778
TXGE,Texas Department of Transportation,1,Operational,TXDOT,GPS+GLO,Hourly,https://geodesy.noaa.gov/CORS/ncn_station_pages/index.html?stationID=TXGE,https://geodesy.noaa.gov/DataAvailability/DAP.jsp?SiteID=TXGE&NOD=20,https://geodesy.noaa.gov/cgi-cors/CorsSidebarSelect.prl?site=TXGE&option=Logfile,3/8/2011,-96.0552777778,33.1319444444
TXGL,Texas Department of Transportation,1,Operational,TXDOT,GPS+GLO,Hourly,https://geodesy.noaa.gov/CORS/ncn_station_pages/index.html?stationID=TXGL,https://geodesy.noaa.gov/DataAvailability/DAP.jsp?SiteID=TXGL&NOD=20,https://geodesy.noaa.gov/cgi-cors/CorsSidebarSelect.prl?site=TXGL&option=Logfile,9/12/2013,-98.5677777778,31.4719444444
TXGU,Texas Department of Transportation,1,Operational,TXDOT,GPS+GLO,Hourly,https://geodesy.noaa.gov/CORS/ncn_station_pages/index.html?stationID=TXGU,https://geodesy.noaa.gov/DataAvailability/DAP.jsp?SiteID=TXGU&NOD=20,https://geodesy.noaa.gov/cgi-cors/CorsSidebarSelect.prl?site=TXGU&option=Logfile,3/10/2011,-101.4055555556,36.2697222222
TXGZ,Texas Department of Transportation,1,Operational,TXDOT,GPS+GLO,Hourly,https://geodesy.noaa.gov/CORS/ncn_station_pages/index.html?stationID=TXGZ,https://geodesy.noaa.gov/DataAvailability/DAP.jsp?SiteID=TXGZ&NOD=20,https://geodesy.noaa.gov/cgi-cors/CorsSidebarSelect.prl?site=TXGZ&option=Logfile,6/3/2009,-97.4391666667,29.5230555556
TXHA,Texas Department of Transportation,1,Operational,TXDOT,GPS+GAL+GLO,Hourly,https://geodesy.noaa.gov/CORS/ncn_station_pages/index.html?stationID=TXHA,https://geodesy.noaa.gov/DataAvailability/DAP.jsp?SiteID=TXHA&NOD=20,https://geodesy.noaa.gov/cgi-cors/CorsSidebarSelect.prl?site=TXHA&option=Logfile,6/3/2009,-96.9216666667,29.4508333333
TXHE,Texas Department of Transportation,1,Operational,TXDOT,GPS+GLO,Hourly,https://geodesy.noaa.gov/CORS/ncn_station_pages/index.html?stationID=TXHE,https://geodesy.noaa.gov/DataAvailability/DAP.jsp?SiteID=TXHE&NOD=20,https://geodesy.noaa.gov/cgi-cors/CorsSidebarSelect.prl?site=TXHE&option=Logfile,3/7/2005,-96.0633333333,30.0988888889
TXHI,Texas Department of Transportation,1,Operational,TXDOT,GPS+GLO,Hourly,https://geodesy.noaa.gov/CORS/ncn_station_pages/index.html?stationID=TXHI,https://geodesy.noaa.gov/DataAvailability/DAP.jsp?SiteID=TXHI&NOD=20,https://geodesy.noaa.gov/cgi-cors/CorsSidebarSelect.prl?site=TXHI&option=Logfile,9/29/2010,-97.1297222222,31.9891666667
TXHM,Texas Department of Transportation,1,Operational,TXDOT,GPS+GLO,Hourly,https://geodesy.noaa.gov/CORS/ncn_station_pages/index.html?stationID=TXHM,https://geodesy.noaa.gov/DataAvailability/DAP.jsp?SiteID=TXHM&NOD=20,https://geodesy.noaa.gov/cgi-cors/CorsSidebarSelect.prl?site=TXHM&option=Logfile,9/30/2010,-98.1066666667,31.6994444444
TXHP,Texas Department of Transportation,1,Operational,TXDOT,GPS+GLO,Hourly,https://geodesy.noaa.gov/CORS/ncn_station_pages/index.html?stationID=TXHP,https://geodesy.noaa.gov/DataAvailability/DAP.jsp?SiteID=TXHP&NOD=20,https://geodesy.noaa.gov/cgi-cors/CorsSidebarSelect.prl?site=TXHP&option=Logfile,8/24/2013,-93.8647222222,31.3336111111
TXHR,Texas Department of Transportation,1,Operational,TXDOT,GPS+GLO,Hourly,https://geodesy.noaa.gov/CORS/ncn_station_pages/index.html?stationID=TXHR,https://geodesy.noaa.gov/DataAvailability/DAP.jsp?SiteID=TXHR&NOD=20,https://geodesy.noaa.gov/cgi-cors/CorsSidebarSelect.prl?site=TXHR&option=Logfile,7/28/2010,-102.4063888889,34.8455555556
TXJA,Texas Department of Transportation,1,Operational,TXDOT,GPS+GLO,Hourly,https://geodesy.noaa.gov/CORS/ncn_station_pages/index.html?stationID=TXJA,https://geodesy.noaa.gov/DataAvailability/DAP.jsp?SiteID=TXJA&NOD=20,https://geodesy.noaa.gov/cgi-cors/CorsSidebarSelect.prl?site=TXJA&option=Logfile,9/23/2005,-98.1455555556,33.1947222222
TXJC,Texas Department of Transportation,1,Operational,TXDOT,GPS+GLO,Hourly,https://geodesy.noaa.gov/CORS/ncn_station_pages/index.html?stationID=TXJC,https://geodesy.noaa.gov/DataAvailability/DAP.jsp?SiteID=TXJC&NOD=20,https://geodesy.noaa.gov/cgi-cors/CorsSidebarSelect.prl?site=TXJC&option=Logfile,5/10/2004,-98.3972222222,30.2663888889
TXKC,Texas Department of Transportation,1,Operational,TXDOT,GPS+GLO,Hourly,https://geodesy.noaa.gov/CORS/ncn_station_pages/index.html?stationID=TXKC,https://geodesy.noaa.gov/DataAvailability/DAP.jsp?SiteID=TXKC&NOD=20,https://geodesy.noaa.gov/cgi-cors/CorsSidebarSelect.prl?site=TXKC&option=Logfile,7/28/2010,-97.9041666667,28.8736111111
TXKE,Texas Department of Transportation,1,Operational,TXDOT,GPS+GLO,Hourly,https://geodesy.noaa.gov/CORS/ncn_station_pages/index.html?stationID=TXKE,https://geodesy.noaa.gov/DataAvailability/DAP.jsp?SiteID=TXKE&NOD=20,https://geodesy.noaa.gov/cgi-cors/CorsSidebarSelect.prl?site=TXKE&option=Logfile,9/23/2005,-97.3230555556,32.4094444444
TXKM,Texas Department of Transportation,1,Operational,TXDOT,GPS+GLO,Hourly,https://geodesy.noaa.gov/CORS/ncn_station_pages/index.html?stationID=TXKM,https://geodesy.noaa.gov/DataAvailability/DAP.jsp?SiteID=TXKM&NOD=20,https://geodesy.noaa.gov/cgi-cors/CorsSidebarSelect.prl?site=TXKM&option=Logfile,9/30/2010,-103.1086111111,31.8425
TXKO,Texas Department of Transportation,1,Operational,TXDOT,GPS+GLO,Hourly,https://geodesy.noaa.gov/CORS/ncn_station_pages/index.html?stationID=TXKO,https://geodesy.noaa.gov/DataAvailability/DAP.jsp?SiteID=TXKO&NOD=20,https://geodesy.noaa.gov/cgi-cors/CorsSidebarSelect.prl?site=TXKO&option=Logfile,10/8/2011,-94.3322222222,30.3952777778
TXKR,Texas Department of Transportation,1,Operational,TXDOT,GPS+GLO,Hourly,https://geodesy.noaa.gov/CORS/ncn_station_pages/index.html?stationID=TXKR,https://geodesy.noaa.gov/DataAvailability/DAP.jsp?SiteID=TXKR&NOD=20,https://geodesy.noaa.gov/cgi-cors/CorsSidebarSelect.prl?site=TXKR&option=Logfile,10/13/2007,-99.1213888889,30.0647222222
TXL1,Texas Department of Transportation,1,Operational,TXDOT,GPS+GLO,Hourly,https://geodesy.noaa.gov/CORS/ncn_station_pages/index.html?stationID=TXL1,https://geodesy.noaa.gov/DataAvailability/DAP.jsp?SiteID=TXL1&NOD=20,https://geodesy.noaa.gov/cgi-cors/CorsSidebarSelect.prl?site=TXL1&option=Logfile,9/23/2013,-102.3494444444,33.9383333333
TXLA,Texas Department of Transportation,1,Operational,TXDOT,GPS+GLO,Hourly,https://geodesy.noaa.gov/CORS/ncn_station_pages/index.html?stationID=TXLA,https://geodesy.noaa.gov/DataAvailability/DAP.jsp?SiteID=TXLA&NOD=20,https://geodesy.noaa.gov/cgi-cors/CorsSidebarSelect.prl?site=TXLA&option=Logfile,8/19/2013,-101.9438888889,32.7611111111
TXLE,Texas Department of Transportation,1,Operational,TXDOT,GPS+GLO,Hourly,https://geodesy.noaa.gov/CORS/ncn_station_pages/index.html?stationID=TXLE,https://geodesy.noaa.gov/DataAvailability/DAP.jsp?SiteID=TXLE&NOD=20,https://geodesy.noaa.gov/cgi-cors/CorsSidebarSelect.prl?site=TXLE&option=Logfile,3/12/2011,-99.7611111111,29.7391666667
TXLF,Texas Department of Transportation,1,Operational,TXDOT,GPS+GLO,Hourly,https://geodesy.noaa.gov/CORS/ncn_station_pages/index.html?stationID=TXLF,https://geodesy.noaa.gov/DataAvailability/DAP.jsp?SiteID=TXLF&NOD=20,https://geodesy.noaa.gov/cgi-cors/CorsSidebarSelect.prl?site=TXLF&option=Logfile,3/7/2005,-94.7180555556,31.3561111111
TXLI,Texas Department of Transportation,1,Operational,TXDOT,GPS+GLO,Hourly,https://geodesy.noaa.gov/CORS/ncn_station_pages/index.html?stationID=TXLI,https://geodesy.noaa.gov/DataAvailability/DAP.jsp?SiteID=TXLI&NOD=20,https://geodesy.noaa.gov/cgi-cors/CorsSidebarSelect.prl?site=TXLI&option=Logfile,3/7/2005,-94.7708333333,30.0558333333
TXLL,Texas Department of Transportation,1,Operational,TXDOT,GPS+GAL+GLO,Hourly,https://geodesy.noaa.gov/CORS/ncn_station_pages/index.html?stationID=TXLL,https://geodesy.noaa.gov/DataAvailability/DAP.jsp?SiteID=TXLL&NOD=20,https://geodesy.noaa.gov/cgi-cors/CorsSidebarSelect.prl?site=TXLL&option=Logfile,3/12/2005,-98.6783333333,30.7333333333
TXLM,Texas Department of Transportation,1,Non-Operational,TXDOT,GPS+GLO,Hourly,https://geodesy.noaa.gov/CORS/ncn_station_pages/index.html?stationID=TXLM,https://geodesy.noaa.gov/DataAvailability/DAP.jsp?SiteID=TXLM&NOD=20,https://geodesy.noaa.gov/cgi-cors/CorsSidebarSelect.prl?site=TXLM&option=Logfile,3/7/2005,-95.0236111111,29.3922222222
TXLP,Texas Department of Transportation,1,Operational,TXDOT,GPS+GLO,Hourly,https://geodesy.noaa.gov/CORS/ncn_station_pages/index.html?stationID=TXLP,https://geodesy.noaa.gov/DataAvailability/DAP.jsp?SiteID=TXLP&NOD=20,https://geodesy.noaa.gov/cgi-cors/CorsSidebarSelect.prl?site=TXLP&option=Logfile,7/20/2010,-99.8497222222,28.9419444444
TXLR,Texas Department of Transportation,1,Operational,TXDOT,GPS+GLO,Hourly,https://geodesy.noaa.gov/CORS/ncn_station_pages/index.html?stationID=TXLR,https://geodesy.noaa.gov/DataAvailability/DAP.jsp?SiteID=TXLR&NOD=20,https://geodesy.noaa.gov/cgi-cors/CorsSidebarSelect.prl?site=TXLR&option=Logfile,2/10/2003,-99.4477777778,27.5136111111
TXLU,Texas Department of Transportation,1,Operational,TXDOT,GPS+GLO,Hourly,https://geodesy.noaa.gov/CORS/ncn_station_pages/index.html?stationID=TXLU,https://geodesy.noaa.gov/DataAvailability/DAP.jsp?SiteID=TXLU&NOD=20,https://geodesy.noaa.gov/cgi-cors/CorsSidebarSelect.prl?site=TXLU&option=Logfile,4/16/2003,-101.8427777778,33.5352777778
TXLV,Texas Department of Transportation,1,Operational,TXDOT,GPS+GLO,Hourly,https://geodesy.noaa.gov/CORS/ncn_station_pages/index.html?stationID=TXLV,https://geodesy.noaa.gov/DataAvailability/DAP.jsp?SiteID=TXLV&NOD=20,https://geodesy.noaa.gov/cgi-cors/CorsSidebarSelect.prl?site=TXLV&option=Logfile,10/11/2011,-94.9216666667,30.745
TXM1,Texas Department of Transportation,1,Operational,TXDOT,GPS+GLO,Hourly,https://geodesy.noaa.gov/CORS/ncn_station_pages/index.html?stationID=TXM1,https://geodesy.noaa.gov/DataAvailability/DAP.jsp?SiteID=TXM1&NOD=20,https://geodesy.noaa.gov/cgi-cors/CorsSidebarSelect.prl?site=TXM1&option=Logfile,9/9/2014,-102.7594444444,33.7377777778
TXMA,Texas Department of Transportation,1,Operational,TXDOT,GPS+GLO,Hourly,https://geodesy.noaa.gov/CORS/ncn_station_pages/index.html?stationID=TXMA,https://geodesy.noaa.gov/DataAvailability/DAP.jsp?SiteID=TXMA&NOD=20,https://geodesy.noaa.gov/cgi-cors/CorsSidebarSelect.prl?site=TXMA&option=Logfile,3/12/2005,-94.2886111111,32.5352777778
TXMC,Texas Department of Transportation,1,Operational,TXDOT,GPS+GLO,Hourly,https://geodesy.noaa.gov/CORS/ncn_station_pages/index.html?stationID=TXMC,https://geodesy.noaa.gov/DataAvailability/DAP.jsp?SiteID=TXMC&NOD=20,https://geodesy.noaa.gov/cgi-cors/CorsSidebarSelect.prl?site=TXMC&option=Logfile,10/6/2010,-102.2322222222,31.1319444444
TXME,Texas Department of Transportation,1,Operational,TXDOT,GPS+GLO,Hourly,https://geodesy.noaa.gov/CORS/ncn_station_pages/index.html?stationID=TXME,https://geodesy.noaa.gov/DataAvailability/DAP.jsp?SiteID=TXME&NOD=20,https://geodesy.noaa.gov/cgi-cors/CorsSidebarSelect.prl?site=TXME&option=Logfile,4/22/2009,-100.5291666667,34.7238888889
TXMH,Texas Department of Transportation,1,Operational,TXDOT,GPS+GLO,Hourly,https://geodesy.noaa.gov/CORS/ncn_station_pages/index.html?stationID=TXMH,https://geodesy.noaa.gov/DataAvailability/DAP.jsp?SiteID=TXMH&NOD=20,https://geodesy.noaa.gov/cgi-cors/CorsSidebarSelect.prl?site=TXMH&option=Logfile,11/18/2010,-102.8938888889,31.5575
TXMN,Texas Department of Transportation,1,Operational,TXDOT,GPS+GLO,Hourly,https://geodesy.noaa.gov/CORS/ncn_station_pages/index.html?stationID=TXMN,https://geodesy.noaa.gov/DataAvailability/DAP.jsp?SiteID=TXMN&NOD=20,https://geodesy.noaa.gov/cgi-cors/CorsSidebarSelect.prl?site=TXMN&option=Logfile,10/6/2010,-97.6616666667,31.91
TXMT,Texas Department of Transportation,1,Non-Operational,TXDOT,GPS+GLO,Hourly,https://geodesy.noaa.gov/CORS/ncn_station_pages/index.html?stationID=TXMT,https://geodesy.noaa.gov/DataAvailability/DAP.jsp?SiteID=TXMT&NOD=20,https://geodesy.noaa.gov/cgi-cors/CorsSidebarSelect.prl?site=TXMT&option=Logfile,8/19/2013,-100.8325,34.0116666667
TXMV,Texas Department of Transportation,1,Operational,TXDOT,GPS+GLO,Hourly,https://geodesy.noaa.gov/CORS/ncn_station_pages/index.html?stationID=TXMV,https://geodesy.noaa.gov/DataAvailability/DAP.jsp?SiteID=TXMV&NOD=20,https://geodesy.noaa.gov/cgi-cors/CorsSidebarSelect.prl?site=TXMV&option=Logfile,11/8/2013,-95.2208333333,33.1616666667
TXMW,Texas Department of Transportation,1,Operational,TXDOT,GPS+GLO,Hourly,https://geodesy.noaa.gov/CORS/ncn_station_pages/index.html?stationID=TXMW,https://geodesy.noaa.gov/DataAvailability/DAP.jsp?SiteID=TXMW&NOD=20,https://geodesy.noaa.gov/cgi-cors/CorsSidebarSelect.prl?site=TXMW&option=Logfile,9/23/2005,-98.1427777778,32.8041666667
TXMX,Texas Department of Transportation,1,Operational,TXDOT,GPS+GLO,Hourly,https://geodesy.noaa.gov/CORS/ncn_station_pages/index.html?stationID=TXMX,https://geodesy.noaa.gov/DataAvailability/DAP.jsp?SiteID=TXMX&NOD=20,https://geodesy.noaa.gov/cgi-cors/CorsSidebarSelect.prl?site=TXMX&option=Logfile,8/24/2013,-96.5241666667,31.595
TXNA,Texas Department of Transportation,1,Operational,TXDOT,GPS+GLO,Hourly,https://geodesy.noaa.gov/CORS/ncn_station_pages/index.html?stationID=TXNA,https://geodesy.noaa.gov/DataAvailability/DAP.jsp?SiteID=TXNA&NOD=20,https://geodesy.noaa.gov/cgi-cors/CorsSidebarSelect.prl?site=TXNA&option=Logfile,10/29/2003,-96.5386111111,32.0416666667
TXNC,Texas Department of Transportation,1,Operational,TXDOT,GPS+GLO,Hourly,https://geodesy.noaa.gov/CORS/ncn_station_pages/index.html?stationID=TXNC,https://geodesy.noaa.gov/DataAvailability/DAP.jsp?SiteID=TXNC&NOD=20,https://geodesy.noaa.gov/cgi-cors/CorsSidebarSelect.prl?site=TXNC&option=Logfile,10/11/2011,-94.6688888889,31.6677777778
TXNJ,Louisiana State University,15,Suspended,LASU,GPS+GAL+GLO,Hourly,https://geodesy.noaa.gov/CORS/ncn_station_pages/index.html?stationID=TXNJ,https://geodesy.noaa.gov/DataAvailability/DAP.jsp?SiteID=TXNJ&NOD=20,https://geodesy.noaa.gov/cgi-cors/CorsSidebarSelect.prl?site=TXNJ&option=Logfile,7/31/2023,-94.7244444444,29.3572222222
TXNO,Texas Department of Transportation,1,Operational,TXDOT,GPS+GLO,Hourly,https://geodesy.noaa.gov/CORS/ncn_station_pages/index.html?stationID=TXNO,https://geodesy.noaa.gov/DataAvailability/DAP.jsp?SiteID=TXNO&NOD=20,https://geodesy.noaa.gov/cgi-cors/CorsSidebarSelect.prl?site=TXNO&option=Logfile,5/2/2009,-97.7258333333,33.7755555556
TXOE,Texas Department of Transportation,1,Operational,TXDOT,GPS+GLO,Hourly,https://geodesy.noaa.gov/CORS/ncn_station_pages/index.html?stationID=TXOE,https://geodesy.noaa.gov/DataAvailability/DAP.jsp?SiteID=TXOE&NOD=20,https://geodesy.noaa.gov/cgi-cors/CorsSidebarSelect.prl?site=TXOE&option=Logfile,4/17/2009,-102.3138888889,31.8733333333
TXOL,Texas Department of Transportation,1,Operational,TXDOT,GPS+GLO,Hourly,https://geodesy.noaa.gov/CORS/ncn_station_pages/index.html?stationID=TXOL,https://geodesy.noaa.gov/DataAvailability/DAP.jsp?SiteID=TXOL&NOD=20,https://geodesy.noaa.gov/cgi-cors/CorsSidebarSelect.prl?site=TXOL&option=Logfile,5/6/2009,-98.7494444444,33.3558333333
TXOR,Texas Department of Transportation,1,Operational,TXDOT,GPS+GLO,Hourly,https://geodesy.noaa.gov/CORS/ncn_station_pages/index.html?stationID=TXOR,https://geodesy.noaa.gov/DataAvailability/DAP.jsp?SiteID=TXOR&NOD=20,https://geodesy.noaa.gov/cgi-cors/CorsSidebarSelect.prl?site=TXOR&option=Logfile,10/15/2011,-93.8202777778,30.125
TXOZ,Texas Department of Transportation,1,Operational,TXDOT,GPS+GLO,Hourly,https://geodesy.noaa.gov/CORS/ncn_station_pages/index.html?stationID=TXOZ,https://geodesy.noaa.gov/DataAvailability/DAP.jsp?SiteID=TXOZ&NOD=20,https://geodesy.noaa.gov/cgi-cors/CorsSidebarSelect.prl?site=TXOZ&option=Logfile,8/19/2013,-101.1969444444,30.7261111111
TXP1,Texas Department of Transportation,1,Operational,TXDOT,GPS+GLO,Hourly,https://geodesy.noaa.gov/CORS/ncn_station_pages/index.html?stationID=TXP1,https://geodesy.noaa.gov/DataAvailability/DAP.jsp?SiteID=TXP1&NOD=20,https://geodesy.noaa.gov/cgi-cors/CorsSidebarSelect.prl?site=TXP1&option=Logfile,10/26/2013,-101.3797222222,33.1825
TXP2,Texas Department of Transportation,1,Operational,TXDOT,GPS+GLO,Hourly,https://geodesy.noaa.gov/CORS/ncn_station_pages/index.html?stationID=TXP2,https://geodesy.noaa.gov/DataAvailability/DAP.jsp?SiteID=TXP2&NOD=20,https://geodesy.noaa.gov/cgi-cors/CorsSidebarSelect.prl?site=TXP2&option=Logfile,9/9/2014,-102.8180555556,33.1819444444
TXPA,Texas Department of Transportation,1,Operational,TXDOT,GPS+GLO,Hourly,https://geodesy.noaa.gov/CORS/ncn_station_pages/index.html?stationID=TXPA,https://geodesy.noaa.gov/DataAvailability/DAP.jsp?SiteID=TXPA&NOD=20,https://geodesy.noaa.gov/cgi-cors/CorsSidebarSelect.prl?site=TXPA&option=Logfile,3/5/2005,-95.5569444444,33.6741666667
TXPD,Texas Department of Transportation,1,Operational,TXDOT,GPS+GLO,Hourly,https://geodesy.noaa.gov/CORS/ncn_station_pages/index.html?stationID=TXPD,https://geodesy.noaa.gov/DataAvailability/DAP.jsp?SiteID=TXPD&NOD=20,https://geodesy.noaa.gov/cgi-cors/CorsSidebarSelect.prl?site=TXPD&option=Logfile,4/23/2009,-100.2894444444,34.0122222222
TXPE,Texas Department of Transportation,1,Non-Operational,TXDOT,GPS+GLO,Hourly,https://geodesy.noaa.gov/CORS/ncn_station_pages/index.html?stationID=TXPE,https://geodesy.noaa.gov/DataAvailability/DAP.jsp?SiteID=TXPE&NOD=20,https://geodesy.noaa.gov/cgi-cors/CorsSidebarSelect.prl?site=TXPE&option=Logfile,3/12/2005,-104.3572222222,29.5586111111
TXPI,Texas Department of Transportation,1,Non-Operational,TXDOT,GPS+GLO,Hourly,https://geodesy.noaa.gov/CORS/ncn_station_pages/index.html?stationID=TXPI,https://geodesy.noaa.gov/DataAvailability/DAP.jsp?SiteID=TXPI&NOD=20,https://geodesy.noaa.gov/cgi-cors/CorsSidebarSelect.prl?site=TXPI&option=Logfile,10/18/2011,-95.5947222222,31.7244444444
TXPL,Texas Department of Transportation,1,Operational,TXDOT,GPS+GAL+GLO,Hourly,https://geodesy.noaa.gov/CORS/ncn_station_pages/index.html?stationID=TXPL,https://geodesy.noaa.gov/DataAvailability/DAP.jsp?SiteID=TXPL&NOD=20,https://geodesy.noaa.gov/cgi-cors/CorsSidebarSelect.prl?site=TXPL&option=Logfile,10/13/2007,-98.4791666667,28.9819444444
TXPM,Texas Department of Transportation,1,Operational,TXDOT,GPS+GLO,Hourly,https://geodesy.noaa.gov/CORS/ncn_station_pages/index.html?stationID=TXPM,https://geodesy.noaa.gov/DataAvailability/DAP.jsp?SiteID=TXPM&NOD=20,https://geodesy.noaa.gov/cgi-cors/CorsSidebarSelect.prl?site=TXPM&option=Logfile,7/29/2010,-100.9286111111,35.5338888889
TXPO,Texas Department of Transportation,1,Operational,TXDOT,GPS+GAL+GLO,Hourly,https://geodesy.noaa.gov/CORS/ncn_station_pages/index.html?stationID=TXPO,https://geodesy.noaa.gov/DataAvailability/DAP.jsp?SiteID=TXPO&NOD=20,https://geodesy.noaa.gov/cgi-cors/CorsSidebarSelect.prl?site=TXPO&option=Logfile,10/9/2010,-97.0697222222,27.8394444444
TXPR,Texas Department of Transportation,1,Operational,TXDOT,GPS+GLO,Hourly,https://geodesy.noaa.gov/CORS/ncn_station_pages/index.html?stationID=TXPR,https://geodesy.noaa.gov/DataAvailability/DAP.jsp?SiteID=TXPR&NOD=20,https://geodesy.noaa.gov/cgi-cors/CorsSidebarSelect.prl?site=TXPR&option=Logfile,2/27/2003,-98.1891666667,26.2083333333
TXPS,Texas Department of Transportation,1,Operational,TXDOT,GPS+GLO,Hourly,https://geodesy.noaa.gov/CORS/ncn_station_pages/index.html?stationID=TXPS,https://geodesy.noaa.gov/DataAvailability/DAP.jsp?SiteID=TXPS&NOD=20,https://geodesy.noaa.gov/cgi-cors/CorsSidebarSelect.prl?site=TXPS&option=Logfile,10/13/2007,-99.0819444444,28.8886111111
TXPT,Texas Department of Transportation,1,Operational,TXDOT,GPS+GLO,Hourly,https://geodesy.noaa.gov/CORS/ncn_station_pages/index.html?stationID=TXPT,https://geodesy.noaa.gov/DataAvailability/DAP.jsp?SiteID=TXPT&NOD=20,https://geodesy.noaa.gov/cgi-cors/CorsSidebarSelect.prl?site=TXPT&option=Logfile,4/6/2011,-93.9527777778,29.9472222222
TXPV,Texas Department of Transportation,1,Operational,TXDOT,GPS+GLO,Hourly,https://geodesy.noaa.gov/CORS/ncn_station_pages/index.html?stationID=TXPV,https://geodesy.noaa.gov/DataAvailability/DAP.jsp?SiteID=TXPV&NOD=20,https://geodesy.noaa.gov/cgi-cors/CorsSidebarSelect.prl?site=TXPV&option=Logfile,4/16/2010,-96.6183333333,28.6380555556
TXPY,Texas Department of Transportation,1,Operational,TXDOT,GPS+GLO,Hourly,https://geodesy.noaa.gov/CORS/ncn_station_pages/index.html?stationID=TXPY,https://geodesy.noaa.gov/DataAvailability/DAP.jsp?SiteID=TXPY&NOD=20,https://geodesy.noaa.gov/cgi-cors/CorsSidebarSelect.prl?site=TXPY&option=Logfile,3/8/2011,-100.8152777778,36.3933333333
TXQU,Texas Department of Transportation,1,Operational,TXDOT,GPS+GLO,Hourly,https://geodesy.noaa.gov/CORS/ncn_station_pages/index.html?stationID=TXQU,https://geodesy.noaa.gov/DataAvailability/DAP.jsp?SiteID=TXQU&NOD=20,https://geodesy.noaa.gov/cgi-cors/CorsSidebarSelect.prl?site=TXQU&option=Logfile,4/23/2009,-99.7547222222,34.2991666667
TXRL,Texas Department of Transportation,1,Operational,TXDOT,GPS+GLO,Hourly,https://geodesy.noaa.gov/CORS/ncn_station_pages/index.html?stationID=TXRL,https://geodesy.noaa.gov/DataAvailability/DAP.jsp?SiteID=TXRL&NOD=20,https://geodesy.noaa.gov/cgi-cors/CorsSidebarSelect.prl?site=TXRL&option=Logfile,3/16/2011,-100.4691666667,31.9002777778
TXRM,Texas Department of Transportation,1,Operational,TXDOT,GPS+GLO,Hourly,https://geodesy.noaa.gov/CORS/ncn_station_pages/index.html?stationID=TXRM,https://geodesy.noaa.gov/DataAvailability/DAP.jsp?SiteID=TXRM&NOD=20,https://geodesy.noaa.gov/cgi-cors/CorsSidebarSelect.prl?site=TXRM&option=Logfile,12/1/2014,-99.0847222222,26.5177777778
TXRV,Texas Department of Transportation,1,Operational,TXDOT,GPS+GLO,Hourly,https://geodesy.noaa.gov/CORS/ncn_station_pages/index.html?stationID=TXRV,https://geodesy.noaa.gov/DataAvailability/DAP.jsp?SiteID=TXRV&NOD=20,https://geodesy.noaa.gov/cgi-cors/CorsSidebarSelect.prl?site=TXRV&option=Logfile,8/12/2013,-97.7805555556,26.4941666667
TXS1,Texas Department of Transportation,1,Operational,TXDOT,GPS+GLO,Hourly,https://geodesy.noaa.gov/CORS/ncn_station_pages/index.html?stationID=TXS1,https://geodesy.noaa.gov/DataAvailability/DAP.jsp?SiteID=TXS1&NOD=20,https://geodesy.noaa.gov/cgi-cors/CorsSidebarSelect.prl?site=TXS1&option=Logfile,10/19/2011,-94.1275,31.5258333333
TXS3,Texas Department of Transportation,1,Operational,TXDOT,GPS+GLO,Hourly,https://geodesy.noaa.gov/CORS/ncn_station_pages/index.html?stationID=TXS3,https://geodesy.noaa.gov/DataAvailability/DAP.jsp?SiteID=TXS3&NOD=20,https://geodesy.noaa.gov/cgi-cors/CorsSidebarSelect.prl?site=TXS3&option=Logfile,10/26/2013,-102.6297222222,32.7116666667
TXSA,Texas Department of Transportation,1,Operational,TXDOT,GPS+GLO,Hourly,https://geodesy.noaa.gov/CORS/ncn_station_pages/index.html?stationID=TXSA,https://geodesy.noaa.gov/DataAvailability/DAP.jsp?SiteID=TXSA&NOD=20,https://geodesy.noaa.gov/cgi-cors/CorsSidebarSelect.prl?site=TXSA&option=Logfile,8/1/2003,-100.4727777778,31.4141666667
TXSC,Texas Department of Transportation,1,Non-Operational,TXDOT,GPS+GLO,Hourly,https://geodesy.noaa.gov/CORS/ncn_station_pages/index.html?stationID=TXSC,https://geodesy.noaa.gov/DataAvailability/DAP.jsp?SiteID=TXSC&NOD=20,https://geodesy.noaa.gov/cgi-cors/CorsSidebarSelect.prl?site=TXSC&option=Logfile,3/17/2011,-101.0105555556,31.8413888889
TXSD,Texas Department of Transportation,1,Operational,TXDOT,GPS+GLO,Hourly,https://geodesy.noaa.gov/CORS/ncn_station_pages/index.html?stationID=TXSD,https://geodesy.noaa.gov/DataAvailability/DAP.jsp?SiteID=TXSD&NOD=20,https://geodesy.noaa.gov/cgi-cors/CorsSidebarSelect.prl?site=TXSD&option=Logfile,12/5/2014,-98.4452777778,26.7158333333
TXSE,Texas Department of Transportation,1,Operational,TXDOT,GPS+GLO,Hourly,https://geodesy.noaa.gov/CORS/ncn_station_pages/index.html?stationID=TXSE,https://geodesy.noaa.gov/DataAvailability/DAP.jsp?SiteID=TXSE&NOD=20,https://geodesy.noaa.gov/cgi-cors/CorsSidebarSelect.prl?site=TXSE&option=Logfile,10/13/2007,-97.9975,29.5908333333
TXSF,Texas Department of Transportation,1,Operational,TXDOT,GPS+GLO,Hourly,https://geodesy.noaa.gov/CORS/ncn_station_pages/index.html?stationID=TXSF,https://geodesy.noaa.gov/DataAvailability/DAP.jsp?SiteID=TXSF&NOD=20,https://geodesy.noaa.gov/cgi-cors/CorsSidebarSelect.prl?site=TXSF&option=Logfile,3/10/2011,-102.0616666667,36.3380555556
TXSG,Texas Department of Transportation,1,Operational,TXDOT,GPS+GLO,Hourly,https://geodesy.noaa.gov/CORS/ncn_station_pages/index.html?stationID=TXSG,https://geodesy.noaa.gov/DataAvailability/DAP.jsp?SiteID=TXSG&NOD=20,https://geodesy.noaa.gov/cgi-cors/CorsSidebarSelect.prl?site=TXSG&option=Logfile,9/23/2005,-97.3441666667,32.8555555556
TXSL,Texas Department of Transportation,1,Operational,TXDOT,GPS+GLO,Hourly,https://geodesy.noaa.gov/CORS/ncn_station_pages/index.html?stationID=TXSL,https://geodesy.noaa.gov/DataAvailability/DAP.jsp?SiteID=TXSL&NOD=20,https://geodesy.noaa.gov/cgi-cors/CorsSidebarSelect.prl?site=TXSL&option=Logfile,8/19/2013,-101.3138888889,34.4738888889
TXSM,Texas Department of Transportation,1,Operational,TXDOT,GPS+GLO,Hourly,https://geodesy.noaa.gov/CORS/ncn_station_pages/index.html?stationID=TXSM,https://geodesy.noaa.gov/DataAvailability/DAP.jsp?SiteID=TXSM&NOD=20,https://geodesy.noaa.gov/cgi-cors/CorsSidebarSelect.prl?site=TXSM&option=Logfile,5/10/2004,-97.9025,29.8777777778
TXSN,Texas Department of Transportation,1,Operational,TXDOT,GPS+GLO,Hourly,https://geodesy.noaa.gov/CORS/ncn_station_pages/index.html?stationID=TXSN,https://geodesy.noaa.gov/DataAvailability/DAP.jsp?SiteID=TXSN&NOD=20,https://geodesy.noaa.gov/cgi-cors/CorsSidebarSelect.prl?site=TXSN&option=Logfile,3/12/2005,-102.4094444444,30.1525
TXSO,Texas Department of Transportation,1,Operational,TXDOT,GPS+GLO,Hourly,https://geodesy.noaa.gov/CORS/ncn_station_pages/index.html?stationID=TXSO,https://geodesy.noaa.gov/DataAvailability/DAP.jsp?SiteID=TXSO&NOD=20,https://geodesy.noaa.gov/cgi-cors/CorsSidebarSelect.prl?site=TXSO&option=Logfile,10/16/2010,-101.8075,32.1411111111
TXSR,Texas Department of Transportation,1,Operational,TXDOT,GPS+GLO,Hourly,https://geodesy.noaa.gov/CORS/ncn_station_pages/index.html?stationID=TXSR,https://geodesy.noaa.gov/DataAvailability/DAP.jsp?SiteID=TXSR&NOD=20,https://geodesy.noaa.gov/cgi-cors/CorsSidebarSelect.prl?site=TXSR&option=Logfile,6/5/2010,-96.6069444444,33.5913888889
TXSS,Texas Department of Transportation,1,Operational,TXDOT,GPS+GLO,Hourly,https://geodesy.noaa.gov/CORS/ncn_station_pages/index.html?stationID=TXSS,https://geodesy.noaa.gov/DataAvailability/DAP.jsp?SiteID=TXSS&NOD=20,https://geodesy.noaa.gov/cgi-cors/CorsSidebarSelect.prl?site=TXSS&option=Logfile,9/17/2013,-100.6438888889,30.5811111111
TXST,Texas Department of Transportation,1,Operational,TXDOT,GPS+GLO,Hourly,https://geodesy.noaa.gov/CORS/ncn_station_pages/index.html?stationID=TXST,https://geodesy.noaa.gov/DataAvailability/DAP.jsp?SiteID=TXST&NOD=20,https://geodesy.noaa.gov/cgi-cors/CorsSidebarSelect.prl?site=TXST&option=Logfile,9/23/2005,-98.1819444444,32.2325
TXSY,Texas Department of Transportation,1,Operational,TXDOT,GPS+GLO,Hourly,https://geodesy.noaa.gov/CORS/ncn_station_pages/index.html?stationID=TXSY,https://geodesy.noaa.gov/DataAvailability/DAP.jsp?SiteID=TXSY&NOD=20,https://geodesy.noaa.gov/cgi-cors/CorsSidebarSelect.prl?site=TXSY&option=Logfile,6/14/2009,-99.2583333333,33.6022222222
TXTH,Texas Department of Transportation,1,Operational,TXDOT,GPS+GLO,Hourly,https://geodesy.noaa.gov/CORS/ncn_station_pages/index.html?stationID=TXTH,https://geodesy.noaa.gov/DataAvailability/DAP.jsp?SiteID=TXTH&NOD=20,https://geodesy.noaa.gov/cgi-cors/CorsSidebarSelect.prl?site=TXTH&option=Logfile,5/8/2009,-99.1677777778,33.1788888889
TXTI,Texas Department of Transportation,1,Operational,TXDOT,GPS+GLO,Hourly,https://geodesy.noaa.gov/CORS/ncn_station_pages/index.html?stationID=TXTI,https://geodesy.noaa.gov/DataAvailability/DAP.jsp?SiteID=TXTI&NOD=20,https://geodesy.noaa.gov/cgi-cors/CorsSidebarSelect.prl?site=TXTI&option=Logfile,10/13/2007,-98.5641666667,28.4677777778
TXTR,Texas Department of Transportation,1,Operational,TXDOT,GPS+GLO,Hourly,https://geodesy.noaa.gov/CORS/ncn_station_pages/index.html?stationID=TXTR,https://geodesy.noaa.gov/DataAvailability/DAP.jsp?SiteID=TXTR&NOD=20,https://geodesy.noaa.gov/cgi-cors/CorsSidebarSelect.prl?site=TXTR&option=Logfile,7/22/2010,-99.6838888889,27.735
TXTU,Texas Department of Transportation,1,Operational,TXDOT,GPS+GLO,Hourly,https://geodesy.noaa.gov/CORS/ncn_station_pages/index.html?stationID=TXTU,https://geodesy.noaa.gov/DataAvailability/DAP.jsp?SiteID=TXTU&NOD=20,https://geodesy.noaa.gov/cgi-cors/CorsSidebarSelect.prl?site=TXTU&option=Logfile,7/31/2010,-101.7391666667,34.5336111111
TXTY,Texas Department of Transportation,1,Operational,TXDOT,GPS+GLO,Hourly,https://geodesy.noaa.gov/CORS/ncn_station_pages/index.html?stationID=TXTY,https://geodesy.noaa.gov/DataAvailability/DAP.jsp?SiteID=TXTY&NOD=20,https://geodesy.noaa.gov/cgi-cors/CorsSidebarSelect.prl?site=TXTY&option=Logfile,3/30/2004,-95.3936111111,32.2494444444
TXUV,Texas Department of Transportation,1,Operational,TXDOT,GPS+GLO,Hourly,https://geodesy.noaa.gov/CORS/ncn_station_pages/index.html?stationID=TXUV,https://geodesy.noaa.gov/DataAvailability/DAP.jsp?SiteID=TXUV&NOD=20,https://geodesy.noaa.gov/cgi-cors/CorsSidebarSelect.prl?site=TXUV&option=Logfile,10/13/2007,-99.8269444444,29.2002777778
TXVA,Texas Department of Transportation,1,Operational,TXDOT,GPS+GAL+GLO,Hourly,https://geodesy.noaa.gov/CORS/ncn_station_pages/index.html?stationID=TXVA,https://geodesy.noaa.gov/DataAvailability/DAP.jsp?SiteID=TXVA&NOD=20,https://geodesy.noaa.gov/cgi-cors/CorsSidebarSelect.prl?site=TXVA&option=Logfile,2/2/2005,-96.9094444444,28.8347222222
TXVE,Texas Department of Transportation,1,Operational,TXDOT,GPS+GLO,Hourly,https://geodesy.noaa.gov/CORS/ncn_station_pages/index.html?stationID=TXVE,https://geodesy.noaa.gov/DataAvailability/DAP.jsp?SiteID=TXVE&NOD=20,https://geodesy.noaa.gov/cgi-cors/CorsSidebarSelect.prl?site=TXVE&option=Logfile,4/16/2010,-99.2830555556,34.1327777778
TXWA,Texas Department of Transportation,1,Operational,TXDOT,GPS+GLO,Hourly,https://geodesy.noaa.gov/CORS/ncn_station_pages/index.html?stationID=TXWA,https://geodesy.noaa.gov/DataAvailability/DAP.jsp?SiteID=TXWA&NOD=20,https://geodesy.noaa.gov/cgi-cors/CorsSidebarSelect.prl?site=TXWA&option=Logfile,2/2/2005,-97.1102777778,31.5775
TXWE,Texas Department of Transportation,1,Operational,TXDOT,GPS+GLO,Hourly,https://geodesy.noaa.gov/CORS/ncn_station_pages/index.html?stationID=TXWE,https://geodesy.noaa.gov/DataAvailability/DAP.jsp?SiteID=TXWE&NOD=20,https://geodesy.noaa.gov/cgi-cors/CorsSidebarSelect.prl?site=TXWE&option=Logfile,9/23/2005,-97.8233333333,32.7588888889
TXWF,Texas Department of Transportation,1,Operational,TXDOT,GPS+GLO,Hourly,https://geodesy.noaa.gov/CORS/ncn_station_pages/index.html?stationID=TXWF,https://geodesy.noaa.gov/DataAvailability/DAP.jsp?SiteID=TXWF&NOD=20,https://geodesy.noaa.gov/cgi-cors/CorsSidebarSelect.prl?site=TXWF&option=Logfile,8/5/2003,-98.5052777778,33.8538888889
TXWH,Texas Department of Transportation,1,Operational,TXDOT,GPS+GLO,Hourly,https://geodesy.noaa.gov/CORS/ncn_station_pages/index.html?stationID=TXWH,https://geodesy.noaa.gov/DataAvailability/DAP.jsp?SiteID=TXWH&NOD=20,https://geodesy.noaa.gov/cgi-cors/CorsSidebarSelect.prl?site=TXWH&option=Logfile,6/4/2010,-96.1116666667,29.3244444444
TXWL,Texas Department of Transportation,1,Operational,TXDOT,GPS+GLO,Hourly,https://geodesy.noaa.gov/CORS/ncn_station_pages/index.html?stationID=TXWL,https://geodesy.noaa.gov/DataAvailability/DAP.jsp?SiteID=TXWL&NOD=20,https://geodesy.noaa.gov/cgi-cors/CorsSidebarSelect.prl?site=TXWL&option=Logfile,5/1/2009,-100.2019444444,34.8497222222
TXWT,Texas Department of Transportation,1,Operational,TXDOT,GPS+GLO,Hourly,https://geodesy.noaa.gov/CORS/ncn_station_pages/index.html?stationID=TXWT,https://geodesy.noaa.gov/DataAvailability/DAP.jsp?SiteID=TXWT&NOD=20,https://geodesy.noaa.gov/cgi-cors/CorsSidebarSelect.prl?site=TXWT&option=Logfile,6/15/2009,-106.4425,31.87
TXZA,Texas Department of Transportation,1,Operational,TXDOT,GPS+GLO,Hourly,https://geodesy.noaa.gov/CORS/ncn_station_pages/index.html?stationID=TXZA,https://geodesy.noaa.gov/DataAvailability/DAP.jsp?SiteID=TXZA&NOD=20,https://geodesy.noaa.gov/cgi-cors/CorsSidebarSelect.prl?site=TXZA&option=Logfile,12/5/2014,-99.28,26.9161111111
UMBC,"University of Maryland, Baltimore County",1,Operational,UMDBAL,GPS+GLO,Hourly,https://geodesy.noaa.gov/CORS/ncn_station_pages/index.html?stationID=UMBC,https://geodesy.noaa.gov/DataAvailability/DAP.jsp?SiteID=UMBC&NOD=20,https://geodesy.noaa.gov/cgi-cors/CorsSidebarSelect.prl?site=UMBC&option=Logfile,1/9/2009,-76.7113888889,39.2566666667
UNIV,Michigan Department of Transportation,1,Operational,MIDT,GPS+GLO,Hourly,https://geodesy.noaa.gov/CORS/ncn_station_pages/index.html?stationID=UNIV,https://geodesy.noaa.gov/DataAvailability/DAP.jsp?SiteID=UNIV&NOD=20,https://geodesy.noaa.gov/cgi-cors/CorsSidebarSelect.prl?site=UNIV&option=Logfile,8/31/2001,-84.3858333333,42.2855555556
UNPM,UNAVCO_NON-PBO,15,Operational,UNAVPS,GPS+GAL+GLO,Daily,https://geodesy.noaa.gov/CORS/ncn_station_pages/index.html?stationID=UNPM,https://geodesy.noaa.gov/DataAvailability/DAP.jsp?SiteID=UNPM&NOD=20,https://geodesy.noaa.gov/cgi-cors/CorsSidebarSelect.prl?site=UNPM&option=Logfile,10/16/2012,-86.8680555556,20.8683333333
UOFM,Michigan Department of Transportation,1,Operational,MIDT,GPS+GLO,Hourly,https://geodesy.noaa.gov/CORS/ncn_station_pages/index.html?stationID=UOFM,https://geodesy.noaa.gov/DataAvailability/DAP.jsp?SiteID=UOFM&NOD=20,https://geodesy.noaa.gov/cgi-cors/CorsSidebarSelect.prl?site=UOFM&option=Logfile,4/1/2005,-83.8394444444,42.2955555556
UPSA,UNAVCO_NON-PBO,15,Operational,UNAVPS,GPS+GAL+GLO,Hourly,https://geodesy.noaa.gov/CORS/ncn_station_pages/index.html?stationID=UPSA,https://geodesy.noaa.gov/DataAvailability/DAP.jsp?SiteID=UPSA&NOD=20,https://geodesy.noaa.gov/cgi-cors/CorsSidebarSelect.prl?site=UPSA&option=Logfile,11/9/2000,-118.8022222222,39.6269444444
UPTC,Precision Laser & Instrument,1,Operational,PLI,GPS+GAL+GLO,Hourly,https://geodesy.noaa.gov/CORS/ncn_station_pages/index.html?stationID=UPTC,https://geodesy.noaa.gov/DataAvailability/DAP.jsp?SiteID=UPTC&NOD=20,https://geodesy.noaa.gov/cgi-cors/CorsSidebarSelect.prl?site=UPTC&option=Logfile,10/18/2000,-79.6638888889,41.6286111111
URIL,Environmental Data Center - URI,5,Operational,EDCURI,GPS+GAL+GLO,Hourly,https://geodesy.noaa.gov/CORS/ncn_station_pages/index.html?stationID=URIL,https://geodesy.noaa.gov/DataAvailability/DAP.jsp?SiteID=URIL&NOD=20,https://geodesy.noaa.gov/cgi-cors/CorsSidebarSelect.prl?site=URIL&option=Logfile,3/18/2009,-71.5275,41.4888888889
USGC,UNAVCO-PBO,15,Operational,UNAVPB,GPS+GAL+GLO,Daily,https://geodesy.noaa.gov/CORS/ncn_station_pages/index.html?stationID=USGC,https://geodesy.noaa.gov/DataAvailability/DAP.jsp?SiteID=USGC&NOD=20,https://geodesy.noaa.gov/cgi-cors/CorsSidebarSelect.prl?site=USGC&option=Logfile,3/29/2012,-116.0852777778,33.03
USMX,UNAVCO-PBO,15,Operational,UNAVPB,GPS+GLO,Hourly,https://geodesy.noaa.gov/CORS/ncn_station_pages/index.html?stationID=USMX,https://geodesy.noaa.gov/DataAvailability/DAP.jsp?SiteID=USMX&NOD=20,https://geodesy.noaa.gov/cgi-cors/CorsSidebarSelect.prl?site=USMX&option=Logfile,8/19/2020,-109.6808333333,29.8213888889
USNO,NGS-IGS,30,Suspended,NGSIGS,GPS,Daily,https://geodesy.noaa.gov/CORS/ncn_station_pages/index.html?stationID=USNO,https://geodesy.noaa.gov/DataAvailability/DAP.jsp?SiteID=USNO&NOD=20,https://geodesy.noaa.gov/cgi-cors/CorsSidebarSelect.prl?site=USNO&option=Logfile,6/21/2000,-77.0662259194,38.918962925
UTEP,University of Texas El Paso,15,Non-Operational,UTEP,GPS,Daily,https://geodesy.noaa.gov/CORS/ncn_station_pages/index.html?stationID=UTEP,https://geodesy.noaa.gov/DataAvailability/DAP.jsp?SiteID=UTEP&NOD=20,https://geodesy.noaa.gov/cgi-cors/CorsSidebarSelect.prl?site=UTEP&option=Logfile,5/24/2009,-106.5061111111,31.7727777778
UTMN,SmartNet North America,15,Operational,SMRTNT,GPS+GLO,Hourly,https://geodesy.noaa.gov/CORS/ncn_station_pages/index.html?stationID=UTMN,https://geodesy.noaa.gov/DataAvailability/DAP.jsp?SiteID=UTMN&NOD=20,https://geodesy.noaa.gov/cgi-cors/CorsSidebarSelect.prl?site=UTMN&option=Logfile,5/28/2018,-111.5955555556,40.1441666667
UVF2,NGS Stations CORS,1,Operational,NGSSTA,GPS+GAL+GLO,Hourly,https://geodesy.noaa.gov/CORS/ncn_station_pages/index.html?stationID=UVF2,https://geodesy.noaa.gov/DataAvailability/DAP.jsp?SiteID=UVF2&NOD=20,https://geodesy.noaa.gov/cgi-cors/CorsSidebarSelect.prl?site=UVF2&option=Logfile,2/21/2025,-78.6923029806,37.8778246722
UVFM,NGS Stations CORS,1,Operational,NGSSTA,GPS+BDS+GAL+GLO,Hourly,https://geodesy.noaa.gov/CORS/ncn_station_pages/index.html?stationID=UVFM,https://geodesy.noaa.gov/DataAvailability/DAP.jsp?SiteID=UVFM&NOD=20,https://geodesy.noaa.gov/cgi-cors/CorsSidebarSelect.prl?site=UVFM&option=Logfile,8/16/2001,-78.6936111111,37.8786111111
VABG,Virginia Department of Mines Minerals & Energy,1,Non-Operational,VDMME,GPS+GLO,Hourly,https://geodesy.noaa.gov/CORS/ncn_station_pages/index.html?stationID=VABG,https://geodesy.noaa.gov/DataAvailability/DAP.jsp?SiteID=VABG&NOD=20,https://geodesy.noaa.gov/cgi-cors/CorsSidebarSelect.prl?site=VABG&option=Logfile,5/9/2005,-82.76,36.8555555556
VAGP,NGS Stations CORS,1,Operational,NGSSTA,GPS+GAL+GLO,Hourly,https://geodesy.noaa.gov/CORS/ncn_station_pages/index.html?stationID=VAGP,https://geodesy.noaa.gov/DataAvailability/DAP.jsp?SiteID=VAGP&NOD=20,https://geodesy.noaa.gov/cgi-cors/CorsSidebarSelect.prl?site=VAGP&option=Logfile,10/1/2007,-76.4991666667,37.2486111111
VAWI,Wallops Flight Facility-NASA GSFC,1,Non-Operational,WFF,GPS,Hourly,https://geodesy.noaa.gov/CORS/ncn_station_pages/index.html?stationID=VAWI,https://geodesy.noaa.gov/DataAvailability/DAP.jsp?SiteID=VAWI&NOD=20,https://geodesy.noaa.gov/cgi-cors/CorsSidebarSelect.prl?site=VAWI&option=Logfile,9/12/2006,-75.4708333333,37.9341666667
VCAP,Vermont Agency of Transportation,1,Operational,VTAT,GPS+GAL+GLO,Hourly,https://geodesy.noaa.gov/CORS/ncn_station_pages/index.html?stationID=VCAP,https://geodesy.noaa.gov/DataAvailability/DAP.jsp?SiteID=VCAP&NOD=20,https://geodesy.noaa.gov/cgi-cors/CorsSidebarSelect.prl?site=VCAP&option=Logfile,6/6/1996,-72.5822222222,44.2619444444
VDCY,UNAVCO-PBO,15,Operational,UNAVPB,GPS+GAL+GLO,Daily,https://geodesy.noaa.gov/CORS/ncn_station_pages/index.html?stationID=VDCY,https://geodesy.noaa.gov/DataAvailability/DAP.jsp?SiteID=VDCY&NOD=20,https://geodesy.noaa.gov/cgi-cors/CorsSidebarSelect.prl?site=VDCY&option=Logfile,1/1/2011,-118.22,34.1783333333
VERA,UNAVCO_NON-PBO,15,Operational,UNAVPS,GPS+GAL+GLO,Daily,https://geodesy.noaa.gov/CORS/ncn_station_pages/index.html?stationID=VERA,https://geodesy.noaa.gov/DataAvailability/DAP.jsp?SiteID=VERA&NOD=20,https://geodesy.noaa.gov/cgi-cors/CorsSidebarSelect.prl?site=VERA&option=Logfile,9/22/2012,-84.8688888889,10.8536111111
VIKH,NGS Stations CORS,1,Operational,NGSSTA,GPS+GAL+GLO,Hourly,https://geodesy.noaa.gov/CORS/ncn_station_pages/index.html?stationID=VIKH,https://geodesy.noaa.gov/DataAvailability/DAP.jsp?SiteID=VIKH&NOD=20,https://geodesy.noaa.gov/cgi-cors/CorsSidebarSelect.prl?site=VIKH&option=Logfile,8/23/2006,-64.7980555556,17.7161111111
VITH,NGS Stations CORS,1,Operational,NGSSTA,GPS+GAL+GLO,Hourly,https://geodesy.noaa.gov/CORS/ncn_station_pages/index.html?stationID=VITH,https://geodesy.noaa.gov/DataAvailability/DAP.jsp?SiteID=VITH&NOD=20,https://geodesy.noaa.gov/cgi-cors/CorsSidebarSelect.prl?site=VITH&option=Logfile,8/18/2006,-64.9691666667,18.3430555556
VLCN,UNAVCO_NON-PBO,15,Non-Operational,UNAVPS,GPS,Daily,https://geodesy.noaa.gov/CORS/ncn_station_pages/index.html?stationID=VLCN,https://geodesy.noaa.gov/DataAvailability/DAP.jsp?SiteID=VLCN&NOD=20,https://geodesy.noaa.gov/cgi-cors/CorsSidebarSelect.prl?site=VLCN&option=Logfile,9/22/2012,-82.6386111111,8.785
VNDP,UNAVCO_NON-PBO,15,Operational,UNAVPS,GPS+GAL+GLO,Daily,https://geodesy.noaa.gov/CORS/ncn_station_pages/index.html?stationID=VNDP,https://geodesy.noaa.gov/DataAvailability/DAP.jsp?SiteID=VNDP&NOD=20,https://geodesy.noaa.gov/cgi-cors/CorsSidebarSelect.prl?site=VNDP&option=Logfile,4/23/2008,-120.6163888889,34.5561111111
VRAI,UNAVCO-PBO,15,Operational,UNAVPB,GPS+GAL+GLO,Daily,https://geodesy.noaa.gov/CORS/ncn_station_pages/index.html?stationID=VRAI,https://geodesy.noaa.gov/DataAvailability/DAP.jsp?SiteID=VRAI&NOD=20,https://geodesy.noaa.gov/cgi-cors/CorsSidebarSelect.prl?site=VRAI&option=Logfile,2/11/2021,-83.1905555556,9.9247222222
VTBE,Vermont Agency of Transportation,1,Operational,VTAT,GPS+GAL+GLO,Hourly,https://geodesy.noaa.gov/CORS/ncn_station_pages/index.html?stationID=VTBE,https://geodesy.noaa.gov/DataAvailability/DAP.jsp?SiteID=VTBE&NOD=20,https://geodesy.noaa.gov/cgi-cors/CorsSidebarSelect.prl?site=VTBE&option=Logfile,1/9/2009,-73.1997222222,42.8825
VTC1,Vermont Agency of Transportation,1,Operational,VTAT,GPS+GAL+GLO,Hourly,https://geodesy.noaa.gov/CORS/ncn_station_pages/index.html?stationID=VTC1,https://geodesy.noaa.gov/DataAvailability/DAP.jsp?SiteID=VTC1&NOD=20,https://geodesy.noaa.gov/cgi-cors/CorsSidebarSelect.prl?site=VTC1&option=Logfile,11/30/2007,-72.6033333333,43.9391666667
VTD2,Vermont Agency of Transportation,1,Operational,VTAT,GPS+GAL+GLO,Hourly,https://geodesy.noaa.gov/CORS/ncn_station_pages/index.html?stationID=VTD2,https://geodesy.noaa.gov/DataAvailability/DAP.jsp?SiteID=VTD2&NOD=20,https://geodesy.noaa.gov/cgi-cors/CorsSidebarSelect.prl?site=VTD2&option=Logfile,11/30/2007,-72.535,42.9183333333
VTD7,Vermont Agency of Transportation,1,Operational,VTAT,GPS+GAL+GLO,Hourly,https://geodesy.noaa.gov/CORS/ncn_station_pages/index.html?stationID=VTD7,https://geodesy.noaa.gov/DataAvailability/DAP.jsp?SiteID=VTD7&NOD=20,https://geodesy.noaa.gov/cgi-cors/CorsSidebarSelect.prl?site=VTD7&option=Logfile,4/14/2008,-72.0255555556,44.3977777778
VTD9,Vermont Agency of Transportation,1,Operational,VTAT,GPS+GAL+GLO,Hourly,https://geodesy.noaa.gov/CORS/ncn_station_pages/index.html?stationID=VTD9,https://geodesy.noaa.gov/DataAvailability/DAP.jsp?SiteID=VTD9&NOD=20,https://geodesy.noaa.gov/cgi-cors/CorsSidebarSelect.prl?site=VTD9&option=Logfile,11/30/2007,-72.16,44.9508333333
VTDA,Vermont Agency of Transportation,1,Operational,VTAT,GPS+GLO,Hourly,https://geodesy.noaa.gov/CORS/ncn_station_pages/index.html?stationID=VTDA,https://geodesy.noaa.gov/DataAvailability/DAP.jsp?SiteID=VTDA&NOD=20,https://geodesy.noaa.gov/cgi-cors/CorsSidebarSelect.prl?site=VTDA&option=Logfile,3/23/2009,-72.995,43.3497222222
VTEB,Vermont Agency of Transportation,1,Operational,VTAT,GPS+GLO,Hourly,https://geodesy.noaa.gov/CORS/ncn_station_pages/index.html?stationID=VTEB,https://geodesy.noaa.gov/DataAvailability/DAP.jsp?SiteID=VTEB&NOD=20,https://geodesy.noaa.gov/cgi-cors/CorsSidebarSelect.prl?site=VTEB&option=Logfile,4/27/2014,-72.7988888889,44.9141666667
VTHA,Vermont Agency of Transportation,1,Operational,VTAT,GPS+GAL+GLO,Hourly,https://geodesy.noaa.gov/CORS/ncn_station_pages/index.html?stationID=VTHA,https://geodesy.noaa.gov/DataAvailability/DAP.jsp?SiteID=VTHA&NOD=20,https://geodesy.noaa.gov/cgi-cors/CorsSidebarSelect.prl?site=VTHA&option=Logfile,3/16/2011,-72.3658333333,44.5083333333
VTIP,Vermont Agency of Transportation,1,Operational,VTAT,GPS+GAL+GLO,Hourly,https://geodesy.noaa.gov/CORS/ncn_station_pages/index.html?stationID=VTIP,https://geodesy.noaa.gov/DataAvailability/DAP.jsp?SiteID=VTIP&NOD=20,https://geodesy.noaa.gov/cgi-cors/CorsSidebarSelect.prl?site=VTIP&option=Logfile,3/23/2009,-71.8902777778,44.82
VTMI,Vermont Agency of Transportation,1,Operational,VTAT,GPS+GAL+GLO,Hourly,https://geodesy.noaa.gov/CORS/ncn_station_pages/index.html?stationID=VTMI,https://geodesy.noaa.gov/DataAvailability/DAP.jsp?SiteID=VTMI&NOD=20,https://geodesy.noaa.gov/cgi-cors/CorsSidebarSelect.prl?site=VTMI&option=Logfile,4/4/2009,-73.1525,43.9986111111
VTOX,Vermont Agency of Transportation,1,Operational,VTAT,GPS+GAL+GLO,Hourly,https://geodesy.noaa.gov/CORS/ncn_station_pages/index.html?stationID=VTOX,https://geodesy.noaa.gov/DataAvailability/DAP.jsp?SiteID=VTOX&NOD=20,https://geodesy.noaa.gov/cgi-cors/CorsSidebarSelect.prl?site=VTOX&option=Logfile,11/30/2007,-72.1141666667,44.0077777778
VTRI,Vermont Agency of Transportation,1,Operational,VTAT,GPS+GAL+GLO,Hourly,https://geodesy.noaa.gov/CORS/ncn_station_pages/index.html?stationID=VTRI,https://geodesy.noaa.gov/DataAvailability/DAP.jsp?SiteID=VTRI&NOD=20,https://geodesy.noaa.gov/cgi-cors/CorsSidebarSelect.prl?site=VTRI&option=Logfile,3/23/2012,-72.9947222222,44.4130555556
VTRU,Vermont Agency of Transportation,1,Operational,VTAT,GPS+GAL+GLO,Hourly,https://geodesy.noaa.gov/CORS/ncn_station_pages/index.html?stationID=VTRU,https://geodesy.noaa.gov/DataAvailability/DAP.jsp?SiteID=VTRU&NOD=20,https://geodesy.noaa.gov/cgi-cors/CorsSidebarSelect.prl?site=VTRU&option=Logfile,4/11/2008,-72.9791666667,43.6069444444
VTSA,Vermont Agency of Transportation,1,Operational,VTAT,GPS+GAL+GLO,Hourly,https://geodesy.noaa.gov/CORS/ncn_station_pages/index.html?stationID=VTSA,https://geodesy.noaa.gov/DataAvailability/DAP.jsp?SiteID=VTSA&NOD=20,https://geodesy.noaa.gov/cgi-cors/CorsSidebarSelect.prl?site=VTSA&option=Logfile,11/30/2007,-73.0825,44.8088888889
VTSP,Vermont Agency of Transportation,1,Operational,VTAT,GPS+GAL+GLO,Hourly,https://geodesy.noaa.gov/CORS/ncn_station_pages/index.html?stationID=VTSP,https://geodesy.noaa.gov/DataAvailability/DAP.jsp?SiteID=VTSP&NOD=20,https://geodesy.noaa.gov/cgi-cors/CorsSidebarSelect.prl?site=VTSP&option=Logfile,11/30/2007,-72.4775,43.2813888889
WACH,Florida Department of Transportation,1,Operational,FLDT,GPS+BDS+GAL+GLO,Hourly,https://geodesy.noaa.gov/CORS/ncn_station_pages/index.html?stationID=WACH,https://geodesy.noaa.gov/DataAvailability/DAP.jsp?SiteID=WACH&NOD=20,https://geodesy.noaa.gov/cgi-cors/CorsSidebarSelect.prl?site=WACH&option=Logfile,4/12/2005,-81.8822222222,27.5141666667
WAPA,National Park Service,1,Operational,NPS,GPS+GAL+GLO,Hourly,https://geodesy.noaa.gov/CORS/ncn_station_pages/index.html?stationID=WAPA,https://geodesy.noaa.gov/DataAvailability/DAP.jsp?SiteID=WAPA&NOD=20,https://geodesy.noaa.gov/cgi-cors/CorsSidebarSelect.prl?site=WAPA&option=Logfile,9/6/2022,144.6758333333,13.4225
WARR,Michigan Department of Transportation,1,Operational,MIDT,GPS+GLO,Hourly,https://geodesy.noaa.gov/CORS/ncn_station_pages/index.html?stationID=WARR,https://geodesy.noaa.gov/DataAvailability/DAP.jsp?SiteID=WARR&NOD=20,https://geodesy.noaa.gov/cgi-cors/CorsSidebarSelect.prl?site=WARR&option=Logfile,12/21/2004,-83.0202777778,42.5338888889
WASK,SmartNet North America,15,Operational,SMRTNT,GPS+GLO,Hourly,https://geodesy.noaa.gov/CORS/ncn_station_pages/index.html?stationID=WASK,https://geodesy.noaa.gov/DataAvailability/DAP.jsp?SiteID=WASK&NOD=20,https://geodesy.noaa.gov/cgi-cors/CorsSidebarSelect.prl?site=WASK&option=Logfile,7/9/2018,-117.4205555556,47.6655555556
WBRF,Wisconsin Department of Transportation,1,Operational,WIDT,GPS+GAL+GLO,Hourly,https://geodesy.noaa.gov/CORS/ncn_station_pages/index.html?stationID=WBRF,https://geodesy.noaa.gov/DataAvailability/DAP.jsp?SiteID=WBRF&NOD=20,https://geodesy.noaa.gov/cgi-cors/CorsSidebarSelect.prl?site=WBRF&option=Logfile,12/17/2017,-90.6561111111,44.3572222222
WDBN,Oregon Department of Transportation,5,Operational,ORDT,GPS+GAL+GLO,Hourly,https://geodesy.noaa.gov/CORS/ncn_station_pages/index.html?stationID=WDBN,https://geodesy.noaa.gov/DataAvailability/DAP.jsp?SiteID=WDBN&NOD=20,https://geodesy.noaa.gov/cgi-cors/CorsSidebarSelect.prl?site=WDBN&option=Logfile,2/11/2009,-122.87,45.1708333333
WES2,NGS-IGS,1,Operational,NGSIGS,GPS+GAL+GLO,Hourly,https://geodesy.noaa.gov/CORS/ncn_station_pages/index.html?stationID=WES2,https://geodesy.noaa.gov/DataAvailability/DAP.jsp?SiteID=WES2&NOD=20,https://geodesy.noaa.gov/cgi-cors/CorsSidebarSelect.prl?site=WES2&option=Logfile,6/27/1994,-71.4930555556,42.6133333333
WIAB,Wisconsin Department of Transportation,1,Operational,WIDT,GPS+GAL+GLO,Hourly,https://geodesy.noaa.gov/CORS/ncn_station_pages/index.html?stationID=WIAB,https://geodesy.noaa.gov/DataAvailability/DAP.jsp?SiteID=WIAB&NOD=20,https://geodesy.noaa.gov/cgi-cors/CorsSidebarSelect.prl?site=WIAB&option=Logfile,3/18/2013,-88.045,44.7908333333
WIBL,Wisconsin Department of Transportation,1,Operational,WIDT,GPS+GAL+GLO,Hourly,https://geodesy.noaa.gov/CORS/ncn_station_pages/index.html?stationID=WIBL,https://geodesy.noaa.gov/DataAvailability/DAP.jsp?SiteID=WIBL&NOD=20,https://geodesy.noaa.gov/cgi-cors/CorsSidebarSelect.prl?site=WIBL&option=Logfile,3/18/2013,-91.0855555556,46.8661111111
WICH,Wisconsin Department of Transportation,1,Operational,WIDT,GPS+GAL+GLO,Hourly,https://geodesy.noaa.gov/CORS/ncn_station_pages/index.html?stationID=WICH,https://geodesy.noaa.gov/DataAvailability/DAP.jsp?SiteID=WICH&NOD=20,https://geodesy.noaa.gov/cgi-cors/CorsSidebarSelect.prl?site=WICH&option=Logfile,10/24/2016,-91.5958333333,45.2413888889
WICR,Wisconsin Department of Transportation,1,Operational,WIDT,GPS+GAL+GLO,Hourly,https://geodesy.noaa.gov/CORS/ncn_station_pages/index.html?stationID=WICR,https://geodesy.noaa.gov/DataAvailability/DAP.jsp?SiteID=WICR&NOD=20,https://geodesy.noaa.gov/cgi-cors/CorsSidebarSelect.prl?site=WICR&option=Logfile,3/18/2013,-88.8916666667,45.5763888889
WIKR,UNAVCO-PBO,15,Operational,UNAVPB,GPS,Daily,https://geodesy.noaa.gov/CORS/ncn_station_pages/index.html?stationID=WIKR,https://geodesy.noaa.gov/DataAvailability/DAP.jsp?SiteID=WIKR&NOD=20,https://geodesy.noaa.gov/cgi-cors/CorsSidebarSelect.prl?site=WIKR&option=Logfile,10/20/2012,-150.9219444444,63.5525
WIL1,Pennsylvania Department of Transportation,1,Operational,PADT,GPS+GLO,Hourly,https://geodesy.noaa.gov/CORS/ncn_station_pages/index.html?stationID=WIL1,https://geodesy.noaa.gov/DataAvailability/DAP.jsp?SiteID=WIL1&NOD=20,https://geodesy.noaa.gov/cgi-cors/CorsSidebarSelect.prl?site=WIL1&option=Logfile,3/23/1997,-76.0152777778,41.305
WIMW,Wisconsin Department of Transportation,1,Operational,WIDT,GPS+GAL+GLO,Hourly,https://geodesy.noaa.gov/CORS/ncn_station_pages/index.html?stationID=WIMW,https://geodesy.noaa.gov/DataAvailability/DAP.jsp?SiteID=WIMW&NOD=20,https://geodesy.noaa.gov/cgi-cors/CorsSidebarSelect.prl?site=WIMW&option=Logfile,3/18/2018,-89.8761111111,46.1222222222
WINL,Wisconsin Department of Transportation,1,Operational,WIDT,GPS+GAL+GLO,Hourly,https://geodesy.noaa.gov/CORS/ncn_station_pages/index.html?stationID=WINL,https://geodesy.noaa.gov/DataAvailability/DAP.jsp?SiteID=WINL&NOD=20,https://geodesy.noaa.gov/cgi-cors/CorsSidebarSelect.prl?site=WINL&option=Logfile,12/9/2017,-90.1419444444,43.8408333333
WINT,UNAVCO_NON-PBO,15,Operational,UNAVPS,GPS,Daily,https://geodesy.noaa.gov/CORS/ncn_station_pages/index.html?stationID=WINT,https://geodesy.noaa.gov/DataAvailability/DAP.jsp?SiteID=WINT&NOD=20,https://geodesy.noaa.gov/cgi-cors/CorsSidebarSelect.prl?site=WINT&option=Logfile,11/30/2012,-122.1405555556,37.6525
WIPR,Wisconsin Department of Transportation,1,Operational,WIDT,GPS+GAL+GLO,Hourly,https://geodesy.noaa.gov/CORS/ncn_station_pages/index.html?stationID=WIPR,https://geodesy.noaa.gov/DataAvailability/DAP.jsp?SiteID=WIPR&NOD=20,https://geodesy.noaa.gov/cgi-cors/CorsSidebarSelect.prl?site=WIPR&option=Logfile,5/17/2015,-89.1422222222,43.8630555556
WIRL,Wisconsin Department of Transportation,1,Operational,WIDT,GPS+GAL+GLO,Hourly,https://geodesy.noaa.gov/CORS/ncn_station_pages/index.html?stationID=WIRL,https://geodesy.noaa.gov/DataAvailability/DAP.jsp?SiteID=WIRL&NOD=20,https://geodesy.noaa.gov/cgi-cors/CorsSidebarSelect.prl?site=WIRL&option=Logfile,12/9/2017,-90.1669444444,45.3236111111
WISN,Minnesota Department of Transportation,5,Operational,MNDT,GPS+GAL+GLO,Hourly,https://geodesy.noaa.gov/CORS/ncn_station_pages/index.html?stationID=WISN,https://geodesy.noaa.gov/DataAvailability/DAP.jsp?SiteID=WISN&NOD=20,https://geodesy.noaa.gov/cgi-cors/CorsSidebarSelect.prl?site=WISN&option=Logfile,10/30/2009,-92.3683333333,45.8219444444
WISU,SmartNet North America,15,Operational,SMRTNT,GPS+GLO,Hourly,https://geodesy.noaa.gov/CORS/ncn_station_pages/index.html?stationID=WISU,https://geodesy.noaa.gov/DataAvailability/DAP.jsp?SiteID=WISU&NOD=20,https://geodesy.noaa.gov/cgi-cors/CorsSidebarSelect.prl?site=WISU&option=Logfile,2/14/2018,-89.245,43.1775
WITG,Wisconsin Department of Transportation,1,Operational,WIDT,GPS+GAL+GLO,Hourly,https://geodesy.noaa.gov/CORS/ncn_station_pages/index.html?stationID=WITG,https://geodesy.noaa.gov/DataAvailability/DAP.jsp?SiteID=WITG&NOD=20,https://geodesy.noaa.gov/cgi-cors/CorsSidebarSelect.prl?site=WITG&option=Logfile,11/9/2017,-89.0427777778,44.7419444444
WIWB,Wisconsin Department of Transportation,1,Operational,WIDT,GPS+GAL+GLO,Hourly,https://geodesy.noaa.gov/CORS/ncn_station_pages/index.html?stationID=WIWB,https://geodesy.noaa.gov/DataAvailability/DAP.jsp?SiteID=WIWB&NOD=20,https://geodesy.noaa.gov/cgi-cors/CorsSidebarSelect.prl?site=WIWB&option=Logfile,7/28/2016,-88.1486111111,43.4202777778
WIWI,Wisconsin Department of Transportation,1,Operational,WIDT,GPS+GAL+GLO,Hourly,https://geodesy.noaa.gov/CORS/ncn_station_pages/index.html?stationID=WIWI,https://geodesy.noaa.gov/DataAvailability/DAP.jsp?SiteID=WIWI&NOD=20,https://geodesy.noaa.gov/cgi-cors/CorsSidebarSelect.prl?site=WIWI&option=Logfile,7/31/2021,-86.9211111111,45.3869444444
WLNC,Wisconsin Department of Transportation,1,Operational,WIDT,GPS+GAL+GLO,Hourly,https://geodesy.noaa.gov/CORS/ncn_station_pages/index.html?stationID=WLNC,https://geodesy.noaa.gov/DataAvailability/DAP.jsp?SiteID=WLNC&NOD=20,https://geodesy.noaa.gov/cgi-cors/CorsSidebarSelect.prl?site=WLNC&option=Logfile,4/27/2015,-90.7113888889,42.8375
WMNG,Wisconsin Department of Transportation,1,Operational,WIDT,GPS+GAL+GLO,Hourly,https://geodesy.noaa.gov/CORS/ncn_station_pages/index.html?stationID=WMNG,https://geodesy.noaa.gov/DataAvailability/DAP.jsp?SiteID=WMNG&NOD=20,https://geodesy.noaa.gov/cgi-cors/CorsSidebarSelect.prl?site=WMNG&option=Logfile,12/19/2017,-91.8227777778,46.1263888889
WMOK,UNAVCO-PBO,15,Operational,UNAVPB,GPS+GAL+GLO,Daily,https://geodesy.noaa.gov/CORS/ncn_station_pages/index.html?stationID=WMOK,https://geodesy.noaa.gov/DataAvailability/DAP.jsp?SiteID=WMOK&NOD=20,https://geodesy.noaa.gov/cgi-cors/CorsSidebarSelect.prl?site=WMOK&option=Logfile,1/1/2010,-98.7802777778,34.7377777778
WMTW,Wisconsin Department of Transportation,1,Operational,WIDT,GPS+GAL+GLO,Hourly,https://geodesy.noaa.gov/CORS/ncn_station_pages/index.html?stationID=WMTW,https://geodesy.noaa.gov/DataAvailability/DAP.jsp?SiteID=WMTW&NOD=20,https://geodesy.noaa.gov/cgi-cors/CorsSidebarSelect.prl?site=WMTW&option=Logfile,10/8/2016,-87.6933333333,44.1541666667
WQSL,NGS Stations CORS,15,Non-Operational,NGSSTA,GPS,Hourly,https://geodesy.noaa.gov/CORS/ncn_station_pages/index.html?stationID=WQSL,https://geodesy.noaa.gov/DataAvailability/DAP.jsp?SiteID=WQSL&NOD=20,https://geodesy.noaa.gov/cgi-cors/CorsSidebarSelect.prl?site=WQSL&option=Logfile,6/17/2016,166.6174214778,19.29053375
WRUN,Michigan Department of Transportation,1,Operational,MIDT,GPS+GLO,Hourly,https://geodesy.noaa.gov/CORS/ncn_station_pages/index.html?stationID=WRUN,https://geodesy.noaa.gov/DataAvailability/DAP.jsp?SiteID=WRUN&NOD=20,https://geodesy.noaa.gov/cgi-cors/CorsSidebarSelect.prl?site=WRUN&option=Logfile,12/21/2004,-83.5416666667,42.2347222222
WUHN,Wuhan University,30,Operational,WHU,GPS+GLO,Hourly,https://geodesy.noaa.gov/CORS/ncn_station_pages/index.html?stationID=WUHN,https://geodesy.noaa.gov/DataAvailability/DAP.jsp?SiteID=WUHN&NOD=20,https://geodesy.noaa.gov/cgi-cors/CorsSidebarSelect.prl?site=WUHN&option=Logfile,3/20/2011,114.3575,30.5313888889
WVAT,West Virginia Department of Transportation,1,Operational,WVDT,GPS+GAL+GLO,Hourly,https://geodesy.noaa.gov/CORS/ncn_station_pages/index.html?stationID=WVAT,https://geodesy.noaa.gov/DataAvailability/DAP.jsp?SiteID=WVAT&NOD=20,https://geodesy.noaa.gov/cgi-cors/CorsSidebarSelect.prl?site=WVAT&option=Logfile,9/18/2010,-81.0677777778,37.4283333333
WVBR,West Virginia Department of Transportation,1,Operational,WVDT,GPS+GAL+GLO,Hourly,https://geodesy.noaa.gov/CORS/ncn_station_pages/index.html?stationID=WVBR,https://geodesy.noaa.gov/DataAvailability/DAP.jsp?SiteID=WVBR&NOD=20,https://geodesy.noaa.gov/cgi-cors/CorsSidebarSelect.prl?site=WVBR&option=Logfile,1/19/2011,-80.2772222222,39.3077777778
WVBU,West Virginia Department of Transportation,1,Operational,WVDT,GPS+GAL+GLO,Hourly,https://geodesy.noaa.gov/CORS/ncn_station_pages/index.html?stationID=WVBU,https://geodesy.noaa.gov/DataAvailability/DAP.jsp?SiteID=WVBU&NOD=20,https://geodesy.noaa.gov/cgi-cors/CorsSidebarSelect.prl?site=WVBU&option=Logfile,3/9/2010,-78.9133333333,39.3377777778
WVCV,West Virginia Department of Transportation,1,Operational,WVDT,GPS+GAL+GLO,Hourly,https://geodesy.noaa.gov/CORS/ncn_station_pages/index.html?stationID=WVCV,https://geodesy.noaa.gov/DataAvailability/DAP.jsp?SiteID=WVCV&NOD=20,https://geodesy.noaa.gov/cgi-cors/CorsSidebarSelect.prl?site=WVCV&option=Logfile,10/23/2010,-79.4569444444,39.0152777778
WVGB,West Virginia Department of Transportation,1,Operational,WVDT,GPS+GAL+GLO,Hourly,https://geodesy.noaa.gov/CORS/ncn_station_pages/index.html?stationID=WVGB,https://geodesy.noaa.gov/DataAvailability/DAP.jsp?SiteID=WVGB&NOD=20,https://geodesy.noaa.gov/cgi-cors/CorsSidebarSelect.prl?site=WVGB&option=Logfile,12/3/2012,-79.8169444444,38.43
WVHA,West Virginia Department of Transportation,1,Operational,WVDT,GPS+GAL+GLO,Hourly,https://geodesy.noaa.gov/CORS/ncn_station_pages/index.html?stationID=WVHA,https://geodesy.noaa.gov/DataAvailability/DAP.jsp?SiteID=WVHA&NOD=20,https://geodesy.noaa.gov/cgi-cors/CorsSidebarSelect.prl?site=WVHA&option=Logfile,1/13/2014,-81.0436111111,39.2477777778
WVHU,West Virginia Department of Transportation,1,Operational,WVDT,GPS+GAL+GLO,Hourly,https://geodesy.noaa.gov/CORS/ncn_station_pages/index.html?stationID=WVHU,https://geodesy.noaa.gov/DataAvailability/DAP.jsp?SiteID=WVHU&NOD=20,https://geodesy.noaa.gov/cgi-cors/CorsSidebarSelect.prl?site=WVHU&option=Logfile,1/3/2006,-82.4244444444,38.4227777778
WVLE,West Virginia Department of Transportation,1,Operational,WVDT,GPS+GAL+GLO,Hourly,https://geodesy.noaa.gov/CORS/ncn_station_pages/index.html?stationID=WVLE,https://geodesy.noaa.gov/DataAvailability/DAP.jsp?SiteID=WVLE&NOD=20,https://geodesy.noaa.gov/cgi-cors/CorsSidebarSelect.prl?site=WVLE&option=Logfile,7/14/2010,-80.4216666667,37.8222222222
WVMF,West Virginia Department of Transportation,1,Operational,WVDT,GPS+GAL+GLO,Hourly,https://geodesy.noaa.gov/CORS/ncn_station_pages/index.html?stationID=WVMF,https://geodesy.noaa.gov/DataAvailability/DAP.jsp?SiteID=WVMF&NOD=20,https://geodesy.noaa.gov/cgi-cors/CorsSidebarSelect.prl?site=WVMF&option=Logfile,11/2/2010,-78.9325,39.0755555556
WVMZ,West Virginia Department of Transportation,1,Operational,WVDT,GPS+GAL+GLO,Hourly,https://geodesy.noaa.gov/CORS/ncn_station_pages/index.html?stationID=WVMZ,https://geodesy.noaa.gov/DataAvailability/DAP.jsp?SiteID=WVMZ&NOD=20,https://geodesy.noaa.gov/cgi-cors/CorsSidebarSelect.prl?site=WVMZ&option=Logfile,7/14/2010,-81.1086111111,38.8388888889
WVNR,West Virginia Department of Transportation,1,Operational,WVDT,GPS+GAL+GLO,Hourly,https://geodesy.noaa.gov/CORS/ncn_station_pages/index.html?stationID=WVNR,https://geodesy.noaa.gov/DataAvailability/DAP.jsp?SiteID=WVNR&NOD=20,https://geodesy.noaa.gov/cgi-cors/CorsSidebarSelect.prl?site=WVNR&option=Logfile,10/27/2010,-79.8583333333,38.8955555556
WVOH,West Virginia Department of Transportation,1,Operational,WVDT,GPS+GAL+GLO,Hourly,https://geodesy.noaa.gov/CORS/ncn_station_pages/index.html?stationID=WVOH,https://geodesy.noaa.gov/DataAvailability/DAP.jsp?SiteID=WVOH&NOD=20,https://geodesy.noaa.gov/cgi-cors/CorsSidebarSelect.prl?site=WVOH&option=Logfile,6/18/2010,-81.1319444444,37.9980555556
WVRA,West Virginia Department of Transportation,1,Operational,WVDT,GPS+GAL+GLO,Hourly,https://geodesy.noaa.gov/CORS/ncn_station_pages/index.html?stationID=WVRA,https://geodesy.noaa.gov/DataAvailability/DAP.jsp?SiteID=WVRA&NOD=20,https://geodesy.noaa.gov/cgi-cors/CorsSidebarSelect.prl?site=WVRA&option=Logfile,1/3/2006,-81.7511111111,38.9411111111
WVSH,West Virginia Department of Transportation,1,Operational,WVDT,GPS+GAL+GLO,Hourly,https://geodesy.noaa.gov/CORS/ncn_station_pages/index.html?stationID=WVSH,https://geodesy.noaa.gov/DataAvailability/DAP.jsp?SiteID=WVSH&NOD=20,https://geodesy.noaa.gov/cgi-cors/CorsSidebarSelect.prl?site=WVSH&option=Logfile,9/3/2010,-80.6794444444,39.9969444444
WVTA,West Virginia Department of Transportation,1,Operational,WVDT,GPS+GAL+GLO,Hourly,https://geodesy.noaa.gov/CORS/ncn_station_pages/index.html?stationID=WVTA,https://geodesy.noaa.gov/DataAvailability/DAP.jsp?SiteID=WVTA&NOD=20,https://geodesy.noaa.gov/cgi-cors/CorsSidebarSelect.prl?site=WVTA&option=Logfile,6/2/2012,-79.5144444444,39.4377777778
WYGI,City of Gillette Wyoming,1,Operational,WY0310,GPS+GAL+GLO,Hourly,https://geodesy.noaa.gov/CORS/ncn_station_pages/index.html?stationID=WYGI,https://geodesy.noaa.gov/DataAvailability/DAP.jsp?SiteID=WYGI&NOD=20,https://geodesy.noaa.gov/cgi-cors/CorsSidebarSelect.prl?site=WYGI&option=Logfile,8/22/2020,-105.5663888889,44.2766666667
WYLC,"Bureau of Land Management, Cheyenne, WY",1,Operational,BLMCHY,GPS+GAL+GLO,Hourly,https://geodesy.noaa.gov/CORS/ncn_station_pages/index.html?stationID=WYLC,https://geodesy.noaa.gov/DataAvailability/DAP.jsp?SiteID=WYLC&NOD=20,https://geodesy.noaa.gov/cgi-cors/CorsSidebarSelect.prl?site=WYLC&option=Logfile,7/2/2004,-104.7752777778,41.1044444444
WYRF,"Bureau of Land Management, Cheyenne, WY",1,Operational,BLMCHY,GPS+GAL+GLO,Hourly,https://geodesy.noaa.gov/CORS/ncn_station_pages/index.html?stationID=WYRF,https://geodesy.noaa.gov/DataAvailability/DAP.jsp?SiteID=WYRF&NOD=20,https://geodesy.noaa.gov/cgi-cors/CorsSidebarSelect.prl?site=WYRF&option=Logfile,6/28/2012,-106.3272222222,42.8305555556
WYSH,"Bureau of Land Management, Cheyenne, WY",1,Operational,BLMCHY,GPS+GAL+GLO,Hourly,https://geodesy.noaa.gov/CORS/ncn_station_pages/index.html?stationID=WYSH,https://geodesy.noaa.gov/DataAvailability/DAP.jsp?SiteID=WYSH&NOD=20,https://geodesy.noaa.gov/cgi-cors/CorsSidebarSelect.prl?site=WYSH&option=Logfile,3/10/2011,-107.0097222222,44.8002777778
XCTY,Florida Department of Transportation,1,Operational,FLDT,GPS+GAL+GLO,Hourly,https://geodesy.noaa.gov/CORS/ncn_station_pages/index.html?stationID=XCTY,https://geodesy.noaa.gov/DataAvailability/DAP.jsp?SiteID=XCTY&NOD=20,https://geodesy.noaa.gov/cgi-cors/CorsSidebarSelect.prl?site=XCTY&option=Logfile,2/11/2004,-83.1080555556,29.6308333333
YBH2,Berkeley Seismological Laboratory,15,Operational,BSL,GPS+GLO,Daily,https://geodesy.noaa.gov/CORS/ncn_station_pages/index.html?stationID=YBH2,https://geodesy.noaa.gov/DataAvailability/DAP.jsp?SiteID=YBH2&NOD=20,https://geodesy.noaa.gov/cgi-cors/CorsSidebarSelect.prl?site=YBH2&option=Logfile,12/10/2022,-122.7105555556,41.7313888889
YESX,UNAVCO-PBO,15,Non-Operational,UNAVPB,GPS+GAL+GLO,Hourly,https://geodesy.noaa.gov/CORS/ncn_station_pages/index.html?stationID=YESX,https://geodesy.noaa.gov/DataAvailability/DAP.jsp?SiteID=YESX&NOD=20,https://geodesy.noaa.gov/cgi-cors/CorsSidebarSelect.prl?site=YESX&option=Logfile,10/3/2020,-108.9194444444,28.3783333333
YFB1,Federal Aviation Administration,1,Operational,FAA,GPS,Daily,https://geodesy.noaa.gov/CORS/ncn_station_pages/index.html?stationID=YFB1,https://geodesy.noaa.gov/DataAvailability/DAP.jsp?SiteID=YFB1&NOD=20,https://geodesy.noaa.gov/cgi-cors/CorsSidebarSelect.prl?site=YFB1&option=Logfile,4/25/2008,-68.5430555556,63.7313888889
YORK,Pennsylvania Department of Transportation,1,Operational,PADT,GPS+GAL+GLO,Hourly,https://geodesy.noaa.gov/CORS/ncn_station_pages/index.html?stationID=YORK,https://geodesy.noaa.gov/DataAvailability/DAP.jsp?SiteID=YORK&NOD=20,https://geodesy.noaa.gov/cgi-cors/CorsSidebarSelect.prl?site=YORK&option=Logfile,8/30/2002,-76.74,39.9869444444
YQX1,Federal Aviation Administration,1,Operational,FAA,GPS,Daily,https://geodesy.noaa.gov/CORS/ncn_station_pages/index.html?stationID=YQX1,https://geodesy.noaa.gov/DataAvailability/DAP.jsp?SiteID=YQX1&NOD=20,https://geodesy.noaa.gov/cgi-cors/CorsSidebarSelect.prl?site=YQX1&option=Logfile,4/25/2008,-54.5975,48.9663888889
YWG1,Federal Aviation Administration,1,Operational,FAA,GPS,Daily,https://geodesy.noaa.gov/CORS/ncn_station_pages/index.html?stationID=YWG1,https://geodesy.noaa.gov/DataAvailability/DAP.jsp?SiteID=YWG1&NOD=20,https://geodesy.noaa.gov/cgi-cors/CorsSidebarSelect.prl?site=YWG1&option=Logfile,4/25/2008,-97.2591666667,49.9005555556
YYR1,Federal Aviation Administration,1,Operational,FAA,GPS,Daily,https://geodesy.noaa.gov/CORS/ncn_station_pages/index.html?stationID=YYR1,https://geodesy.noaa.gov/DataAvailability/DAP.jsp?SiteID=YYR1&NOD=20,https://geodesy.noaa.gov/cgi-cors/CorsSidebarSelect.prl?site=YYR1&option=Logfile,4/30/2008,-60.4194444444,53.3086111111
ZAB1,Federal Aviation Administration,1,Operational,FAA,GPS,Daily,https://geodesy.noaa.gov/CORS/ncn_station_pages/index.html?stationID=ZAB1,https://geodesy.noaa.gov/DataAvailability/DAP.jsp?SiteID=ZAB1&NOD=20,https://geodesy.noaa.gov/cgi-cors/CorsSidebarSelect.prl?site=ZAB1&option=Logfile,7/9/2002,-106.5672222222,35.1733333333
ZAN1,Federal Aviation Administration,1,Operational,FAA,GPS,Daily,https://geodesy.noaa.gov/CORS/ncn_station_pages/index.html?stationID=ZAN1,https://geodesy.noaa.gov/DataAvailability/DAP.jsp?SiteID=ZAN1&NOD=20,https://geodesy.noaa.gov/cgi-cors/CorsSidebarSelect.prl?site=ZAN1&option=Logfile,12/13/2002,-149.78,61.2291666667
ZAU1,Federal Aviation Administration,1,Operational,FAA,GPS,Daily,https://geodesy.noaa.gov/CORS/ncn_station_pages/index.html?stationID=ZAU1,https://geodesy.noaa.gov/DataAvailability/DAP.jsp?SiteID=ZAU1&NOD=20,https://geodesy.noaa.gov/cgi-cors/CorsSidebarSelect.prl?site=ZAU1&option=Logfile,10/28/2003,-88.3311111111,41.7825
ZAXO,"Iraq Ministry of Water Resources, General Directorate for Surveys",1,Non-Operational,IRAGDS,GPS+GLO,Hourly,https://geodesy.noaa.gov/CORS/ncn_station_pages/index.html?stationID=ZAXO,https://geodesy.noaa.gov/DataAvailability/DAP.jsp?SiteID=ZAXO&NOD=20,https://geodesy.noaa.gov/cgi-cors/CorsSidebarSelect.prl?site=ZAXO&option=Logfile,4/23/2015,42.6705555556,37.1136111111
ZBW1,Federal Aviation Administration,1,Operational,FAA,GPS,Daily,https://geodesy.noaa.gov/CORS/ncn_station_pages/index.html?stationID=ZBW1,https://geodesy.noaa.gov/DataAvailability/DAP.jsp?SiteID=ZBW1&NOD=20,https://geodesy.noaa.gov/cgi-cors/CorsSidebarSelect.prl?site=ZBW1&option=Logfile,11/13/2003,-71.4802777778,42.7355555556
ZDC1,Federal Aviation Administration,1,Operational,FAA,GPS,Daily,https://geodesy.noaa.gov/CORS/ncn_station_pages/index.html?stationID=ZDC1,https://geodesy.noaa.gov/DataAvailability/DAP.jsp?SiteID=ZDC1&NOD=20,https://geodesy.noaa.gov/cgi-cors/CorsSidebarSelect.prl?site=ZDC1&option=Logfile,11/13/2003,-77.5425,39.1013888889
ZDV1,Federal Aviation Administration,1,Operational,FAA,GPS,Daily,https://geodesy.noaa.gov/CORS/ncn_station_pages/index.html?stationID=ZDV1,https://geodesy.noaa.gov/DataAvailability/DAP.jsp?SiteID=ZDV1&NOD=20,https://geodesy.noaa.gov/cgi-cors/CorsSidebarSelect.prl?site=ZDV1&option=Logfile,11/13/2003,-105.1272222222,40.1872222222
ZEFR,Florida Department of Transportation,1,Operational,FLDT,GPS+GAL+GLO,Hourly,https://geodesy.noaa.gov/CORS/ncn_station_pages/index.html?stationID=ZEFR,https://geodesy.noaa.gov/DataAvailability/DAP.jsp?SiteID=ZEFR&NOD=20,https://geodesy.noaa.gov/cgi-cors/CorsSidebarSelect.prl?site=ZEFR&option=Logfile,9/3/2003,-82.1644444444,28.2275
ZFW1,Federal Aviation Administration,1,Operational,FAA,GPS,Daily,https://geodesy.noaa.gov/CORS/ncn_station_pages/index.html?stationID=ZFW1,https://geodesy.noaa.gov/DataAvailability/DAP.jsp?SiteID=ZFW1&NOD=20,https://geodesy.noaa.gov/cgi-cors/CorsSidebarSelect.prl?site=ZFW1&option=Logfile,1/14/2003,-97.0663888889,32.8305555556
ZHN1,Federal Aviation Administration,1,Operational,FAA,GPS,Daily,https://geodesy.noaa.gov/CORS/ncn_station_pages/index.html?stationID=ZHN1,https://geodesy.noaa.gov/DataAvailability/DAP.jsp?SiteID=ZHN1&NOD=20,https://geodesy.noaa.gov/cgi-cors/CorsSidebarSelect.prl?site=ZHN1&option=Logfile,10/28/2003,-157.9205555556,21.3127777778
ZHU1,Federal Aviation Administration,1,Operational,FAA,GPS,Daily,https://geodesy.noaa.gov/CORS/ncn_station_pages/index.html?stationID=ZHU1,https://geodesy.noaa.gov/DataAvailability/DAP.jsp?SiteID=ZHU1&NOD=20,https://geodesy.noaa.gov/cgi-cors/CorsSidebarSelect.prl?site=ZHU1&option=Logfile,1/14/2003,-95.3313888889,29.9616666667
ZINA,UNAVCO_NON-PBO,15,Operational,UNAVPS,GPS+GLO,Daily,https://geodesy.noaa.gov/CORS/ncn_station_pages/index.html?stationID=ZINA,https://geodesy.noaa.gov/DataAvailability/DAP.jsp?SiteID=ZINA&NOD=20,https://geodesy.noaa.gov/cgi-cors/CorsSidebarSelect.prl?site=ZINA&option=Logfile,7/12/2018,-143.0238888889,61.3833333333
ZJX1,Federal Aviation Administration,1,Operational,FAA,GPS,Daily,https://geodesy.noaa.gov/CORS/ncn_station_pages/index.html?stationID=ZJX1,https://geodesy.noaa.gov/DataAvailability/DAP.jsp?SiteID=ZJX1&NOD=20,https://geodesy.noaa.gov/cgi-cors/CorsSidebarSelect.prl?site=ZJX1&option=Logfile,7/1/2002,-81.9080555556,30.6986111111
ZKC1,Federal Aviation Administration,1,Operational,FAA,GPS,Daily,https://geodesy.noaa.gov/CORS/ncn_station_pages/index.html?stationID=ZKC1,https://geodesy.noaa.gov/DataAvailability/DAP.jsp?SiteID=ZKC1&NOD=20,https://geodesy.noaa.gov/cgi-cors/CorsSidebarSelect.prl?site=ZKC1&option=Logfile,11/13/2003,-94.7905555556,38.88
ZLA1,Federal Aviation Administration,1,Operational,FAA,GPS,Daily,https://geodesy.noaa.gov/CORS/ncn_station_pages/index.html?stationID=ZLA1,https://geodesy.noaa.gov/DataAvailability/DAP.jsp?SiteID=ZLA1&NOD=20,https://geodesy.noaa.gov/cgi-cors/CorsSidebarSelect.prl?site=ZLA1&option=Logfile,11/13/2003,-118.0838888889,34.6033333333
ZLC1,Federal Aviation Administration,1,Operational,FAA,GPS,Daily,https://geodesy.noaa.gov/CORS/ncn_station_pages/index.html?stationID=ZLC1,https://geodesy.noaa.gov/DataAvailability/DAP.jsp?SiteID=ZLC1&NOD=20,https://geodesy.noaa.gov/cgi-cors/CorsSidebarSelect.prl?site=ZLC1&option=Logfile,10/28/2003,-111.9519444444,40.7858333333
ZMA1,Federal Aviation Administration,1,Operational,FAA,GPS,Daily,https://geodesy.noaa.gov/CORS/ncn_station_pages/index.html?stationID=ZMA1,https://geodesy.noaa.gov/DataAvailability/DAP.jsp?SiteID=ZMA1&NOD=20,https://geodesy.noaa.gov/cgi-cors/CorsSidebarSelect.prl?site=ZMA1&option=Logfile,11/13/2003,-80.3191666667,25.8244444444
ZME1,Federal Aviation Administration,1,Operational,FAA,GPS,Daily,https://geodesy.noaa.gov/CORS/ncn_station_pages/index.html?stationID=ZME1,https://geodesy.noaa.gov/DataAvailability/DAP.jsp?SiteID=ZME1&NOD=20,https://geodesy.noaa.gov/cgi-cors/CorsSidebarSelect.prl?site=ZME1&option=Logfile,10/28/2003,-89.9552777778,35.0672222222
ZMP1,Federal Aviation Administration,1,Operational,FAA,GPS,Daily,https://geodesy.noaa.gov/CORS/ncn_station_pages/index.html?stationID=ZMP1,https://geodesy.noaa.gov/DataAvailability/DAP.jsp?SiteID=ZMP1&NOD=20,https://geodesy.noaa.gov/cgi-cors/CorsSidebarSelect.prl?site=ZMP1&option=Logfile,12/13/2002,-93.1519444444,44.6372222222
ZNY1,Federal Aviation Administration,1,Operational,FAA,GPS,Daily,https://geodesy.noaa.gov/CORS/ncn_station_pages/index.html?stationID=ZNY1,https://geodesy.noaa.gov/DataAvailability/DAP.jsp?SiteID=ZNY1&NOD=20,https://geodesy.noaa.gov/cgi-cors/CorsSidebarSelect.prl?site=ZNY1&option=Logfile,1/14/2003,-73.0969444444,40.7841666667
ZOA1,Federal Aviation Administration,1,Operational,FAA,GPS,Daily,https://geodesy.noaa.gov/CORS/ncn_station_pages/index.html?stationID=ZOA1,https://geodesy.noaa.gov/DataAvailability/DAP.jsp?SiteID=ZOA1&NOD=20,https://geodesy.noaa.gov/cgi-cors/CorsSidebarSelect.prl?site=ZOA1&option=Logfile,7/3/2002,-122.0158333333,37.5427777778
ZOB1,Federal Aviation Administration,1,Operational,FAA,GPS,Daily,https://geodesy.noaa.gov/CORS/ncn_station_pages/index.html?stationID=ZOB1,https://geodesy.noaa.gov/DataAvailability/DAP.jsp?SiteID=ZOB1&NOD=20,https://geodesy.noaa.gov/cgi-cors/CorsSidebarSelect.prl?site=ZOB1&option=Logfile,1/14/2003,-82.2063888889,41.2969444444
ZSE1,Federal Aviation Administration,1,Operational,FAA,GPS,Daily,https://geodesy.noaa.gov/CORS/ncn_station_pages/index.html?stationID=ZSE1,https://geodesy.noaa.gov/DataAvailability/DAP.jsp?SiteID=ZSE1&NOD=20,https://geodesy.noaa.gov/cgi-cors/CorsSidebarSelect.prl?site=ZSE1&option=Logfile,1/14/2003,-122.1883333333,47.2869444444
ZSU4,Federal Aviation Administration,1,Operational,FAA,GPS,Daily,https://geodesy.noaa.gov/CORS/ncn_station_pages/index.html?stationID=ZSU4,https://geodesy.noaa.gov/DataAvailability/DAP.jsp?SiteID=ZSU4&NOD=20,https://geodesy.noaa.gov/cgi-cors/CorsSidebarSelect.prl?site=ZSU4&option=Logfile,11/20/2012,-65.9933333333,18.4311111111
ZTL4,Federal Aviation Administration,1,Operational,FAA,GPS,Daily,https://geodesy.noaa.gov/CORS/ncn_station_pages/index.html?stationID=ZTL4,https://geodesy.noaa.gov/DataAvailability/DAP.jsp?SiteID=ZTL4&NOD=20,https://geodesy.noaa.gov/cgi-cors/CorsSidebarSelect.prl?site=ZTL4&option=Logfile,11/4/2002,-84.2966666667,33.3794444444
